:0200000470A0EA
:200000004D4D4C5001000000080015002A00500180004000050020001428030000000000ED
:200020000000000000000000000000000000000000000000000000000000000000000000C0
:20004000636F6D655F686572650000000000000000000000000000000000000000000000F9
:20006000676F5F617761790000000000000000000000000000000000000000000000000099
:20008000726967687400000000000000000000000000000000000000000000000000000042
:2000A0006C6566740000000000000000000000000000000000000000000000000000000095
:2000C0006E6F6E650000000000000000000000000000000000000000000000000000000070
:2000E000000000000000000000000000000000000000000000000000000000000000000000
:200100000000000000000000000000000000000000000000000000000000000000000000DF
:200120000000000000000000000000000000000000000000000000000000000000000000BF
:2001400031C88C3D9815BF3D44E7193D233CBF3D4C2D053D3A9A9A3C7B2B97BC8B7AC9BA72
:200160000606813BBD0356BDBE1E8FBC2F89B23D058E303EB0774F3DFF214B3EC6E1773D5E
:20018000A2B94B3EA9D9E93D138A1EBE9AEC473B55B67E3D465708BD84CA0A3E3BFF883D95
:2001A000E270013E0DA3283D5ADE62BEECF3F0BDC2D048BD184B17BEAD829E3D3B0879BD63
:2001C000DBA9023E93572F3D2FFB79BE04E913BE3CC656BE33E528BEF2DD26BE5B191DBED0
:2001E000E1AC68BD851FC4BDEC994F3DB4B8033D72693F3CD51DA33DFABEABBC4B82FA3D20
:2002000095F44BBD42FBEA3C937A29BEE22C803D4F3C6FBEA3EF793E33648C3CCC9B163E10
:20022000913BB83D0A5E3D3D2F5CE53D1961B1BC4A1565BEC602C73DA96AC23CD6FC7F3D9A
:20024000E6D7033E41C27E3C8674283E38CA79BD27D481BE5F2C6B3DD65635B8E102383D6D
:200260007CE2F03DAF1F8ABD2B4B683DDAA6DBBD88BA5ABE30169F3D153727BE7EBCC1BB48
:2002800085C2F6BDDD1400BE89D93B3DCE0813BE7062913D6BCD48BD47616B3C0C6D81BE50
:2002A0005C88B9BD029944BE4A4CAEBD70E079BE39FE05BED28624BE89414CBEAE558D3DEA
:2002C0005B79733CD077733DC3F08FBB7F6805BD0E226DBC7463EF3C335236BE807DC63C2B
:2002E0006F9BA6BCD6D2033DBE4A803C23B2AABB19A3E03CC27882BC2A9F9ABDE7B13C3D2B
:20030000BE464FBDBA07E5BC6CA38B3A99788DBB5646C73D4F053EBD43B9B6BD0F73F9BCA9
:20032000AB2505BE412EB8BDFBFB33BD8805AABD95013B3CCD56B6BD1C0473BC75ACEEBDAE
:2003400003802EBE5815A43D5F6F2EBEE972BEBBC75C8CBECE34F2BD6A4E8FBECD2A4CBE2E
:200360003E04B3BE50A24DBDC0B633BE69CE013D98E101BE8C4A923C2E30D7BD3C4E423D1B
:20038000A55E92BE936E83BDA07DA5BDC15D6E3D5273F33A5E59063DCFDE02BD6A46A33D99
:2003A0004D46DFBD0DBC1FBE7B37663C468602BDAFAC2E3DA0ABE53D57BD093DA78CC33DC9
:2003C0002AB0D53DDD69D2BD35E5A23D8A53DCBDC86D2A3E43BBC43C1A413A3E6639C03DE3
:2003E000F8F1153EC0A0773DD3AE32BEB690343EDE96D6BDDD378BBDCFB13ABE11CF53BEB8
:20040000E55E6FBE1CB13DBE704739BE67DCC0BDEE87E4BDB7D795BC729399BD90CEBC3B91
:2004200049E75EBD6704F93DAC513EBE180406BE191964BD8FFC65BD1F5DE33985063F3D58
:20044000A4C7273B574B053EEC28B2BD0DA33CBE4EF4C13C45589ABDFFCD863DB8AEB23DA6
:200460005A8475BD5A14813D27C4513D998321BE89775D3D6E091FBE49CE963D472F37BD8A
:20048000C474F43DBF250A3D142B0A3E6AF7B93BB8F037BEB81A913E804DE3BD3F4D103E67
:2004A000311CBBBD7AAC28BDB6B4B8BD44EB94BCC08681BE446FD33D80C5B1BD2CECAABC95
:2004C00096BB22BDEA4F073D34188E3DD4CF9B3D202694BE1C9786BD3B5F14BD6A3B34BD4E
:2004E000861CE53D351B283DD57EB53DFC312C3D5AFB3EBE9285D9BD1986C6BC7E5439BEC0
:200500003874DE3D70149ABD38DD233D410C83BDB175CDBD6BF600BE0B73F5BC0F301CBE20
:200520009C40393D056098BD79239A3DB03F1EBE04541B3DDEC1EABD869883BD9E5E43BC22
:2005400099410A3B49144E3C0E116FBB8CE84B3DC6D23DBC14DA293C99E6F3BD6C1CEF3D89
:20056000BF7C333D639F103EF7BDED3D73C51B3DC82F103E5B6C333A0B1659BEF85A233DAF
:2005800054BC633DE20C5F3D86B4343E2D9AF3BB4A8FD33DD0838A3C708886BEB16A32B9BC
:2005A0006E1F9ABD5D8863BDF0E76D3DF5179DBD52809D3DD218D6BDC8E1ACBEE1B5873DD5
:2005C000125D23BE490BB9BD7513FCBD7B8426BE95E1D4BD4A968BBE602D343DE069B5BAF7
:2005E0006CC201BEAFF1973DDA0E87BD21619D3C61EB53BBCE2D31BD412CC5BC97422BBD21
:20060000904C5FBE8ED9FE3D4C137BBC041C8C3DE72AD83D1EA48ABCBB02823EA8A48CBC81
:2006200032E090BED4906D3DB284473D39B7243B5C0D2E3ECC92BA3C449D6A3E42FE55BC40
:20064000B2E49FBECB5331BD152778BD383C3DBD341B933C58CCD1BD7017C43DD1B4D0BD52
:20066000490F9ABE3C1214BEB54445BE73B03EBE460148BE852395BE18C794BDC9B1A5BE3A
:200680006FFD68BD044E4DBDD592C7BD61D2B6BD548B9CBDC5B496BB1C02B9BDABF735BCB3
:2006A000EDB289BD5843C4BB49D5213ABB2A123EB6F1FFB7F051353D2A34813D143F973B3C
:2006C000F03BD43D536DAD3C50C594BD4005573E0169993D5D586C3BE37040BDC681D73CAF
:2006E0008D198BBD1FD3D73A179D20BDCF4A3F3EF3A93D3DD2C6773C4300B3BD23D541BDD8
:20070000B0E567BE804E273D1FF3BB3DBD65003EBBDF98BDB2CB0F3DA7E45FBE30A81D3BF3
:20072000DFEA8CBE1238B83DE14A8FBD589244BBF9D5A53D1188F2BD4AF68F3CB843B73D15
:200740006A99BCBC9617013E8560ACBDF561FB3CEEEEFEBBF848243EB4A16FBDD5F773BDA3
:2007600083DF0FBDA67F89BDC9BE83BD2ECDDCBDD56FEABDE984493E25CACEBD0576DBBD19
:2007800023C64EBEE13DA1BDB51283BECD9D77BDCDBEC2BD53B2C03D2A2559BE331409BEC2
:2007A000792DA0BE837FD7BD3C93BDBEC981D6BD9C93F3BC0CAC4E3D8AF419BEB0F5F1BDAF
:2007C0009204A0BEC075C9BD0A34D1BE32B70EBE1B89723DF2D48CBDB6B3B03D47D909BD4A
:2007E000AC551C3E1D4E04BD81F5AD3D12A34BBD15724E3D18D8C4BBA912D33DEBE79C3D5E
:2008000075B54B3D7185F7BC0AC6F23CF0A284BD6FCE5E3D36B68ABDCA97B13C47EB0E3ED5
:200820002C251D3BB04C83BDBA0BC63C6B52BBBD8A85813DDAF102BEB0E380BD3DDC323E26
:20084000AA428ABA60FF07BE05AC8CBD35FA1EBEA10FF3BDF0853EBDA3B59CBD4E16BC3D61
:2008600042B6FDBD38139B3BECC1CDBD5EC7A1BDA36AF1BD689DA63BA34281BD86D1D63DBD
:200880009FE0153DBDCB3DBECE4092BD680103BEEA04CA3C46581B3C22BFF0B9A12F063DF7
:2008A0004577A73DAB290E3EC0F8A13BD1BC323CD271F63C51ED7CBD7051883D8253313D34
:2008C000412BCC3D78D8403EDE23843D0BB14ABCDD2F153E0F885BBDA41C873EA9E1EC3C0C
:2008E0005096273EDE498F3E29EF1B3E2F03773C4474613ED851B53B7A5A823E91148F3DEE
:200900004182253EBB9B6C3E37FC123E932EBB3CE0B4583E8F6F133D2A5D963EDDF82D3E63
:200920003BFA0A3EB18FA9BDB52ADA3C99F617BDEABA233DEB559EBB6D79983DF66960BC69
:200940001082743D694C8CBCC6B94D3DA8492A3C1723063EBCF585BD6800113E964302BD37
:2009600099C1C83D66B5243D5340E83D3CD7D03DBEC4283E4B7008BE9B8E4F3E81F4C8BDAB
:20098000AFE6703E28AD26BD53A7253E5F62E63CBFD5273E04F355BDF9988D3ED8C5E3BD81
:2009A00094D17D3EC7B9D3BCB040E13DFA335E3D5D35273E8F09A0BD5178833E0E9775BDE5
:2009C0009744BF3E578C193C0F5CD83D24C382BDC4FDC63D66F2163D0AEA923C65DC6B3D47
:2009E000A9F5103BD841813D471B2FBDACAE2EBA900698BC6BE0EE3C068202BB4E3C703CCD
:200A0000EAA8B4BB6F49203D67F19CBD90AEA6BC32DFD9BD852513BDA46198BDFBD51CBE4A
:200A20002971BFBD2BE51ABEFA4E08BE2211A0BDB0AFDABD4EFFE6BC290F0C3D461343BE5A
:200A4000510B6FBD8FE3D9BD0B97DCBD767C9CBD324B60BDC36810BEAC6E27BC8161EDBD64
:200A6000389C333BF13DF4BD99902DBDECAF44BD93F199BD59BB953D069A38BC07B2A93DB3
:200A8000A634C1BD148EA43D7358B9BD2226433D3152B0BDBF5F0D3DB947D6BC74C6133EFD
:200AA000B7A748BDEDC9733D4E16C6BD705D43BC7A0CD7BDB64900BD25529FBD55241D3E3D
:200AC000755C3E3D5EA70739D28CEBBA2B15CFBD951F33BE879D2C3DBFE5CD3C6A5A123EC3
:200AE0009735383D66D6EBBD875557BDAADA6CBB208416BE2344E83C1E0C543C33B7863DCC
:200B00009C71943D7275A5BD4C6BB83CDF39A8BC478CB4BD924F5B3D252A21BE17E22FBEB6
:200B2000D74D74BD483CBABD47E69DBD893A06BD8A61BDBD11A2293CD074F2BD8FFD7A3BA7
:200B4000F3A362BC7C071E3E71E3C23D6FC18F3D06B7A3BCA2C0B1BC43FF4B3CD30ACD3C19
:200B6000EC8C1ABD4FB95E3E4974123EFCE1FBBC07A0F93DE94D3A3C2F38463CF5181B3E09
:200B800028B626BDB2D52B3EF5FDC33DC1A23A3D941CC13C6CDB433DE2585FBD3F19263E52
:200BA000C92ADEBCEF12003EAFE1883D9662B2BB775B4B3D7016DBBC4AEB8FBCE619143E67
:200BC00098DF573DC457FB3D1F658FBD7E06F2BD130F99BD347614BE1D9906BEEF41E1BD78
:200BE0006FF5C6BCA5BA57BD5339E2BD983C64BD81ABDABD6C49353C98AC0ABE26C5F7BDE8
:200C000052A103BE8418FDBD0244C0BD91BFC4BB7D98F2BDE6FB44BD9EC607BE6F3009BE03
:200C200033ECA4BD2564C5BD7CC227BE7FB33B3B07EABBBD2EF61EBE88C41BBE28A25FBEE9
:200C40008CA7C5BDD6B83BBE35CADDBD58FFA63C9DA730BE948001BD9C6F13BED24A91BD3C
:200C60002213C1BD514F21BE0D5E2FBED2CE893D4E466D3D08CA07BE5C874CBC49429FBDDD
:200C8000088EFFBC967D0ABDE827C53C90BF813CC618A03C449A8F3C526C3D3D1086DFBC41
:200CA0009491DABCC44586BD2DC0813D77A4B1BDE986BABCCB29E93CEE51123DF5F8083C3C
:200CC0006CAA09BDB8650BBE17C9233DBE2804BD771BBC3C0EA3533CA7A20B3D41859DBCF1
:200CE000F447133B7E900CBEC575CD3D963A07BE2CE093BDBBE6893DC0265D3D201B5C3CA4
:200D0000DDD78B3DB7E676BD11363D3E422CE5BD08ABDF3AC817473D3867463D9317B73DC6
:200D20006BC75E3D6C428C3D4AA7423DC480F73C382E493D6294003E1FD6053E3C88E7BBCA
:200D4000529F453DC4AF0D3E7E38053E4E8C643D8F2ECF3D30E9933C9891A53DC00DF13C38
:200D6000789E093DDC78AF3C4578023E1D4817BD55EE283E9F1721BD1AEB723D96B6513DD7
:200D800069F43F3DC6999DBDEC7B2A3EDA6C26BDC9F53B3E29ECE33CBD77DABCBE45B13DA3
:200DA000869BBF3DB6E182BC8E56453EB4B095BD9FD6543E49F936BDC820E5BD4AF0923D55
:200DC000E6E5123D5BEF903D47EE0D3CE2F87D3D6AA8913C5914ECBC8329B13D5E4D8A3DD0
:200DE000093AB53D902F03BD9D5D47BC5DFD843CB0B25A3D6E77CDBCD8B7BC3DA47D30BD2B
:200E00007568413DC3C9CB3CAA208ABC9DF345BDACFFBF3D8D2CA4BD1761B13D76D4F3BD21
:200E200094ECF9BCFC09B2BC1FAA753DC7D30DBEB5B5123E98E006BE7024673EEA5866BD96
:200E4000CC5CB4BDCF3AECBCE7977C3B5BDAD6BC30BAF43DEBFBC7BD648E823E509AE6BD88
:200E6000C566A9BCC86FBD3B92AAD0BD434F5FBEB2B0223CCEBE10BE966E843D531F11BE1B
:200E800075EDF53DC1F485BD9C1A903D103F29BA429A593C3AF67D3D0367963D78C4623CA0
:200EA0005F971C3E31AAD53B31D6033E2705E23D52A20A3E557E33BDA846633E1598A4BDC8
:200EC0008FF62F3EED75D43C9D84203E257CAE3DD085493E2DFB71BDAB52723E8181353C51
:200EE0004B93963E6363C73CF8FEF93DFBB2843DC7A4913E50F7353D58E0B23EEA8AADBCE5
:200F0000E35BC43EB2E7903C6AE332BDC55778BED91FD0BD78BC22BDED37D2BB1A17ADBDBA
:200F20009AA894BD7ED5B9BD342AF83B651BDEBD52AE23BC578F813DBFD05F3D8475E83DDD
:200F40003C128F3B07463E3D041BCA3C4E239E3D24D69D3D7092EC3D95DCA83D98EF723DB5
:200F600043F7233DBEA1A23DD6A092BC58AF1B3E35C4833D1A213A3D6DD0183D7EBFC93D35
:200F80001C15EA3DCDCFE33DDB500C3E4FC0283E3A379B3D0A56D53D72390B3E631D883D5F
:200FA000E8D8F23DAFD7AD3D06BB133E6733053E6E29DB3D29CC133EFC4390BDB4F78B3DEF
:200FC00051020EBDC21C553C4BC3EF3C7D3DC0BC1F645EBD7643B3BCD38E80BD292D673BB9
:200FE00033F8CDBDFFFF213E12F193BD1448143EA8E5FEBD86404C3EC946DEBDF377FFB97A
:20100000F4D137BE707CBB3DD9AF58BE03F9B43D8A7172BEB035863EE3A7F3BDF4A702BD3F
:201020003D1AD1BD313AA53DD20824BEC62B963D2C6D85BE263A623EE2DDCABCA2C34A3BF3
:2010400070BD00BE4BBC943D96951BBE6BE7A63D1FC12BBE0AAD483ECD07FEBB05CDABBBC9
:20106000548FD13C31FC813EBD886C3D27D9463E8AE1DC3CD771963D4FC6983D219A883D1A
:20108000B137EDBD63A9163C399F34BDFE78063EA4A3B9BD3E912B3DB03FBEBD09940A3E9A
:2010A000E33578BE449FB0BDA2EE6ABEC57F22BC588458BE6F21ACBB6D5388BE3814E53D5B
:2010C00056ED87BE659746BE56F469BEFAAAE2BD2A88A9BE9843AEBC3E82BFBEF16C733C2D
:2010E00078E874BE5F2633BE22B090BED3338EBD62F4AABE1ACCBCBD5F73BFBE2FE105BD39
:20110000A7900C3E76F7E1BD3D5CE6BBAEE3993C072684BD19DE883DEDC1473CDD5E013ECE
:201120002E2F32BD1B163E3E9914043EAFED43BD578F28BC65F5C8BC6352A3BD27D382BD35
:20114000BFBC0DBD30F0A83A3A04513E59B78DBDF760163E073A99BDFAD9AEBBDEE1DCBD4B
:20116000BD041FBEB9C0CDBDA2DA623EB211B53D6233323E0C2CE6BD36688CBD35F700BE4C
:2011800067BF81BEDCF45FBD02E1663E3302183EF13E6D3DEA3B433ADF24FFBD110F90BB47
:2011A0000ABB81BE1DEE73BD7561463CF21C33BEA401BFBBB384BB3C4AD99F3D935D403DE0
:2011C000C788D83C5F54443D25290ABDE744D03D661F763D644F443D0C04E83DCF501A3E13
:2011E00044FBF5BC7A56FB3D6FFE6ABDA132343EBD7C273E1789A93D337E243E8317823D8E
:20120000017070BCF9B4133D3FB20ABE7C87B63DC364B13DDDEA863D75C02E3DA97956BD11
:20122000CEFCE9BD0ACD87BDB93771BE10E545BDBBF4993D71280C3EBDA6323D7AC5F53C63
:20124000BD525CBEC35CCCBDB6E692BEE3D81B3CD0F14D3D0D478B3D0DA0303D5C56B33D9C
:201260004C4F5DBD7F47DB3D78D6A4BC2054033E7F1415BEB3A5403E8805AE3DB649383C51
:201280003F08533CCD52DC3D42C8C1BCABBED33D833DA2BD92631B3EF157083EA2738ABDE9
:2012A000FCFA8B3D0157323D20CC88BDF372DD3C2D0A1FBECAA6D53DD9F1263E9FDE0F3D6D
:2012C0002769ED3CB9C9C9BDF8CADABD63FF77BD3C3C1EBE88B09DBC62E69B3D4124033EB3
:2012E00027F97BBCB660C53C11A980BE1F66203DCE6D9ABE509929BDCF26B63D5616C9BD6A
:20130000082E1DBD0278C63DD4F190BDA42F8A3ADB0907BDFBA57D3DB93DA3BDD180A83D09
:201320000C53173E2E5529BD7322D33CD318CF3CAAFA833C0A2BE23D5C0EBEBD3EC7493ECE
:201340007FC96A3ED23B903CA7E2E93D14B38D3CF17A833D355A563D4F88E5BD5F2E023EF2
:2013600034C0653EF5A8313D1047503E81B6A1BBBF6AF1BC7E0A6C3CF1EA01BE23D22C3D55
:201380006191143E40C1F63C570AFE3D7F01E6BC92A3ECBC6A763EBD3FA68EBD187A9F3BC4
:2013A000C38257BD1CD2ED3B70D8063D2F921E3C4285D5BC8956ED3C780C92BD975DB8BC7D
:2013C000620170BD834DFE3C8808213EF821E43B49F6AB3D38581A3E18318ABCC9320E3E67
:2013E00038F730BBF0B8963DFF1B163E9E50913CDBE8D53DB46A0E3D8D28CF3B55B578BBF5
:201400003FBAEDBDD81A093DD480203EF3EA163E2247B83D32E639BDD8B7B8BA908516BDB9
:201420001524C3BD18845E3D1DCF2B3EC599D13DC324C83D558BB53DB317B3BDDC94103D46
:20144000105FF9BD0B22C7BBF71448BD2824F7BDBEE9CABD1D715E3DDDDCE8BC09DFDC3BF5
:20146000292885B90664AC3AFEBBAABC9E47EC3D13B90D3E7BAE333DC07CF23D11D8063E18
:20148000CFDE103DD44CD23DFF7784399D3D6A3DCB4FDD3D2AE9F23D0EF5F43D2F21B53D83
:2014A0009AB24ABD316265BC64BA03BEC91B783C4FBD053E59E5F83DE04CC63CAD75DBBC05
:2014C0006658D9BD88E34EBDC79660BE76714BBDB79F173D1AB0143EBAF7C6BBC169633D16
:2014E00095CFD9BD4D44ABBCF17739BE6E58B8BD03EBA13DD444173EA4EA9DBD9E9EFB3DCB
:20150000FBEA953D97F3213E1B82163B11C4023E3F0C14BD3CF7653D5438013E2E1DB63D2E
:201520003C28DC3D4832F53DAE996E3CC85BDA3DCFBE483DA91ACC3D9C41CF3DDEF5B13DCF
:20154000EAB9BE3D4B9983BC1CB8F2BB3E507EBDFA891CBEAAFA5C3D532D9C3DA87C623CCB
:20156000BF82D53DF228E1BCD4FF60BC348DAFBC8A5E18BE50DE6D3905FA583D7840173E13
:20158000E449BCBC72A15CBD1B0C99BDB55584BC038264BE9C94C2BB05BA463E805BA6BDDE
:2015A000626EEA3CE94F483EADC5D83D4A08803DD82C6C3D9875013D2A504CBCC9A2803D3F
:2015C000437EA53D4F16E1BA34A1C03D648BFFBC27672ABD8D7B5BBDAEA915BE95E90EBDE4
:2015E0001B5B51BDA0CF943C22E09A3C329C94BDF33019BE795214BEDC1B40BE0141A5BB03
:2016000083CE06BEA0B62D3D39BFA3BDA8AED8BD1F7F01BEE3076BBD7E4AA8BE306970BB51
:2016200042748FBD5B5D823D117914BD2092D8BD260660BEC134FDBD69F799BEE05833BDB7
:201640003383BCBC17D32ABC0E4AC2BDC691863E7EB37ABD5EA7B33D19E6A13CE39449BDE4
:20166000896B9D3DD9DC70BDB94783BB2CF7653EAF8AFC3CA797433ECD05033EB94CB23D7F
:2016800092AFDF3D2B12413D3FE8C7BD2DDB253E222DA13DA1059A3DCAFDBA3DBC09573D5B
:2016A000B7BC523E4FA18A3DA53052BD7D68C23D43160FBDEB593DBCFA71203D5426123DB5
:2016C0007437F33DC55B8BBCF3553E3B551583BDC974ADBB524638BED69EB83CE3212DBED3
:2016E0005F03D03DE4B70BBEA81CF7BD5B67F33DA92224BD2339273E4395FABCEF95853D6C
:2017000063AC613D6D9998BD2423683DF0FDB3BDDC0FDABC7F4C6F3E6E43B43BB8C4B33D73
:201720000CE7893D9ECC0A3AF6DA9A3D0973E7BC3A4789BDF455083E88D7153DB790F13D00
:20174000F6D2B33DFB1E993D1027163E4266D7B9EC6E12BDE5462E3DDE113DBD54CF303DE7
:20176000A101AEBB8936AD3B98B3AA3D8727C0BCF9C53EBD9B53F5BB173AB3BD3E4218BEED
:20178000CA658FBC4D0810BEB0AB2A3DFBA503BE71E28C3D96AA04BD6A1614BE7B1B9C3EAA
:2017A0000D6A13BE7649093EB3B931BE2BB127BDEFD58BBD7B3EE1BC0C0A2BBE78484E3E13
:2017C000D10385BD915A093EE638593C56422B3D9E789CBB5F9002BCCC51E4BCDC83EF3DAC
:2017E000A624D8BCB9FFCB3D1069BA3D05FE493DFECA183EC651AA3D3BF3643DD6263BBDF3
:20180000A44DB13C251F403DD04BB13DF5E894BABBE4043DE939C33C1142BC3D10400EBE8C
:201820006B2523BC1A2322BE9FD89A3D72BCB2BD45DD053EDBB093BC653CD33C34CEF3BC91
:2018400045A980BE3186A03E48636DBE1FEA163E0F8E16BE9524D43C51F6CABD1FAD1CBDE7
:20186000303C6ABE6550073E0ACA14BECCF5813DF0D411BD7104C43C035DF93CF6682B3C54
:2018800039CE24BEB8D38C3D20264FBD352F4C3D30C90D3D01841B3DD08F393DD5DF10BD56
:2018A000719ABBBDE43625BD698DAA3CCED5953D9004A03D6617283DC9D7713D0CFB14BDDF
:2018C000EDA0713DBEE731BEB9B3123D6FC55CBD1F03353DECC5093CB0CA073DCED1663CA8
:2018E000820ADB3C378B48BD25AD4CBE1745603EFCE10CBE8CB6993DAEBED2BD6FF877BD53
:201900002E22C9BD8E793DBDEEC134BE7348D73D6CCD9FBD2FC3973AD2892EBBE4E8C33C19
:2019200089A42A3D0B3B1BBD1789E9BD5DC6AC3C061D44BD09DB1E3D2334A23D3E763C3DDE
:20194000864FD33DAB1C1C3C32D8ADBD0F76BFBDBDF509BDF2B2703DCDD5803D6DC0D73DA5
:20196000DAAA483DAE58263CCAEBD73CA92B0FBECC7F80BD44E4E7BD73E1C1BCF23516BC6F
:201980005C23123DA302E0BBF4B5343E19DBD3BD09FD30BE6E87313E7F9A11BECAD3973DE9
:2019A000975B06BD0088E23C6C655D3C122B59BC68C561BE8E6D893D3365CFBDC807243DAF
:2019C000831BAC3CD0B2E1BA29F78D3D499325BCD35E77BEE99ADCBC6100D1BC1B86ED3987
:2019E000E767993D06FE1C3D57E3003E987415BD227046BEB7EAA1BD19B6EFBDE39749BD80
:201A0000C6B8163DFA5F04BC902DAB3D856BA3BD8D73A1BDEF860EBED703F8BD67DBFBBDBF
:201A20003B3BCDBC4B4C05BE9F92093D4F4908BE263C52BD7B9CAFBC73DA60BE9B01833EBD
:201A400016F841BECFF5263ECFAD15BE9D36133D9033A7BD9EB7983D88567DBE1004F83D2C
:201A6000C4F3ABBD8AA8783D76B5123D92E1FA3C8B102F3DF4F877BD4C523FBEE0D8E1BB27
:201A8000D3B47ABD7769803C75C7243E5B4DB93CA349093E81E0A4BC54BE2CBE25F80BBDDC
:201AA0001CB013BD975022BD810ABB3DD52A93BD41522A3E62993BBDC3A5E6BD000A5CBED5
:201AC000A86B06BEAAF005BE189294BDE2CA1ABED88F97BB431802BE363C9F3C361C003EA2
:201AE000FF3C51BEE4F4723E72764EBE29EBED3DE47C04BE7BB031BD878D7EBD638789BD28
:201B0000230484BE027EAE3DB3F416BE034DC13C0DB4363CC74724BDE183A83DA4B3ECBDBE
:201B200074B17BBE070E8B3C996681BDD08D4ABC13BA983DB599B2BCBA3D393ED80A33BD2D
:201B400019B097BEE43A52BD2CB31BBE41B801BDF1C4CF3CC4E2C1BD53C4493D14AACEBD01
:201B6000BDEA67BE608F56BED42C02BE85D44FBEAE8D93BD189E95BE2FAF0E3C422292BE00
:201B8000C47C71BDB200FA3C4DCBC4BDB883A8BD2DC79ABDB4B7363BDF8287BD538DF03CDE
:201BA000784ADB3B610EA23D46A3633C4244AC3DB4DC133E3AF5023E1E680A3E547043BC27
:201BC000E28B4F3E38BA173D0180C43DE4F5B23D0B29F03DFAA96B3D1E0C8A3ED165F8BCF3
:201BE00004EA953EC338833D850C193E66CD863D4B09363EA3100C3DF5D09A3E7D530F3D0E
:201C00002B549F3E4CD07A3D710E083EEC27BD3BDD4A3B3E003051BC0D529B3E10A443BDFC
:201C2000D76CBC3E83769E3C4B3503BEA5D3443D45D3C9BD98FEAFBD6BD03BBB0941E7BD9B
:201C40005A4BA73C3E4AC6BDA5FF283D85FE28BB491A6D3CCA025C3D4B31F73B7E6DAE3C8E
:201C6000F68B4F3D3DFE50BDAD53CD3C7689DC3B8277333D85E5D33D5231293CB476CB3CF4
:201C8000C6DEEC3D39CB41BC9721F33D34CF273D9EC96A3DB981923DB5E0DD3D373C423D6F
:201CA00013FFC73DB8DA0C3D8BB2373EF0D7643CD8B5F33D4EC1FF3A47C7103E1506723DEF
:201CC000F12D123E582074BD9A26523EED4427BDB6DF823D1B5AC4BC5F8882BDFE690E3E66
:201CE0006F3396BCE2B40C3EC703FD3B166B313D8DA191BC692EB53DC47CCFBB64E8F63CD3
:201D0000810EADBD8E1FCBBC42AA89BDDE5273BD19EF9F3CBECCFDBCD889CCBD90C6DFBA05
:201D20003060ACBDBA4145BD91540EBD86C242BDB72EC9BDB85ADABD4E5D95BDF222E3BDF1
:201D400047431CBED21CD9BC0CD388BD12EADDBDDE0558BDE6D4B5BD30DB17BDDF35DFBD2F
:201D6000197608BEC663D4BD85CE0DBD1A4CB6BDB42168BC63F3BCBDC2738B3CF88375BDED
:201D8000C218173CC8DE5D3DCF31F93C23EADA3C63BB5B3D7B3DC53DB0FD0E3E38F3053EA7
:201DA0001EFE1ABDF1B8883A639508BD46B5873D2000183C0825213DBFBBBE3D8B174D3DA9
:201DC000A610613C95E7A3BC88F5DC3C2365C4BD85143E3C925769BC1F7A843DC1F8E4BC63
:201DE000786201BDDCC8BEBD2B460F3CF133BBBDB716FC3B74044CBD3A71823D575725BD55
:201E000087F154BDB37368BDECEA04BD9BBDF3BD27DAC6BD8A76A3BD7329033C9AE868BDE9
:201E2000A5DD943D597E31BE2D0911BE8F9E18BE0E7A08BD275518BDBBCF203D8E0218BD97
:201E400019332C3D7A7CFEBD191D99BDC763953D0A73713D0B2E66BCF2B9053E40CA703D69
:201E6000641AA73D3B69953D3D601E3D63ED573D4038123EA7F54C3D7AA0233E4894FF3C2F
:201E8000241B313EEFFA313DE2D3163DCBCCFE3CA17EAF3D621EDDBAA8612F3EF6038ABB8E
:201EA0009ED9073EE7FEB53CAD8B123E7E74D83CCA8C193E1412B7BCC9B6E23D2620CEBC4E
:201EC0008C4F233E33A806BCE6385CBD566489BB03E784BE7E7E11BE884814BEA56522BE71
:201EE0003DD859BD9C610ABE087A573C33F418BE9F392FBD9503ABBC18F77DBDAC2964BCDF
:201F00007E9A1A3D221537BCFE5C0BBD85C52ABCD9A431BD5E9A793D80BA33BD519D28BDC0
:201F2000C14FEF3C2D82ACBD2F469BBD7486213DFC075A3D6D16003DA14A933D700B7ABD62
:201F40004FD6BDBC052A3CBD4EA0D3BCF54A513D10D7BE3DE061E13C29CF463D4720FEBC95
:201F60003CC8183DCD0AE63C92E4CBBD4CC9AD3B231196BDE389CCBC18D325BED075DBBDEE
:201F80001E16C5BBE1B2B3BD4DBDC33B343BD0BC39DD103D01D03BBDBDB30CBD3027E33DAB
:201FA000A55D81BD0336D83DC1E1ECBD0ED8273CE7587ABC9F194C3D0F0BFABD2AC7003E49
:201FC0003BB114BE9069D33C26C161BE94C2433DA9B88DBE0D65D83D6B7567BD4FC0DA3D02
:201FE000C70727BEC199313D554A80BE3A393D3D0851A3BEBA16D43DC5ACDDBD46D60C3E90
:2020000098662DBE3A2B9D3DC33B56BE20A1163D32DAB6BE25F8433D8CB8A5BD39CD86BC67
:2020200032B748BDA47A833D07366F3CC902033EE13DC63A39D8793DB5D7203D8551693D96
:202040001B54A5BD83C8253D57A508BE9828803C6E19C1BD1586B03C0941BBBD4C14893D50
:2020600044A3DDBDF3DBBC3C1A645FBEB5B72CBDE8D068BEAD469F3C93FA88BE82145B3D7C
:20208000CC7E3BBE768FBCBC73D460BEE87171BD5A7D9CBE570E44BDA008B7BE3509863DDF
:2020A000E1561EBEFFF4E6BC23ED54BEE3121BBD722FAFBE415C96BD3002CEBEE9412BBDBB
:2020C0001E584B3DD2D3B53D06B9BE3C0A39DDBD15CCA83C3E13083BCDD1503C3E5D2CBDCE
:2020E0009C76713C1BCF90BD813BDBBC1A146C3E95A30EBCD824FDBCEDD2E43CB61836BD68
:2021000035C63CBD1244E8BD956DD23CC0209C3EBAD2BABD2EB949BA831EB2BD61D3A43DF4
:20212000FF06F0BD67860C3D78D0F73A500DA93EB44641BD941EDE3D667CD0BD01851D3EE5
:2021400046F2FEBD1CC4F83DE96CC93C6677793E4E6EC4BC7D0EB5BCF24A20BECBEE283C1A
:20216000B14940BE99A4993D5275DFBC91F778BC3BC8963DCE8921BD8EF9863D88349D3D4B
:20218000C6D6983DDAACDE3DD74AA63DCF378BBCA38C083E501C3C3E2826D33C97AC67BCBE
:2021A000702798BAC0B0453C5142673DF272CDBC5427023E8BAB723EC4139EBB97659B3D7C
:2021C0006E9DBFBD35DAE23D41B757BDAFA2E13DC66CAA3DF998783E9EC1A5BD4E40803D63
:2021E000923855BDEFA2D83D772FB0BD08C8183E7866423D7A26C33D5A9AFDBD32E745BD5E
:20220000EFB6FEBDDD564B3C9A1369BEF7C3583CAAEA433D2705BEBC474F1E3C01AD3C3BB3
:20222000E915E9BCA9B3033E589A04BD3291153EC4BD1CBCC527BF3C9F48863DC011C43DD9
:20224000487D233BED27A9BDA0D4903DB42961BD3785AB3D0EAAF2BCC2C6AC3D2F52143E57
:20226000B0B486BCD991D9BC61789B3CD5DE983D20F2093C0DD9743DCCCAFE3D5CE2653DE2
:20228000A1D0B13ABEA6943DB7DB9FBCF5E7B53D9D82C0BD714E263E2ED3043DED7001BDD6
:2022A000C95084BC0CBAEABD69519BBD623482BD56ABBDBD86E3CFBC4A137DBD439FA53DA7
:2022C000B8A7003CB298B13CC0F50FBD2F434D3CAEE1BF38C4D6C63D5936F0BC60E48FBCC3
:2022E0002B8F9C3C71F8F8BC5272603D63B3D3BDB83D423DA65A61BDF64BCDBC2B9CDBBD6D
:20230000E7AB333D7980B23CFCBC02BC8D72983AE58383BC33DD493DDD8BD2BDC852833D7F
:20232000F724003E477DA23DC932DDBCCEC3173DC823FABDFE2B903D2E1C29BD42AFC13D71
:202340002208CE3D4A910CBD89656BBDE80083BC47F5ABBD38EB59BDF57C03BEBA2F67BD4B
:20236000FC97D43CDE690BBE564BC4BD26CC57BD78D5EFBDAA2B09BD21F3ECBD1B9B043D3A
:20238000CB97AABD03FFA8BC763FB63D0883ADBDB8B0923CBE1B1DBEE1EC4B3C4BCB82BDDE
:2023A0002DC1073D76141DBE6EAECA3D05F8AE3CAD5A14BDFB2ACA3C118120BD42ECD63DC9
:2023C000FF94103B18149E3DC050263E0260A13D3384393C5014073E615B72BDDFE8233E7C
:2023E000856200BDAC94DC3DDBC70E3EFDC25A3C7B2D943DC9BBD13B8B92B7BBF298063C39
:202400002FEA87BDE7978D3DF0503CBE9A87133D4D761A3D8E6F26BE7E91C03B01DC79BD54
:202420008AEDFFBB43D9C8BC50AE973C32FC38BDF40A573E54B68CBCAC00503D644746BE0A
:202440003C74983D1E84EBBDFEADCA3DBCFE10BECCB26D3EA1A525BD949DD03C5BE819BDCC
:202460005700553DA519493DC0B620BC0563013DEC89273EA73F72BCFA53063D9352AD3DEA
:202480006E75C23B494CCD3D6946FD3C3242BD3D5171B93D4B5B3FBD6C7F173D3BBAFBBC22
:2024A0007E4C1FBC3E90B63BAE0BA0BDC000503DCEFF02BEC7B1FC3D94D1873DFF35CBBD32
:2024C000B8D6C73DA171A2BC0C7E9C3DA5D185BD8802A8390F6595BD969D3F3E094BDBBD12
:2024E0003310853D02EE05BE625AD43CD37C42BD2D01A33DA34DAEBDC983713E9117FFBC43
:20250000A0AC313DA4F22A3D1464503D2F624F3D433B14BDB92ECD3CDCB4213EFF18DE3C83
:202520008339693D7126DB3BB2074EBDFEAE1A3D202437BB770DD23DEF4D423D83CA33BE03
:20254000A0394CBC2B4707BE5C5BB7BDDF805FBDA2D4BABDE9BCD13D3DA1ECBD7B39C0BC66
:20256000C97614BDA5FE2BBECFAA47BD339411BE7259C3BD24949DBDF0E981BD2244BEBD57
:20258000EAE9D53D373766BBF2920B3E1C3DA5BDC99BA63DADE5DCBD20EA7B3CF058DFBD28
:2025A000192F313EA5FDAE3C42D1AF3D18FC87BDC005F8BC0EF7F8BC169F173D3010D4BD75
:2025C0000C786F3E0FCC323BD8ADC43D1F7F3ABDD9F3BA3DC7ED48BDD2CC3BBCB751B4BDDD
:2025E000CAF2463EB42121BE9EA9553DCF4541BE2558BABC932125BE28A17CBDE556ABBDCC
:2026000058ED393D8571ABBD05631ABD573784BE2D7ED73C442047BE5DB138BC2D0538BE41
:202620000F8032BC0E38DFBDDA49EC3A646C1FBEC9D2A33C964F4EBDC031EEBC61DC8EBCB9
:20264000461365BDA176CA3D5A96043DF42A9EBCC499D9BDC428B0BCFABCEDBDF22EC03C71
:20266000137216BE3EE1C33D285678BDF172993DBFB202BE6ADB453DAA3A45BE1CE02D3DB1
:20268000BB480CBE373A033ED6F24ABC52CA043E4B90E1BD6D3CFB3D2ABF63BEE1092E3ED5
:2026A000D9A665BEA907053EFE5FFCBBA5389A3C20F9CB3DA4BAF13B02AD543D312D45BD73
:2026C00014F2E13CCC0B6CBD4A454E3DE39FEE3D82EE873D19A8F1BD0C19613D37AFA3BD64
:2026E00054FE11BD6ECC883CD7298ABC98B3263E5E97813D34E940BDEFA461BD89771B3DF1
:20270000F9AAB2BDF5E4FA3D493F8CBD0408423EF9F481BD20F6A03C84FCE4BC06D1EB3CFF
:20272000F0E89EBC760FE03D40D462BDC31F9F3D3AF826BD07CDBE3DDDA550BDC6D6FD3C8C
:2027400075FBCCBDD9B5EC3D8EBBA5BDB798F33DC3D7173E5DF1D63D044ACA3DB521933E53
:202760001FB2833D68AA853E1784A73D7660F73D3272C73DE1BB453E09FAB53D33ED88BD49
:20278000D65B533D71D4A0BD1864793D85339F3C7142E53D2541E83DFE9DC13CFBE4DFBD9E
:2027A0006CB7B53DB5C10FBD8D59D13DED3595BDFDE8093E03E9413DA23D893D77E97E3C05
:2027C000A2F9513DEC6B11BEBCAF033E0144DCBDB8ED0A3E7925DDBDBE0015BD3AB45EBD62
:2027E000C94BA0BAEC0D60BD5814E93C8330FEBD32BA033EE8262FBD62914E3DDA2DEEBC00
:2028000033B1823CD8FAB43D76DB873D9AFFA93C0E5B11BB87E275BD8EBF3EBCFCCFC63DDB
:20282000F770C53D4D8E6CBD847EFCBBDAC6A83C2616203DDF47B13CCEB2DF3C32F1313E15
:202840004ED5B23D394A8C3B1D98AD3DDA4A69BD658A083E94FDF2BCF8B5BA3D88B4A63DFC
:20286000BFE42F3B766947BCC720033D7FEE07BE963E073E5D81C1BD5CDEF33DED94B23CC2
:20288000CE3ED3BBD01BC63CA422ED3DA24E3BBE1D5F183E3D8BFDBD37B1823E52BA0ABE08
:2028A000C8780E3E002CE3BDE3753FBDE6200DBD0B9E8BBC0360DCBCA978AFBC265132BEBE
:2028C000B746E63C3C72B2BC7C412EBC03762BBD558575BDA4BFB03DD4E772BB39963E3E26
:2028E000661010BD4525AD3E8F34853CA429B43CD403553998F7053E73D634BDEF142A3E23
:20290000B66E2D3C783A653EE48C8BBCF02AC73DF78805BDC92C8D3D8B15C03D8EE4583D5C
:20292000BC64013EC282043E132B2A3D4EEF533DD3FD8E3DAFDC993C768C1D3E103D01BCDE
:202940005456143E3BD5A53DD586A4BD8818553D15867EBC9DA06A3D2CD4953C4CB1AF3D28
:20296000CB59513CB0BDF6BC10DEC03B8B3C9F3D2C22523CA974D23DCC18F73B2257E33D44
:202980005610EABC54092B3E4167BABD777BA73E83F7933C5BDDDE3D20226D3C8E80023E9A
:2029A000036B6CBD587F393EAC3947BD1CCE923E9353413DE4C6F03DA0BD2DBD4138C33D94
:2029C0000F31B83C003F0D3EE6B5373CB3D4703ED61E963C97F4243ED470E93CA220763C66
:2029E000F15A09BD1B2796BB770B763DD2D0FF3DC452E3BDF031043EA46D9E3BB564843E42
:202A0000C36AACBB1C868D3DC3E2033D877901BD1EA3AA3C30D719BDA106DCBC547656BC74
:202A2000E914313C0828F23BFA8DA2BCF192B3BDB6DF23BD8ED220BCF52ED3BC2E3E55BB18
:202A400020E170BDF67B07BD5DEE76BDAF4BBABD35F828BCD457D6BD836D933D96278FB990
:202A6000ED2E363D7DADF2BDB99600BD9BC550BE7D47873C5830DCBDD8AE503D6C937D3D01
:202A80001EB8193D338524BE0BEFA93D254728BE3D7761B98CB610BE121C0DBDA5814ABE3A
:202AA00039CF6A3C3219793D9BA3F4BCB4FF563D798BA4BBE019C8BD13BE38BDB4A6E2BD93
:202AC000B0EA5C3C4ADC0DBE560DE6BCE4633BBE1601B8BD10708DBEDC4FDBBDC2CB8DBE9C
:202AE000BA4AC43C1EE1EFBDD8789FBDDE733ABE476751BD89DEB2BE007B8ABD10EF97BE89
:202B0000BAD75B3CBB2B05BDC913CFBCFE0A82BEDB023BBDF2E5B9BED44318BD22CDB5BEC5
:202B2000173CE23DE9799D3DD7C9303D96C1E6BDB5D925BD3AA704BE6794D7BD5F9635BE56
:202B4000BFCD5BBE3386C0BC1B4F053E857B18BC8FDA6B3DA2BF143CB43C853DD8A8153ED3
:202B60007E7F88BC3E61803EB9A1A2BB22104CBE07B44D3C22FAA53D6EFEF6BD1F96963DDB
:202B80006464ECBD9264F23D9B55F2BB0CF613BE71304E3D827E99BC10432BBDCA48BEBCE7
:202BA0004150F4BD49B6023E8E3B8CBBD3B09BBA67FCA73DF5ED813D27D140BD9191253D4C
:202BC000496901BE4C16CC3D0E16233CB8F6BC3DB570943C99466D3DBDC754BDF98C083D12
:202BE0009E7A0ABE0AB5973D4934EB3DFAAEE83B7CA5023DECAA52BEA4CEBE3C96EA3ABE08
:202C0000E3FB263C6F975DBC54C199BD3C94913D67D4EDBBAC0625BE12904FBD9C6A9D3D46
:202C2000C71B12BD372F013D2C6501BEDD496D3DF4CBF2BDAB31E0BC7F52BC3DE1C6623D29
:202C40001C81203DAB99863CE50F50BDB6AD90BCC366C0BDF3A74F3DDE79933DC44166BCAA
:202C60006B06123CAD9443BC5E011DBEBF5D563C453F29BE9CAAFF3D10502DBD64019D3DF7
:202C8000B91801BEA01D0DBD3DE661BEB2F70BBB47F5BBBC06F74C3D97934E3D91DC1FBE34
:202CA0007273E2BB60D22DBBA23E90BD812B7BBCB4DEC6BDDFA3BB3DE63B123E7AB85FBE19
:202CC000E3FA823DA03D523DC8DAA8BC2A24003D7424DFBCDA5490BC08930E3D08171DBECE
:202CE000B334FE3DFCC2CFBC74A39E3D9ED7453B41FFDA3C0E09803D7B02FD3CCF6B75BC37
:202D000068701F3EF5D5173D2C5AAE3DC5FBB4BDFCF767BD28E386BD187394BDBEC3B93D06
:202D20005904C83D4146663D698EC9BC401037BD173E18BEA6A1D53BFD10943CB1DA823D9E
:202D40002C1F7A3D92E64DBE8AB280BBD809BE3CFA1D55BC60B51DBCC838BEBD68D0D03DC6
:202D6000229C373DCEBFE7BD6C40F03CF006843D2063F73CDB41833CA8D716BC339A193D5C
:202D8000FA1B8A3C817748BD3CF0B63D99A1513DF04DB03D5AC6CABBACDC6CBD11D1A03D35
:202DA0008802643D5742E6BC79994A3E1CB3033D2EB9013E1B9628BD3114C63D41425E3DE2
:202DC000BA7AC8BC6106A43DC8F3F13DB2BA383CDC6EE43D5AED3DBD4B03E63DA3433EBC2D
:202DE00015FEA3BD01F77DBDCAB7B03C967E5ABE27C55F3CFA80CEBDEDE1353D79F23BBD66
:202E0000E842CCBD31395E3C338F8E3D3CF5ADBD1573063DDCCA473D6E1BB53B3A9EA53DAB
:202E200092CD3BBC87CD333D504033BD2F1DFABC69B6633D0E4F243C0867F73A1A6C13BD84
:202E40001D65AFBDF1388FBDC73614BE19E12CBD5CEB913BE94D953C6FFF2E3D643008BE10
:202E6000A22EB8BD119D3BBD5E470DBECDA3173D44171F3CC57637BD57A49A3C79F5E3BD6F
:202E800007A5A0BCE02CA9BD871A5A3E6A6FB43DE45EA53D1BA787BD12F82A3D08AD9BBC0E
:202EA0009245203D0882C4BD58B573BD19AFE0BC324B193E8B6B9FBC9612913DF953303EDD
:202EC0005AE52F3DF987D13D556D59BDDB4A2A3E64B10DBC093C46BDEDBAC23D0A43D83D26
:202EE000AC3C773D6AAEE53D9EED6EBD0E160E3EDC76E2BD3F05CDBD0ED8353D1CCA783D24
:202F000009330F3D9290553DCAA0FCBD0EAC713D29BA2FBE8819AD3C39A4E8BC63AA26BD1F
:202F200012968B3CFF0C54BDF2A105BE0E56ABBD7F531C3D7052B0BD2BBF4BBC7FA8A93C8D
:202F4000F9F3CC3D7457B4BCA427083D297D803C744724BC94398C3DABD4ED3DB05160BED6
:202F60002DE9B13D2F9AF93D09D588BC7C90143E22FE10BD92ECD03DEE2793BC5AF659BE8B
:202F800022C96E3D16AD34BB44CE913D24801F3E699897BCD086D93D9331E5BD805B55BEF4
:202FA00072B1943CD80CDEBB5AB5693D11EEB93CC6DF3FBDFFF6B03DFE3435BE814A51BD77
:202FC000A119D23C6EE4173B255EF73C8012A03C741B24BD6ADF393D3960A73DEB3035BEA7
:202FE0008564023E58CF7F3D320A1E3EE848B83C22B2A63DF11725BC3F5B8EBC13499C3D50
:203000000165913D788F26BEFBCD803D64A5283D07E75E3C365CD33D5B3418BD39C8AE3D24
:2030200022BA59BDD4DF0EBEE9121ABB6F30EABCD6B830BCDEA9293D657CAFBD8EE7043E9F
:2030400019E175BEBF363DBE0783F1BDDF5DDA3C279A94BD22A69E3D9D71FDBDFEBA783CE0
:2030600073184FBEC96B893BFF7F19BDDE1F4EBCA1B70BBE450A95BD927F04BE0EBF5EBDE8
:20308000E69693BB6A4F7FBC58FD083E89C6303E5730023DE3CA9B3D6DDDC73D978006BDA7
:2030A000AC1F083ECA1821BEF198273E84B9253EF605EB393EB22F3EE7BE763DF7B0483DB0
:2030C0007E161C3E7AF406BE70FCCF3DAB105F3EF1DF3FBE63B3723EA3DA2C3DA8D9523D77
:2030E00035160F3E5A584FBE97BED23D24E97D3E20BD2EBE62C94A3E711647BD7885633DA9
:20310000D8AD9F3D187130BE10B740BDEE31433E842237BE385C813E61EA13BE0C08873D91
:20312000204B08BDB6CFCEBDE3F6DFBD93E29A3CA9CD0ABCD13A813EC2E197BDE6BEF73DBA
:2031400023FB67BD0EEE5FBCE6A98E3B795D47BE9196C43D26C5D23DFD7829BDFAD8D33B86
:2031600094AADD3CF4AC40BCE200C33D984360BE8A37153EEA488E3D93E323BE3EBAE13D03
:20318000553C80BDCE091CBD45E10A3E80F06BBE971F153ED948923D520B46BE3DA64D3DE3
:2031A00021F31CBE443C84BD264C0DBA01253ABEEE87DE3DC7E6183B1A9983BE999BC23C53
:2031C000CF7306BE6A944CBC00E293BD4FBCBDBD6E93E1BDE4779F3D44DA3CBE0A76363E4A
:2031E000C87818BE24920A3E89710EBEC9420B3CEF4EADBD3C4087BC59BBCDBCB79AADBCE6
:20320000C06FC0BDA9ED073CF897B5BBD2CEB33C791FCB3D5FF2C9BDFE0ECF3D15AE33BC5A
:2032200011860FBEFAC0BB3D28A190BCD0EBA23D0E623B3E03A6E6BD621A3A3EFDA781BDBE
:2032400091FBF3BDD84E123D8200FD3C67A1E03C2CEC0A3E636CC3BD6A650B3E3E6513BEA3
:2032600064C739BD5C364C3D09AD8B3D811D32BD5425093E0F39C3BD62E21B3DE97B823DC0
:203280002CDED9BDCF57A83C281D83BD1DAD133D367CFABCC32C733C81FAB43D79D4CDBD9C
:2032A0000EB1263D57A8A33C344BDDBD25909B3DAAB30DBDE2F1423DD4C32B3DC66A26BEDC
:2032C000281F1E3EE32E63BCD1832DBEAA11183EEFA2DCBCC60F2FBD30C29F3DABE700BEC3
:2032E0005F54EA3D5A4502BD097B84BEE54DF13DF86C05BEFC7D18BDF7C6AC3D809EB0BDCA
:20330000769CB73D27D963BC5D9866BE8CD5E93DC6EE25BE99ACF83B3A16BFBD4162443CEA
:20332000EE500E3D4DD404BDA46406BEE2AE193D7B6A00BD4BE534BDF5147CBC31A2ECBCF1
:20334000A2413EBD836284BDC643153DA25C843DAC880EBEE447A33DF50DDF3B3BC5EFBB7E
:203360000783B23DE8D66BBE7462023EB6F1C03DD39A58BED293EC3D9073A8BC8431BC3C0E
:20338000DBC10A3ECE4BC3BDF022823DD455E53C3C4E71BEE2F30F3EB91E43BDA14D55BDE3
:2033A000915FD43DD74C07BE00AEAE3CCB224F3CAADA44BEB821CB3D5BB0E2BD44EB34BDE3
:2033C00055E8603C5CA925BD7D8D4D3D1D0DB6BCCACF6DBD987F073E8ABD05BE4476B53D28
:2033E00009EADEBD1B67ED3DBDAF74BC08AAC33DDE69313E65E7BD3D4C9BA9BD8FDE9E3DB4
:203400002C65F03C0780483DBAB3CD3D056D02BE1841853EE843023EA89024BE009D6B3E53
:203420009EEA7B3B4D46903C11BAE53DD2FFD4BD864E883EE4FED83D98319DBDC356173E7E
:20344000D199EEBBB29CDA3C769F493EBE0E38BD2D54193E9DE6E93D19A10CBE3BC1413E18
:20346000B43A35BD3797113D677F3F3D02F09BBDDA3DDFBD9DA60EBCE2D26ABCDF3A743D40
:20348000BBF964BD819C7E3D2E27BDBC6188243E4704173BE3D5123EF2AD2F3E4423213CF1
:2034A0004557C03C0EC4A63DC020BCBC56E949BCE6DB673DEE54E7BD289D5C3EC2D16F3D3A
:2034C00076F732BEEDF9503E264136BD6484B4BC7C4A783D2E4D4BBE00070E3E4D327E3CDE
:2034E000968A48BE710C363EA45029BDA6AE233D6D04203EACB8C7BD12913E3D05BE42BD90
:203500001D782BBEA3C5213EA46ED7BD4669093DB698853DEFF64EBD6BCFD63D1CBAC6BD25
:2035200047BB2BBEC6CE123DC76D6ABEC034E4BDDCB83FBE7C85C1BDF3EC23BEFE7BE5BDE1
:203540003BADF83DF37E46BE942EA7BDE54616BE7BDE16BEA18104BECA76BCBD6AAE68BEAC
:203560002535823EA08EDBBDEA4249BEE78B453D9AB4C3BD7507B1BD36CAA93DC1C79CBEC4
:203580000218443EA67B4BBC4CD611BE481AB63CED7D52BC0CDE01BE4F2A6B3E061D93BE6B
:2035A00073CB0F3E57C3D7BC48A30DBE7D29123EC85CC3BC7305A1BBFF70183E7C9A2CBEEB
:2035C000D3056A3D338611BEA09DBC38C58BA7BD607029BD6748F23DFDBC0F3DE342173EEC
:2035E000054D953D2ED48C3ED8571E3DD80B333DD40B70BD2D900F3DE1CD233B1983F73C0E
:203600007D081EBD2F40023E1ED9923C4D83A63DE3DD9E3C9D5435BB9A33283C9D79FB3C2A
:20362000C8357CBDAFF5553DCDFE60BDF406E13D64B4A7BDBAF645BD6EB3BDBC6DCDCBBC95
:20364000D586053CF034183DAC308BBDC94DB33D9871D2BD0BBC103D0999CBBD19BE6C3DD5
:20366000AB221DBE11960ABC2118663DD6046F3C3736C03C301396BDAD7EF2BC35B97D3C55
:2036800024610DBD04544C3CDF0DB2BD11E52C3EB73FDDBC3B2CB2BCC40A2A3CF7FEAEBB4A
:2036A000FC0A2C3DBE37B6BDB6A82D3CBA3688BCAE60CF3D731FB03DACE2043E458B83BDBF
:2036C0000F8A1D3EB27A15BEB90EFE3D0D8885BD19ADF03DF4C4953B96BA1F3EBF420DBE2A
:2036E0008B5C4F3EB242C8BD9ED8563E4CBFF8BD41CABD3D814FCDB958FA5B3DAF7822BCC9
:2037000033F0D93D2DEB02BEA214833D4458D6BD0DF52D3EEABB063CB706323DBEB664BEDD
:203720007E04CEBDAB1208BEED9840BDFFFC80BD5C31CDBD9509ACBC1AC2553BB0A551BC54
:203740001BF21E3D0801093CA64A273D471C9CBC39FC423CE3BC0E3D33AF193EE651CE3D8C
:203760005B5F333E6CC460BCE6C6653D5031173C70D9B43D6B27093EE0C76E3EAF080D3E48
:203780003261123E80DA293DBB03533E1CD6AF3D3144F43DE32BFA3D98A00F3EDAA9093E1F
:2037A000A75C7B3EEE21F03DF3F4693EB7FBCB3D83D86B3EFADC413E374B493D3F823CBEAD
:2037C00040E0CBBC56446EBE5EDD43BD27132DBE9C07FA3BFE24CCBDA51F88BDD8C961BDD1
:2037E0006CF8183D59223CBD263CB5BD5C87AE3C647F19BEE2468C3C572331BE7EB0FF3D7E
:203800005B67EABC2544873DAFE23CBDA7EBDE3B6B1A13BE5F72B33DE07692BE45AEEF3D02
:20382000570FA2BC7234163E730CA3BDB04386BBDE0792BE1ED10C3C88BAAABEB45BBC3D99
:203840007B6E01BE0172063EECBF64BE2D60B33C9114ACBEAC350B3DF4D199BE6B05C73DF8
:20386000CF55AF3D65456DBC4352483D2791AA3C5946E53D51CDCE3D3854E93D8A9E5E3D4E
:20388000DC8F543C40803E3DF6EFDE3DF990B3BD005CCABB74B219BC8527C73BA3895039BA
:2038A000E24280BD1B642DBD31E3153D8679B0BD9FC482BDD26587BD89B4AABD5AA120BED2
:2038C000DAFF3CBE5FBE16BE554D90BD01C31EBD6A0935BEA5DE0ABEDD616ABEF7655DBE08
:2038E000EDAA53BEB199E0BDEB1235BDDAEEB63BDAAC82BE5A2D05BE9E1AA4BEFBF7E8BDD0
:2039000072F09DBE6517C6BDB72FA5BDE56F66BDF3AC6C3C61E75A3E4ECC27BD0CEB2B3EA7
:20392000780835BD6A48923D6B12153D7F78F63D4527B43D5080D8BD33A9DA3D1FBA463D8A
:20394000B3BA333D942CAEBCF6639D3D5A1F0CBCB193E33DF61694BD4BD8053EFD812CBE5D
:20396000692BF73DF4BDDBBD6FD21A3ECB8BA6BD74BBEA3C7330AABDAFFDE53C0FD07ABEA1
:20398000CAFA313E2BF260BE63BB3B3E772428BEA34797BCAA4F27BE9E2E203DEDCA17BED1
:2039A000A89F483DE55751BE17F4513CACAE4FBEF7085E3DCE1D9C3CB39A0EBE91B3BF3C3C
:2039C000669DE8BDAEF73ABD7BDB05BEFB4CE8BCD33C06BE5B79B5BC2E85B13C5FFD4E3D00
:2039E00052FC573D7B4D753DA63C2E3DB935B0BB52543A3D595FBD3DDA6AA63D82FC4C3DC8
:203A00001869FF3DB5FDC5BCC14A573EF022F6BC9A9E833E3A78A03D7A72D33D20E1203E6F
:203A20008D3A373E36C7DC3B675A633E16A706BC61F09F3ED594C33D6AE71F3D7CEA2A3E43
:203A40002B94343E91EF853D1D48823E1216CF3C7553943EDEC6893D0ADA513D043F863D1F
:203A6000BCA3923CE4133DBDB15D253D0491313C810EE13BBD3A55BDF944F2BDCDD3BFBCFB
:203A800016D97EBD21B0943D53164ABD040BECB951E1D8BCDE5131BB9B3209BEC7070FBD27
:203AA0005F99F5BC7B12443D8ED9A7BDB982C1BAAF2DCCBD4430A4BC03AFE8BDF7418A3D3F
:203AC00019F212BEF52D133DB724E6BDA691173D8790C9BD4843373DFD8D00BD4229493EBB
:203AE000BE042BBEC3711E3A91EB16BE11878E3C5A6E21BE9C18BFBCE5D29EBD9E86393E5A
:203B000017866EBEEA6BE63C78C036BC87E1C9BD8525F83BAAF4BBBB08B1473DE854C6BD60
:203B2000E4BF75BD0EFDDDBD1BCB283D9CF725BDE79FFBBDB5A87F3DC08337BE4F53EF3DEE
:203B4000FECE88BEB879423D30B90E3DCB9996BCACFBB7BC36D9E83D27481DBE2D910D3E18
:203B6000F43067BE22E01B3DD807193DBB2E5FBC3CB3893D870F0D3E05FEFBBC36D6F93DD7
:203B80002EBC39BE4924CF3DDC99143D983AFEBDF072D93D540515BD011A9D3D55262ABB80
:203BA000589A043C5A7F2EBD69AFCF3DAE1B65BD5C0C3D3DE75140BD8668C63DB200C5BDC4
:203BC000C4EF4D3D6D5E76BDC0D628BD493459BD49D9AE3D08C0C1BCB4C10D3D319008BD05
:203BE0009ABFF5BD540B82BC605424BE45B72EBCE0CEC7BC006DDABD1A8B393D0929AE3D34
:203C000090B9D7BDE61284BC17E82CBE284B623C0972C6BB45B476BDD2ADF13DC716F2BB36
:203C2000D2F69F3CFAE780BC46A727BE2546A63C372EC0BD16861ABD5B543A3D398E2A3CFD
:203C400033216F3D358DA0BC70DDAEBD1EDAC0BD1E1DA83BA9BCA3BD2B04783DDF2605BE8A
:203C60008B87023E43A801BE2C0C4B3D63CDFABD3A1EBA3B8C183BBE526AA43DFC4291BC8F
:203C80001260133D1850C3BCEBD1B7BD0F0CD4BD70CB13BD8D141CBE8A56043D52CAD33CCD
:203CA000E33DA43D1F87383B711BD5BD617C68BD954C09BED8C2F4BD83666BBD79E328BD85
:203CC0004AF61C3E5A977A3D68C0C33C54785B3C6AB919BE76D4F6BD654E69BDF89AA63CD4
:203CE00065D6203E92BBD1BC1B6C363C8AAE86BD3014D7BD483CF9BDE4768A3D794EC53DE1
:203D0000A3FC1D3EFA83013E627F4F3EAB74E03D1494683EAEACCE3DD7C4363E8D21D03DC6
:203D2000E02B823E3EE485BB88030F3ECFA30F3D944B80BC8F768D3D3C35AFBC5E1529BCA2
:203D40008CFCAF3DAB420DBD5A13B43DFE81A03D15BB86BDF2F2B33DCCE854BE8D8EA3BC57
:203D60002B91AEBCD743E2BDA132AD3D5C04D53D8A323EBD7347593D50062FBEC13509BD2F
:203D8000C362EEBD2AE80CBE51323A3DFE5FC8BC9EF71EBD4AB6F9BB9022E5BD1FE3BBBCAB
:203DA000BB32793B0267C5BDB52A3D3DE73C343DF585543DC2C3903DE823EF3C4F4F7D3D9F
:203DC000C4526F3CBB76303E3B339D3DFDC62ABC0D59653D840BC33D4AF2A03BFE09413C60
:203DE000173A34BCD35A14BD6861AB3DA68EF13C4CEABE3D23C98B3D3C00CCBD15D1DE3DC7
:203E00003A58BBBDCC1527BC06DA663C1B0954BD9A2B023EFEAFAB3D5B822C3DF55C173D98
:203E2000E8D2F2BD24A512BD040E7BBDA5C7C1BC79C4323EA3D10EBD9650EB3D387130BDBE
:203E40003C18EEBB9735A4BDA5FFD13DD62E483E196CD43D52B3A63D47DC2E3E5A9E123DA8
:203E6000DC26DF3D27BBD23BBEC8FD3D4A437ABCA02B543E3AF6B5BD64B6463D0FD58B3C6B
:203E800042C3DDBC6FFFC03CC2E655BCDFD19D3C7CE5203E0C6DAFBD7B41C83C6CE6023DE3
:203EA000107A82BD776AF73C8C43F8BDD2A8443D666F7BBC0ED11BBD3791E83DC18D833DE8
:203EC000D010653CB9F39A3BA4D335BDD93880BD6EDEADBD897AC1BC8EF81E3EE48E88BD5A
:203EE000A033D83D03EBE7BBF1FC9EBCE9F88DBC06D1F9BC0F320C3DC7615B3E573A593DDB
:203F0000968E2E3E2775313DDB765E3E6F55D93D2BFDFE3D8275E03D695F1D3E9DA95ABD49
:203F2000BD78C53DBF65DD3BB97A7D3B0C31443D25A12ABDB26EC33D2143B73D2D5A1BBDE1
:203F4000C28B123C2B48A83DE84ABCBCFF27F13D6782C9BDD139D33C47F8A3BD686C5ABD5E
:203F6000290CBF3DADF4973DE0D7CC3C0240A63DE7C8C63B7351713BCDCBC7BD9724C6BD3D
:203F800096C6823B54B958BC1C19FA3C473E6EBDCAD093BDBF8CB0BD109032BE4B94D1BD2D
:203FA000CEF2823E5C743C3E6BF23E3E22F3CF3D67680E3EED37E33D75E9833D146F0C3EF3
:203FC00056AB523E1647EF3B18696B3D26DFC13D9595AABC044AD33D474F6C3DCCA6CF3DF2
:203FE00083BC0E3E70FCEEBD726C8D3D280BEB3DA462BFBCB91F833D5B109B3C43293E3DDA
:204000005E6E003E4E1B2EBEDB76363E78E08A3CC603F13D35E0843D0E1D853C4104DCBCC8
:20402000DCE7863C625A07BEF8383F3EB9778FBDC861013EFA2D66BD51995A3DFE6FF9BDFB
:20404000265FB1BC2E08F7BDEF5701BEF6FBDF3D2D1700BE6947A03DF15FEEBDBFBBAABB09
:20406000B237ACBD41C13A3D96EA813BCA3ADF3E0C9FD73C71B6343E8726D0B9648BD33D8C
:204080000D1BCBBC2AB4C3B9254DD03D5C16E33E195E3BBE2771B03DD8AE16BE1BA752BBE7
:2040A00000C1BFBDEB9919BEEC061E3ECF7BB83E6A8226BE81119B3D6F7836BE7D3096BDC5
:2040C0000F5BF2BD05582EBEC2B5303E14B2473E910E17BE88A991BD705F36BE5B4DF6BD3D
:2040E000989515BE3C8816BE72AE103C1E144F3D9F0423BE5BD1453D76F13CBE8DD7003EC9
:20410000278120BE226D913CA9F805BE67EC333DC771263DE37D393EA8DDA7BDC132D63D35
:2041200096CF9DBDED548A3D2CB4ADBD6C6C933DDF770F3D8996683E1C4629BEA0BEBD3DBE
:20414000976CE5BDC286DB3DDD7D523D6D51923D08D5E73D795C413ED49934BEB01C883D9F
:20416000DD04A0BD62BE30BD7D01A9BB104E2CBD076C203EE3FD553D65D2FDBDDE1C71BA72
:2041800000AFF0BC3B9C25BDA391C93D2CCD813C19481CBECF23333ED0AA90BD16CD22BEF3
:2041A000735DBEBC3DF8A5BD156AFEBD3ED885BDE0DB52BDDD5811BE8442CD3DB062CD3DD2
:2041C00099C832BCE113173DD0BCAABB7647933CD1E5583CB9DC403DC9F6343ECF5FBB3D18
:2041E000E80D96BD117EA83DE0E450BBB83B693D83BB583DB275533D997CAD3E2A70E83D52
:204200001601DBBC8F986B3D0FB20E3D62F5E63D811E6B3DAEE1C23D652C893EEDFCDA3C6F
:20422000F2D44CBD806DACBC4322C03D52D590BBB6A62B3E00A6213D0115CABDDA0B223EDB
:20424000BFA9EDBD16DE35BE100AD2BD46620CBEB25DC0BD88C4F8BCDBE08BBC033C0EBEB1
:204260006DF5A53D21BD853D733500BD60884A3CD91741BDC927ACBDF9F5BCBC3176E8BD8E
:20428000BC5A103E6194273EB27FACBD034BC03D2A17C03B6D5A0B3D9631DD3D8DC0BCBD89
:2042A00036115E3E81653C3E90691EBC6F72903C4FA320BCB4ACAFBC3BED093E674FF83C49
:2042C000BD5B833E66ED263EF07D71BDBDF69E3D3475B0BB2D4994BC1DD0C83DC0E43ABDBE
:2042E00008AAC0BDD123103EC1A9E23AE7C243BCA7120F3C56200C3E9FCA15BC095C423E3C
:20430000D564043D6AA9163E4D31A33D3063BB3D6D12A03D2598D83D64FC383ED28919BD9E
:204320009939493E8B6554BE514E2A3EB6B4353ED1E2B5BD8BFFD93CE6B06E3D712AF1BCF1
:20434000442B423D156E2BBE8024F73DB5E4293E535927BE6999913CF061B2BD3C9B8FBDE8
:204360005337E5BCFE50E0BD550CEEBC9CEB313EEE5C92BE61034C3C610F35BE6398C0BDC5
:20438000F41BF6BD0B55BDBD8982CE3DAEFFD5BDE800813D23641ABED8ADE73DDA23543DF0
:2043A000B2B7043EB97D363E35AE403E8FB58D3EBEF21B3EAFE6853D92A9003EDFF581BD4D
:2043C00038B26B3EEF1EC8BD66797C3E284448BE4743423EA5CDA33CD5EA2ABBBA85333C00
:2043E000173D9A3DED99C9BDBF4DE63D05A583BE535B8E3D8E69AD3DDC84DCBDA0FA09BCBA
:20440000672701BE24104CBE270640BD291F98BEC75C7F3C5C8FB43A7FCFA0BECB1608BD40
:20442000637690BEC1046CBEC8EF80BE5BB98ABEB2472CBD083B583DDE3DE3BDF83656BE5E
:20444000BE8CDEBDFF50CFBC2DD302BE69C3E33DB588ECBCBCB8043EDD03873D756C9EBD16
:204460004E37153D588694BC0083493D4D1BE6BD7EFB393E3E0116BE872E1D3E5ACF683C43
:20448000EC3D9ABD0B94983DD943683CC47ADFBC0B1DF73DF71BEEBD33B82D3EA1A0563D4C
:2044A00013CB34BEB1D9983D33002FBEDDD249BC63DB78BD2FA093BC397EDE3D3A4516BC45
:2044C00091FB8ABE57A8B8BBB3E484BEB916A5BBC4009CBEECBE8BBCFCD4FDBCD2DF22BE65
:2044E00013D714BE1DF087BE534F24BE6B7137BE0C9841BEB5860DBB29D2E5BDBC42F4BC68
:20450000FBC22D3C95A6023DF78F6EBD17E8F13C40A8293D614A053D4EF3C63D9896A0BD14
:20452000E1664F3E6F2F0E3EE9311EBE64D1B73D2AFDD5BDB8368C3D92DBA7BC94EC28BCFA
:20454000475D3E3ED6711C3E5A033ABEA6F3463CA52027BE2CFE193D611E0CBE7DE5CCBDCC
:204560000C85583D6C0D093D487D8CBE529F5FBBCF1C9ABE1DDB7CBD61715FBEDB938FBD1F
:2045800085DC4ABE2FC180BDCAF19FBC9A93863EE1252DBD1426863E72B75EBD2EE7EF3D0B
:2045A0006665E23C3307CDBD688788BCDA088F3D18E6753C1B8F5CBDCDC1273BA16038BE14
:2045C00093029A3D9D69DEBE442C0D3D9B0AC43DB20612BBEC16C93D5995C83C6346E2BDA6
:2045E00018C4A23DEA3F60BED621383D69B3343E1C0A963D8515433E6F26403B0D4D8B3B7B
:20460000925611BDB813B7BDF137D83CEE29483E5FF8DA3C90E17E3E970EE03DA033263E39
:204620002833963D87E5D33D7B4AFBBD955200BD4AD5FE3C48F1DD3EBFA58B3B7392573E3E
:20464000FF5D8DBC159D033DC2E8C6BD049A00BE400F8DBD40659EBC2065EFBD814E0ABEDA
:20466000EE5B2BBD50E690BE037133BD31C6DDBEDBAB5ABB19BFD3BC94D6ADBD149CA2BCAB
:20468000AD006EBDDEFE0CBEC10ABBBD0F8948BEAAAFF13DD7EC17BD612D233D9363BC3DC0
:2046A0002A28C9BDAE9C263BBF03D3BD5A2EC6BD7BDE343EC2F0BEBC6E0EF53DCCFA303E41
:2046C000B36970BC838A873D6A7E82BDAE248F3D88A308BE44BF833D3B050A3CD152803EE1
:2046E000775301BD19AB803E40A0A03CBF77123E1F80A6BC4302E8BDD796CE3B759BAF3A14
:20470000A70DD0BC10DA1DBE3A0262BC07B832BE21D2863D2FEE8FBE7BEDAC3D268F0ABD9E
:20472000CD959D3CB47BD5BCD79F3BBB42EF9CBBF2DF88BD40E608BEE586E03C520C203D46
:204740004448083CDB539D3DA12288BC5BD7083E798617BEF9F4243C02C0B13DD064903A33
:204760005646DDBC818B813E31D42ABD06425C3EE256E9BD749C1D3EA0C825BB2E7A0BBD6A
:2047800054EC373DC54E183E5544183D27513A3E2B5AEDBCFA6B063E3A93803D9EDFCA3C3A
:2047A00054C6893D614941BD7B92B8BB9A3836BE49E120BDF46F5FBEBF0BA0BBB6B39BBEBD
:2047C000B9B25C3D7894E33C0F7351BD057F9FBDF12284BD815FAFBDA9DFC4BD0A3877BD1B
:2047E0004EE491BC24ABD8BB7F3094BDAE3B0C3D95F642BDBD8BB7BCA9A0A4BD71030FBC78
:2048000067D97B3BC1F7AA3DE0B75BBCC3CB4E3E436330BD63C00A3E6EBDDBBCFD4FC63D2C
:20482000B07E8E3C58908BBD4C0C70BB673C0D3EDC58903D0AA3423E7AF0A93C8F2FC43DA3
:204840005C364C3D6C4C60BCC558583DDC09DFBB69FF44BD11A8B6BDD211853B1D4A66BE75
:20486000EC9A1CBD2DC762BE1D1AA0BDA267D43D8D86A9BD087A3D3DDFBDB5BD7A02F3BC69
:20488000D359B7BD2EF0AFBC601419BE929E353DDD32C4BC6AE21C3E584BBDBC8277143D67
:2048A000C5DECF3B179B143BD76EDEBD5141023DCEA987BD3804053EF9675FBC1A92853C77
:2048C000A766F8BC482FB83C8058D7BC29B681BD68D3043C1EDA113E440C983D9E91323E9E
:2048E00007DF9D3D95EC093EE1D2CDBB7983D33C60D8C13CDD3A0BBD00A2D93CFE8BCBBD0E
:204900009B4969BDA21D36BE5153A23A2F9294BEFA57563CB60A733D66B691BC9E4C683DFC
:20492000D07B14BCC410E7BCA861953C3792A4BB8E51D4BD462D8C3DD6DBE6BD02B4093EE6
:20494000908E83BB2E37FA3C40CF3A3D251A2CBC23A8E8BD473FF63D5FCD28BD0F674C3E79
:20496000C4D6A2BD2117893D82D5CD3B2C32703D1673743ED018213DC0B8C23DA8C1E93D4F
:204980002BAB053DCF1F623EC6B88A3D131C0A3E586EF43BAC270C3D96FD9F3D210B293CA4
:2049A000BFD643BB2A33F2BD0A112DBD8F15FBBD752F6A3D060B67BE94782E3C163D6C3D04
:2049C00061B2A0BC6713F13DB49A5D3DF78C84BD49A9843D53795BBDF15D40BDCEBFC03DA8
:2049E000DA29BF3C73AB553E5290093D1D8D673CBFDE953DA526853C38028DBD7F128F3DB7
:204A00005F040EBCB0512F3E278763BBED6CC23DD06E343EEF8CD83C058F78BDA772C0BD39
:204A2000E32FD03CC3B7453D377A8F3D7FA8033E370AA33C5D64A03D64409F3B6E015F3D30
:204A4000333B923DF856BF3CD169883B312797BD1988253D9CC6ABBDED4889BD91212BBE44
:204A60005CAE493C3A56333DD032573CA995D73C625E573D61E49DBD5BB7BD3D870D3BBD36
:204A8000607C84BD480A893DD924003DB2B1AA3D82851A3EF375F3BB9CE6493E2E02E3BD0F
:204AA000D20103BC496DBD3CDA6CEF3CF2B2033ED5D91F3E541B483DECCF843E594726BC61
:204AC00086B4E93DDC128DBD00FB313B58ABAE3DE93A89BD6549F83D2C83CA3AF3BA363EC9
:204AE0007BC06BBDD489443EC9F63EBD93A0513EEDFBD83DBFFFB63D4349CC3D2ACFBF3CC1
:204B0000066E2A3E08CA173DC521C9BB4D922C3EC375A43DEBD325BCC5665C3DD904B5BD15
:204B20005C99C43D550C73BDBDF1EF3C1911103E51ADBC3DBC0F79BDE6CF033DD91EFFBDFD
:204B4000C0A6D03DFA372EBDE43BE73D59298CBDD5D9113E202DF1BD6053A63D6D750EBE7C
:204B60001DA7703D633608BE60FA5EBDBF07A23D110F723C685F70BBA6779F3C04CAE33DA5
:204B800025498E3C3950BF3D1CB3A53DC1E3483D18BDF5BC06547F3E856845BD7E28A43C6C
:204BA000B16A09BD5BFD06BDEE7512BD8D8FE43BBF53CB3B96D9273E71CBCEBD01176EBD96
:204BC000C768CEBD7FE05ABC531047BE3A1A06BC415E99BD9DC7063E1F3D29BDD836FABD84
:204BE00067DCE1BDC0E52FBDB20631BEB4CF3C3C5AA71B3D69EC913DAC2B9ABCB4B595BD3D
:204C00005602C9BD6E7AC0BDBAD682BD6E1982BD9B797B3D7CD719BE2B80043E056C67BE43
:204C20002C8ACF3DA2CA263B80A0C43DDD5280BCFAC23E3D2B384FBDB738A6BC2ED0443EE2
:204C400041A2B1BDBC99AE3DAFE87FBD146AD33C76D8023C111C273D7254ED3BA666933E7B
:204C6000EE3517BEB346AB3D9E0222BE21CB853DC5BB01BE4910A43DB0595ABD5526643E77
:204C80000DE409BE3FD5EF3C30B645BE3410BE3D786C35BEE28C0D3EA631C5BD03EF403E9C
:204CA000F05B73BE1DD7C13DF25470BE33ED2C3D575221BEDE03573DFCF0CF3CD690B23C41
:204CC0002FE396BC1DA419BDD31ACE3CA5F14D3D39D2283D6C981A3EC745D83A0176D53D4F
:204CE0005098A43DADA1013EA935443D22406B3BCB12853D12883A3AC15BD13DBA745E3D57
:204D00001029413C7370B33D55CCB53C6680C03AAEC9263E249D22BDD7817C3E58639E3CF6
:204D2000BAE47C3DAF63DFBB6E7A563DB13267BDC0FE2F3EBED384BDD87A8F3E9153D4BC5E
:204D40009452ED3DA88BC7BD3C35CE3D32D507BEC9D9033E43C0BDBDAC06913E14277ABDF1
:204D6000FC830BBD223D4BBEAAEB4CBE708F093AB9D0C7BDDB63023E875F6BBD67A28D3D37
:204D80002F7801BA8B886F3D888C963D53F4863D8F4996BCFFB3013B84CD843D509987BAAD
:204DA0000B42063EF2737CBDCBF4063E6EFD883D3B81C83D35459BBD4F40623E3D9817BE25
:204DC0009AC4943E57037CBD07D8633ECDB451BD7F141E3EDC4614BE0CA8933E6E22EEBD5E
:204DE000B324D53E2748B3BD945E8D3E028B0BBE4E40873E7290FCBD2A8DB73E8D3C60BD37
:204E0000FF4DE33E355A75BDB2C96EBEFC84ABBD8B945EBE2B6312BEAE63D9BDE62717BEB3
:204E20005A41F7BDBEA737BE263CFFBD28638BBDAB1EB1BD4E5563BD0BEF68BD8F9962BD78
:204E4000B07730BDB5830CBE3D37D2BDD879FABD8761ABBD064A583C789801BE31B811BE76
:204E600016E5B3BD23E331BD64A143BE6EFC90BDED6984BC8DD302BC73608FBB94A740BD0D
:204E8000514668BCA98050BD44925DBC06C8233D0BB0583D9F001DBD364C813DB1C99D3CA8
:204EA0006F36313DAD75BC3D79DF373D96D3E43D0A6303BCE190F8BC2E270CBC7D5418BE59
:204EC0006A5CA63DEBB028BEC91DB13D77D5ECBD289DBB3DA80A2CBE3D56233CF024BB3D88
:204EE00021FD523D60CB93BD948D4BBCE8CCA7BB5D7D5B3C9AE087BD6CF6573C27F5083EC6
:204F0000C577213C818181BD218029BEDE3F86BBA1218CBEE041803D82365B3CD577523DBE
:204F200003A9E0BDF577403D259F22BEA47698BA18A191BE63DDCD3D6EBAA63CC6631E3E4E
:204F4000636DBEBC9364BD3DC81F27BE234F183E369CA7BE33EB363EFE4BFABD0E2F02BEBC
:204F60001903A3BCB034B3BD3E45B3BC1C5014BD3ED1843C0C56DFBC838A0F3D8840D33C37
:204F8000512880BDF96C023D87F06F3D7DF7E1BD9B4BBD3CD37B8BBD558BDC3B33EA90BAAF
:204FA000296FF43CB209A73DB36DFF3C1C050EBE4E4B433C2DCC7DBD9BDE21BE764C573C4A
:204FC00001E4953D1F46D03D9852FBBB0DD2B8BD631324BE14B321BDC52D97BEFC49E73D07
:204FE000BFB9143E057BBB3C68CB70BD768FC8BC5D1254BE9BE8D03C1A43B3BECC376C3DFD
:20500000A242D03DF7D8943DA961D63A975BE3BC0B16913D261AC9BC5478C83DA3162EBC2C
:20502000DF33DC3D4DE6B43C3FAF1A3DDBE140BD46AC6A3D1259B1BDADF605BD7A921FBE64
:205040001024ACBC70C41ABD5A3E2F3C6A61ADBBD1C621BD635FA2BD90282ABD1C8F08BECD
:20506000B0D345395DC21ABEE955ECBC39221D3D75D138BCFB50D2BD8CEC09BC607D6FBE42
:2050800044009E3CED442ABE50BAF3BD4AF1FA3DF24AADBDC9F41E3DA56468BDDD89C5BDD9
:2050A00051B93DBDD5D429BE5EB5A13D170E0BBE4B9258BD67D21ABDA5A383BDB8CB083D2B
:2050C0005E0BD13CC996EEBB6A8D3E3D43BDC93D01911A3D7477AEBB878679BC33BA5E3DD3
:2050E000FB9BB8BC3F94B9BC8EF8283D3787613DB83E01BD5316FC3C42FD3F3B7376BB3B2A
:20510000DF14A13D32E16FBD5B982A3DAFD416BD6ACFDFBCFAE6A73D5365783C6C7D03BD22
:20512000CBDCB43DF98CFABDD683A93D3A5009BE757D2FBDA0091C3E330D3BBD5010CBBB0C
:205140004C24363DA6A324BE2B8C0D3C34D534BECFFA553DFF230ABBAC1FE9BDA8D2413E9A
:2051600002AAF8BD8390333EA6A068BDF4B9833D9A6744BD87870E3EDA893F3D1844463D58
:205180008513083D3BA6183E16548A3D2E6C4A3E61024A3D6ECF473E3C19D43D2C71B03D0C
:2051A00000DF3E3D76CE463DB677173E8CA4AD3D8CC7143EA2D50D3E3BD6193EC8C7273D70
:2051C000686E033E1F96B03C91111E3E0D48983DA71B393E52834F3DCEA40B3E2CD9763DE2
:2051E00078F60B3E584547BDC18B423EFE104BBD279D643EC5F80E3C4AA5B4BDA597F3BDBC
:20520000B063C5BDD371AFBCB66324BD94EB4C3C39A3BFBD512FFEBD28433ABD22BB653DD5
:20522000F6D7BF3CD9C719BD9F4E993CA8DD343D7A4482BCAF53403E31FE01BACD66833E1E
:20524000AF9E033DDFC011BC9BDCC53AF5BB0C3E12D0CC3CDCB33D3E4CAF193C82C7873E93
:2052600072DAB13DDF7AC13DBFC8DB3C6712AD3DDF8EAD3D1E893C3EF818A93C61A87C3E6C
:2052800011D65A3D6A89AB3D9CF70E3E2B1D8B3D787FBB3D66532D3DE509123DE542C93D4A
:2052A000B9F13EBCBA2B37BCCBB29E3CADF9BBBDE0213A3D48813ABEBE2DAF3AA9FB0ABE84
:2052C000745928BBDBF8E7BD6A23A6BDD296A7BDE4C7E5BC203E723DCB1E97BD7C885A3DBA
:2052E000C9A64ABEA52F593E98DE07BDE822E0BCAB8B80BD7221623DA1B172BE4621E03D41
:20530000275782BE0DCB2C3E076EEABD024DA33D906204BE7BCCC93D0B1F80BE00B9B63D2D
:20532000C22E53BEF9ED1A3EDC220EBEAD0BAB3D91AC68BE81A9443D809F50BEB493DE3D27
:20534000AFB49BBEE64B1B3EF4D7343D6825813D5905E03DE18090BDA5FEE93D6A9C83BD48
:20536000727F0D3D909904BE0CFC69BC69C3BEBD9D3D8D3D0EE5E5BD4CFAAFBD8D6968BD2D
:20538000EB0217BEB409413C1CE1D1BD314BA83CF63ECDBC81CE48BD7C3FD4BD35AF553D53
:2053A000DEF94ABEE2FD68BCF0602ABEB794703D226CF0BD1E96D6BBD07B25BE9E9BA93C0F
:2053C000DEA593BE3C4A823DEEEC7DBE6E49F63D0BC25CBEF3BDA03D690A65BEB000BF3DFF
:2053E000FCC8B1BEFBD2B43DAD86DCBEE1FDC43D58C0893CCD3B04BEC35520BC5A9A043E3F
:205400005003943DFC7C5E3D492518BCF1094DBD44CC913C99FE553C6762513CB51683BDA9
:20542000B7BFF23B7B81C5BC846B06BDD8BB21BD3582EBBB201B03BDCA55F03C3D9D79BD76
:20544000886895BCB58AF4BD5B8B8F39EB903BBE959CB9BC1C191EBE062626BD7A5145BC67
:205460009986EE3A455265BE0CEB6FBD35931FBE259B64BD723CBFBD31B8A9BD623660BD54
:20548000F0A9DDBD952B11BE5A32DCBD7F563EBE5CA392BD3B2B11BE2A36B73D30850EBDFD
:2054A0002AAD30BE92DCE73D80C087BCC960473DA7B29BBDFC8301BD3D3DA5BD5E39223DA5
:2054C0001A491F3DFD7269BCC28CEF3DA60DC8BD00780A3E2634B2BDE026003E531A10BEBF
:2054E000092C9D3D4CFF9BBB344A523EE670B8BDA777543E169949BE43734E3E42D926BE7C
:20550000FECA303E3AF1523C5832953E0E0030BEF4E5AD3EC345E3BD96F39B3EC8741ABE61
:20552000B947EE3D10B2C93D41A38E3EDC42C4BC531FA73EC6DAA9BCE488B93E27CFDABDDE
:20554000C2C2C53CD9780D3DF7D609BED31DD53DC1ECE5BDAD1E4A3E2A5863BED5F74B3EFB
:20556000442D7ABE7512663E714B71BD4B87F33C673097BD1164883DBDDA9BBD0415B63D4C
:20558000792E11BE5EFAB93A977C10BD290A2EBC3B3B21BD5AF613BDA1D1433DBA4E97BD8B
:2055A0001B4E033D961A72BD249E8CBC91AAD93BD24957BC4C4C17BDF2B52F3DBA5F2BBD5C
:2055C000790E6C3DFA6300BD9FABC4BD2FE0993CA647083BD4556D3C664CAA3DFAA1EC3878
:2055E00086A1C83DB13B8DBDB30C27BE2EF8183D39426C3CDFAD6FBD242A42BD20C9C33D19
:20560000AACD1FBED46B823EC3D43EBEF434863E595F05BB996342BD137E8ABCDB2BA73D84
:20562000151EC2BD84F56E3D768F0FBE1D6880BB9D409D3D756ABC3C413027BD5688F2BC93
:205640007CEA89BD89058EBC63593EBC2093B8BD634D723D4C54273DCB0DB9BB5E84D5BBC7
:20566000F35F8E3D90E2273D0846753D562DBFBD19A3C6BCD3181B3E98929CBC5682213EFD
:20568000B44B1FBB79C2883D8F88243ED39F133B7A7DC13C10CC30BE39DB80BD6D05F9BDC1
:2056A00029604CBC98C0243C98BFEBBDD9FC5B3EF72FF3BD7E995F3E1FEA97BCCADD943CD7
:2056C0000AEDDE3CC018A23D54E995BD2599753C2D87BCBD5927883DDD200A3DE769803C42
:2056E000006B8D3DC5B6673C27FD563D0E80893C302C3ABCBA81ECBCE04CDFBC2B5FCBBB41
:20570000066D303D80AD8E3DE4B1CE3C6D5901BA373D5E3D961811BDF96D2EBDE205193D78
:2057200022715D3D3AFCE73DB938093E6C9B013BD1B8243E7661AF3D8F3CE0BC70FB863D24
:20574000F39ED0BC4ECBC6BD137C83BD6ACDE43D92AA02BDF0825A3E9B9ADABDF316713EE0
:20576000F9F06CBDCEC20C3DEE12083BCA750D3D9719D7BD4811DA3C7F1E43BD2A68E8BBED
:2057800031FA95BCF34489BD1BEA97BC7ADCEFBCA5F7133DB6F5363B69421C3DA320CBBD60
:2057A000A5BCA1BD8234B1BC947A743C663328BC9EF9B43D74D0F1BB62CB163E7ADF85BD38
:2057C000B69028BE5367993D46B39B3D692803BCD78CEB3DFDD8133D7A30483E37D2C9BB7F
:2057E00012BAA03DF6E0BFBCAAFE893C79F4D03B894A1C3D4294203E09B15BBCB4B3A93E4B
:2058000069AACEBDB133B83E48148FBA14A79CBD222426BDE866043D156764BC5E68C23D3E
:20582000D350CEBBB5385E3D62F7B23DBC5802BE9ED19E3D4E5D4B3C20886E3D2081193D52
:205840007E8FC33D5937A7BDEB56B23D756811BD5544443E8C73513DF9AE213E5C83F53CAE
:20586000AC3C383EB4D279BD535FA83B3BFB1CBDC9D5773D9693933D8B87F83D0032043D65
:2058800093E3873E970178BD2A4B923DD95F093E918D5ABDB6FFB7BD6AC85EBD2D0EE33D37
:2058A000DF47EEBDADB6BA3E1E7D30BEFE18AE3E891F20BE0D6F02BC66CC86BD38A3B33D31
:2058C0006FD419BDA15EBC3D7220B6BDF1E2EB3D896A71BDC0D612BD2329CE3DDF12C23BEC
:2058E00084AFB43D74A3893DA147933DBB323FBD5959093DD8F407BD841F113E7C3D9B3DFB
:20590000817D193E523B593D1D0A813EA282A1BD98528ABCB839153CDCFB3F3EDC111D3D9A
:2059200008F0473E4166C7BC30AF873EC311803CD2C14B3EF89BA73DA19D8B3CBC06F3BD82
:2059400039E40A3CF08F123E1BCFC9BD0263BC3E7A499CBD33E0C43E79D4A8BC8B3E92BB4E
:205960000A49D6BD0B239A3DA0AB9DBD5CBDB03BF618CEBDE98B463D6C5CBB3C462E40BBD5
:205980009CD37F3C1E66453D051B50BBBE3F243D2156743DFD5FB1BC25782DBDEBC0F33CFC
:2059A000A8C9A93D0774CD3D5871883DF48837BD7CE43E3D60CDF8BD01DEE4BDD074C7BC09
:2059C000371040BD9AA5913DD1AE8F3D7611E0BCD1F7093ED9B28ABDE9A2DD3CA50AC3BC55
:2059E000416450BDC31885BE9E2C91BC93A0043D45FCDDBB26F9583EB7DDAABD9384953ED9
:205A00001B578CB99CABC2BD6E49CFBD48F21D3CC9D9F2BDFB09563CDD1F97BD794027BD5F
:205A20002C97343D5925BABDA69C123D55C1F3BCC6EF903D43BBA8BD144D6C3DC83A90BDA9
:205A40003609CCBBBDA6DEBC0671D63DC30E463CB194663DBA03C23BC04D0B3E87AD63BD5A
:205A6000C49B11BE2E7D29BCF9FF1FBD0563503CAA97A73C3028B0BD5435253E876CF1BC2B
:205A8000D0799ABCE617773C877E77BDE130D13CE4338CBD1111DFBD3143C83D56652BBE25
:205AA0000A001F3E544E0CBE914A93BDCC6AD3BCF00E8EBC337E1ABD5CE3933D59D682BDD6
:205AC00085DE943D469A89BDC5B45EBCBF5688BDB76214BCC9967F3B976A12BCEF27923DC9
:205AE0004C514BBC6D09093D6211F13C325932BEBDE3233DAF7DB4BD64DE55BD402FECBC23
:205B0000736FB8BC496772BBBFC09D3DFBC569BE5E26623D4E38F9BD617B573D95CBBFBD67
:205B20008E73143DE22EB5BDC0ECFD3D77D8A8BDBE9FB8BDFC11A43ED640313DA9F0AC3D30
:205B4000E270253E644DC5BD09E84B3E0FDC28BD437F1CBDCB33F63D0A86A13C3F9B56BCEE
:205B6000CF96B33D9FEEAA3D6B11093EBBC09B3D1869B73DD2597B3DA645AC3DEFDCA6BCED
:205B80005BC78F3D86ACC53DA1D2183EEFF49E3D4E2F723D6560E6BDDBF8F53C7934D7BD83
:205BA000FDB0CB3CD49E523C4179D03DEF61533DFA523B3EACA855BEC791613DCECC01BE0F
:205BC000B6DB6F3D71969DBCB9193E3E54C130BCDD5E2E3ED680FF3D747987BD37AAAB3EA5
:205BE0003EC6023B0184AE3DD444C63D781AFBBD1AB5B13C2479EEBD1593363DBC072E3E41
:205C0000663E943DE417A93C5BF2CF3D429F5E3AC482933CFFA5A63DA282163E2000343DB8
:205C2000A49A083E22A341BDD2CE0C3E38BF993D7A74393E6D05F23DF5F62C3EB7DE4DBD6C
:205C40009051003E04709CBDE37EBD3DFCB13CBD5EABFD3DBA73AF3C4054603E7BED56BE4E
:205C60005CC4553E14BF39BE516C203E056F01BE49347F3E564ECDBD742E2FBC228DDF3C9A
:205C8000E38FDEBDC5CBF63D2F2F91BD471D95BD0D9753BD639C16BE0B1CA53CB83FF4BD9B
:205CA000C90172BDABA0383E17E3793CCCE5BD3DE93E5B399D0FC83DEC660EBD9470B13D55
:205CC00080EBE1BD0CD7253EC53B543D4DD6173DA362BF3BDAC6BBBBD31E003CA1B47C3D1D
:205CE0003C880DBD4EA4843DEBF0F73C8969BEBCC2FBE03C2DEF7DBD3579353DF194973D41
:205D00002FEDE33DC4AEB5BB0AC4CA3D042597BDFF2CFF3D361642BDC0EA283E00294CBD1F
:205D20005839DA3C8993ACBD4E8BC83B5DABBB3DA442563C7BFAABBD28BAA43D40AF77BE1F
:205D4000F224603DD6096ABEDD62FEBD2454A33E323256BC1F39803DB4F213BDF5E51ABB86
:205D600024799DBCDCABFB3DE3E313BD2319A13E6A9D983D0290843D50F7953C874D9CBC4A
:205D800063AD833CBAB6283D6126FBBC13173B3E22CC6C3D7AF551BD8948EA3BAF428DBD39
:205DA0001B1F4FBD41E7C13D75A2A73DBCDEE3BB575DE63C309C33BD041E8F3C001AC2BD2C
:205DC00013CD583D022E60BC0B91B53C2C84A7BDC6FADDBC92D1A73E31509DBDCED5FD3D08
:205DE000058A75BD082328BCD6BA13BBDD045B3B912542BE7E89BC3EE495D3BCDEDEB63D90
:205E00005CCE84BD7AB9AA3D087207BEE5CA0A3E243D04BEB470973E441F32BCC1F77B3DEA
:205E20009E56B6BDF3E910BC262D44BE41C0543D92A850BDFC2D043EF2814FBDB7BF75BD93
:205E4000E0B0A3BDAE97093D1CF500BE99AD563DBE694A3C5CEC003D892288BCCC6A82BD89
:205E6000A40DF9BD3BC8FABCA2A51CBE668F4EBDF6B28B3DC4802FBD5D8F36BE0135D63E17
:205E8000283FC6BDE07BBF3DA938AFBDF678D5BDD015AABDD9BF7FBDE03567BE740B7A3EE3
:205EA000D1783FBD35C0053D2FC62ABD73AA323C862B79BD7E8EA93CD447E4BD50B3943E96
:205EC000771D35BDDF33283C38A09FBD0954B1BD73B40FBE970D8ABC5468203A5121C73D5D
:205EE000D218D8BCC35AB2BDD8D7E1BD3185CDBD4E875CBEC1F144BC49B6B63DFD2D04BD8D
:205F00009BE5EF3CECD9D6BD79E6D43BFA1ABEBDE19427BE050CFFBCCEF8F63DC7503E3DD0
:205F2000319A803D5B7C833E1D0E583D19FFFBBDC3302F3E50DE56BE0773943DA56677BE84
:205F4000D83E36BDB24B383E0C3962BD4BDC8DBCC20E10BD0B72A6BD13C044BD9D2A6DBDAF
:205F6000483308BEB7DA0C3E8CD5C4BD3779A2BD72F722BEBF44B2BD8FAC3BBEDBE187BD25
:205F8000382944BECCF4493E695327BEC0AAEFBD9EB984BE8412B3BD0E3BACBEC11B89BD2C
:205FA0004DE140BE0C5F003E2ECD23BE830429BD863F84BE8577B63A9DA1B9BEE12A173DBC
:205FC00003B92CBD08D744BD4DAE2EBDCF1AE53CCBFAE2BCC9D6103D0632F0BC8405E93A6D
:205FE000F1BADD3D582AD0BDABCD9DBD4DD6893E7B56C4BD4938523D40C3EEBDC084FDBD03
:206000009E263DBD2165E0BD66F8B6BDE0ED663E1372FEBD4E885F3CF81B5A3D264CB33DA0
:2060200027AB913D6B3776BC886F94BD7E5A6E3EC8EDAFBD3F7F8B3C484F943DA1E7D13B7E
:20604000AA3FEB3D5D68193DA9AD83BDC908363D1DDF833CD082B0BC5319243E13255FBD9F
:20606000BBA4933EE82C053DE01377BD3FC4AB3B51CC09BCE0EA0FBD68B8D13C37BB29BD0D
:20608000E2327F3D2BA6973BC53BDD3D87FF4BBE79AC98BD280F053E66D626BE5F9D80BD97
:2060A00094F292BD7DBAE7BD9E7610BDBE9312BE4C2921BEAD001D3EFB94A0BDCA6EB83CBA
:2060C000BE198E3BB291B43B9FE98B3D6EE8CCBC6084F1BDE804223EBDB0ACBD4FA2E93BF7
:2060E0009699BBBB630DD7BBD18AD63DE8F09F3C3B376FBD8C2DBA3BDF41543DB0950ABDCF
:2061000034C5D33DCAA0363C84A7813E1490373D85B328BD09DE94BDDBC9523B5E4A953D98
:206120007B2AA7BCCAF3403DD53756BCDD151CBAF333233E77F605BE20ED13BE0386013EDA
:20614000B50E54BEBD4158BD4C3198BD63570ABD5C3D7EBDD744F4BD192712BE2492D93D88
:20616000014201BEC25E033CD086213CCC43913D620DF63DB306433D350109BE5A0E843D2D
:20618000329CBCBDB33C2EBD19AF9E3C6E78F63C35B63C3EC156593D74E608BEC14F9ABD8B
:2061A00045E900BC21538CBD39E3D43DED5F0D3BFF64873EC7B2153DFE62893D625F203E3F
:2061C0002286933DD912E13DD197C03D4214003E70BC883D1F67893DFBDD0D3E004918BDC7
:2061E00039B80FBE03AD443E4091A4BD4FB2CCBDAA5431BDCE75B7BD1CD269BA4C314FBDB6
:20620000823D7FBEA08CE03D2C4021BEE869BA3A7B91B43CD7E4CE3C348E1E3EC4F0BB3D1E
:20622000EBF560BE403C143EE9FFC4BD766DD23C45ED0F3DC1F69E3DE02FE53D9E90943DF8
:20624000BC436DBEB217C83A3A0B95BDFC8C5EBDFABEC33DC6EFABBC9119643E5BF8493C17
:2062600015E4D3BD7E7035BDCDD5093D2EB66E3D101A7F3DEBE9C43D5573203E0BDD8F3CAA
:206280005A31543E87F5AABD58D3A0BDEC0E7C3D973145BE6FEE07BE85B802BDF649D0BD0E
:2062A0004F5218BDDF4927BE570E3FBE227B793DBE8AF0BD39FAC9BD7455BF3D255D06BDEE
:2062C000CB9FAD3DF181733D226988BEF9571DBB7F8B40BE20646A3B910F4C3D98745D3D4F
:2062E00074790E3E0632BA3B0F8F81BEA6F7B3BCA7E2E0BD8E10F6BDB128EB3DF2E85CBDE4
:20630000AE6D5E3ECB30083C1F39833ED7EB92B9182D7C3D27E6C53DE818CB3D8E902C3DC5
:2063200068BFF53D1419E03BCC93E33DE164ABBDBC6FCBBD221A893D378CFABD2D0F0DBE5A
:20634000FC4ABBBD5960BBBDD107203D6A2EEABD03883CBEACC3E43C57A810BEBD37D8BD70
:20636000EFEF30BC6143A3BC2891013E12EECD3C8BA973BEAB18ED3BE24FE5BD373BB8BD45
:20638000DD79BC3D234B78BC8160F93D22ABE8BC427585BEC8202FBE989695BD8165A0BDF2
:2063A000A827AE3D405C36BD6454443E721B4BBC401A86BC526AA23D7672E83CACB6C73D1D
:2063C00039FB013DE085BE3D6ACF183DF51FE13DEFF99B3D8A64923D649D15BE51B9EB3DA8
:2063E000467010BE546456BDACF892BD05FAAEBDA94A53BDBD411ABE963114BEB72FAD3DAF
:20640000667DBDBD760348BD9B7DAD3DCA7AE63C51E0BE3DECFC40BC8B3E31BE755513BDD7
:20642000AAD5B9BD6EA0A9BD8365113E3A76B3BCDAEF463E2A90183D9980BEBDDCD1D6BD6D
:20644000CDEC493D73C510BE6B2D7F3E1E07DBBB93E7BB3E989C823CF7BDB43DE2A6133E04
:20646000BC64153EF6D23BBAD4C8883A34365CBC9508943B7711BFBB7E28AE3DCFCA19BD9E
:2064800071625DBEF1D6023E053E4FBEFFFF1DBB92B0DBBD9EDD3F3C6BB23EBD52B579BDBC
:2064A000338DA3BE8E27F83D0F1472BE5E8C27BD6D3B27BC44F0893DBF780E3EA6AC103D09
:2064C000D332AABE6CD7D13D617E8CBE798646BD6277F7BC5C093DBD3A24B33D969E7DBC2D
:2064E000CE3BC1BE276B9DBD28707ABE90AE58BD36651B3CB2458EBD26A1263E0648A8BDF3
:2065000060EC9F3D82375C3D3051083E2305843E2EE5043E9978263EC6F5013E5C7F053E6E
:206520005A2E263E638DE53D64B8E63CB4DED5BDEEC676BD2B3900BDFADCC4BD119D583D59
:20654000BA7DFBBD5088DABBDF61A63DEED420BE95E3E43CC893E13B14D48ABD0645653DF1
:2065600080D16FBE9D31B13D083D083D5B3026BEF0B7253EC53F4DBC2C463F3C2FD8B73CEA
:20658000046CDFBDA6FD8E3D6746153D9977E2BDDBA35A3E96558ABD86386E3E95269EBD0B
:2065A000F9C6433E95554D3CE0F509BEE7B9E3BDF3A7BC3D642B393EC083163D72721B3EE0
:2065C000CC3CAB3D7F98903D8381C83D36F9C43D79D8913DEA8E57BE65532DBC12A184BD6D
:2065E0000E0581BCFE92353D9AF4E4BDCF942EBDD469B9BC9EEC3CBEBCCBA13D5290FDBC96
:20660000AB7E83BDAA25CA3C4C7B4CBE688E983A2E036FBC529737BE665EF83DF72ABE3C55
:206620002A32413D950330BDD3E494BD48D607BD047B243D08FE04BE6AEB7A3E019307BD04
:20664000ECCD5F3E7DFE35BD5474EF3D08C081BDDAE10ABD6F011B3CBB24ED3D6226343E31
:206660007B62613D6AB2EB3D259DF23DEF307E3DA26ECF3D8B3F963DA7EB423D34C274BE9E
:20668000959ED43A1044533DE129763CA73D13BDC2EC47BDF8C00EBCE0F0C3BC2FF34EBEB4
:2066A0005A15653D7EF7CD3D28C0DCBA5B53A73CC9063DBEB05E603D607775BD46F1DDBDEC
:2066C00065D7F13D7874503D1CAE323C06DE9D3D8E2DFDBD063D9A3D920A93BCB14606BEAC
:2066E00069C8EA3D63F9FF3C6ACD573D0E0ED93C0AE99CBBBD5341BCC09EA03DB328293DDC
:20670000CE3A9E3D056300BD6BA0103ECE228D3C643BC53D4729BC3D5E03A63D22AEAD3D57
:20672000B7433E3D955F70BE1226BC3DEB9B00BD2E4284BCD850373D12536ABCE18896BCBC
:20674000500AB83DC5E698BE2A1B223D6DEDBF3C5184A1BD5872A93D4F4009BEFDC5503D68
:20676000AAC2C13CF91362BEDF93903CDE3C023EC4EAF7BBA453E73D314FDDBD0F54993C1F
:2067800029B7C7BC4F8042BEC835B73D56C7A83C65C2B63C343361BC80230BBDCA14B03D02
:2067A000886491BC3B9E02BEDB22883CCB0B09BEA986FF3C23A413BE1B7A843DCB8EADBD8E
:2067C000DD83733D00ED4D3D94EBE33DE8BFBABEF3D1793DE4B1AFBDED26D53C3255083D09
:2067E000095D64BD8F2617BDD26C593D980C91BEC1E0BC3BA46A563CFF683FBD724FE43D45
:206800004E01CBBD14A9693D1B25AE3A9B229DBE1171113C383A3C3DEA8B03BDB4DAA73D9D
:2068200088B5DDBDC5A1D33B46C3A73DDCCC7DBE1A2E333ED326B6BD8BAEF13CD51CC83BBE
:206840005CF63E3DCAD4FABC8498C93D75A552BCD4E2823DA296C3BE12C9B23D44E586BE68
:20686000900DD93DAA1F47BEAF86D83C776F0ABE13CC643DA14C5DBE7097383D36C4BABC2C
:206880003A5D693C20F8E63D1310A43C33BCA13D0E7F8A3D90FF79BEDBE8693D90CAF43DA3
:2068A000D5CFDCBC90882D3E94D257BDB98D9F3D5B1AE4BC272257BEA749DEBB6BB4F43D31
:2068C00064D685BDC0BD203E85852BBEA827A3BCC35F7F3D94A90BBEEECAC33D229CC53CE5
:2068E000228DA93D5A1F593CDADA72BD095D54BBD71C853C463EF53B5FB9AE3D8632DDBEDF
:206900004303993CA0CC53BEFB7435BBCF45A4BD0694E53C8CF884BDAEFF523D49ED24BE37
:2069200075721CBCC939C03D53ED16BD6C03103E8B2458BDCE37AF3DD31FA53D738619BE70
:2069400003A7A83DBE23483ECA3EEBBC18EDF73D151BB0BDA353BB3D8B71EB3ABFDE6ABCEA
:206960007A45263DA0F8413EADD215BD5C02373E9B9DF1BD3C6805BC9BD10F3EC27DB3BC08
:20698000C47EFB3DB6DBB23C5C4B953C6C2C883DA60920BB8300D43B7B4506BE18F898BD24
:2069A0004EC00F3E30ADC6BE6F70ED3C459310BEF928DA3D7CA0C3BD09447F3C1AE6123D42
:2069C0003AC18E3DA94FB6BD3BED2B3D5E9B013ECA84CBBC16F81E3EE03706BDE761A13D7F
:2069E000BD80AA3D47CF89BD50EFAF3D8D54133E7ED0E4BD7581CE3D3F6BF1BDC7F0B4BB4C
:206A00007B81C23D5B2484BD2980C73D1FF7173EB84FD0BDCF4E903D8E4C0DBEAF1004BD00
:206A2000F597F73D05B4FABD78B66E3EF245E1BC2711A03D70FC0CBE9458D93B84E33FBEC9
:206A400075BDF93DD6C8F13DA04C7C3E742CCE3E29F3713E53BA293E4E29823E86781A3CE6
:206A6000685B223E432554BB40EAA63E69E1673D0C350ABC61E9D43DAD626ABD4847243DF8
:206A800009B014BEE9BD19BD84838C3E50222EBD8A8B113E1A9A253D84A68FBDC73E89BC87
:206AA000C4E900BEABDB45BE25D1413DA0F7AD3C6E46D33D4CB1D13B0D3777BD1270C8BDA2
:206AC000EEE8A3BDFA80F6BDF06677BE85DB053DE2744A3CE54FAFBBBB43553D3ADFE6BB62
:206AE0000870DDBD28791ABDF153E43D6F7DFE3D32B63F3E2C488B3E28352A3EDFB7BC3D8A
:206B0000261F1E3E34A86FBD8BC0FE3C470EB8BD1AB68D3E58063EBD1757C53DCF40803D4D
:206B2000AA1EF4BB2E62433D58C8E0BDC7AB8ABCF42FB13E0F7DEFBCD68B693EB2F9143D0C
:206B4000440D053D9C1751BA064A41BD3E93A1BD8270593E7ECDD2BCD186443E2848463D39
:206B600059EBD73D419095BDE500D13C185EB6BD46468FBD6A76C0BC78EFD33DABE7C63D7F
:206B80004D878F3BF1C8F83CF2F8B6BD87C1123C4BEF19BE8C2584BDAC9A793D8DE68C3E3B
:206BA0009137EF3D2802CF3D679CAF3DB6064E3D43039C3D2FEAFE3B3173773EBD9ABF3D58
:206BC00069E9993D09FECA3D6F97E0BD6DA8843D9F893CBE264369BD0ACA893E453B46BC38
:206BE0002694163EF9B5003D06E484BD43CD09BD4258D4BD083410BD450C6F3E53D8F53B0E
:206C0000B9ADDE3DD93B0E3D0E3EA63C3CADF83A3ACDAABD5C381CBEBFFC50BD2EDDB03CB0
:206C200034C7D43DE0520A3D5E3C6C3D32D91A3CAB95A3BD80F0C6BD7365833D4A2F6A3EDF
:206C4000E1D7BEBBD672943E649EFA3DD728813E56DD7A3D90DF1D3E9F86C83DB0D14C3D0A
:206C60005A9A863EB3923D3E102A81BC32E7613E67430CBE55F0803D4DA070BE0A4BCBBDFF
:206C8000D46FC33EA6E5433D0CD5983DD91FBA3C792D08BE2A6C8ABD17DB1BBE89A963BE9A
:206CA0004B39A23EECAA183D19986A3E18CCEE3C8FE0413D2620FBBD9DD10FBD0A9665BE36
:206CC000C99B873D5741C33CC0571C3EBB679E3C8CB4A63D0A7D00BDF83B8E3D202892BD8C
:206CE00078095FBD47EF3FBE0E4318BD0376BB3D6D5EA33D8F5A133E1B3A05BDF0E3273EF9
:206D000066B38D3DD7E27E3DCABA693EBCB64D3E655829BDE5A2F33D0C382ABE3490713DFC
:206D20004CCC8EBE5D880EBE48308C3ED702AE3C5CA3FE3C6D31D33DEBEB4BBD2D3FBBBC91
:206D40005C1E51BE4F46F0BD3C68873E3363A03DE56E2D3E320F493D48763CBA7FF281BCA5
:206D6000B3A393BDC3D25BBE9EE85C3DDF89593DFD48733E9FB03C3D662E243EDA242E3D85
:206D80001D3A183E2736C0BD56395FBCF25D963E5828D03D21DA853D3BC32C3E2851533EE3
:206DA000A3A58A3DE2032B3EBE43723D8E65E13D949CAA3ECF44463EA6B61E3DE763333E94
:206DC000358A2FBEA705F53D897D87BE795396BDF6C7A23E4FE99E3D6DEEF63DD7DDE03DB0
:206DE0003C7E403B3FE77EBDCC1D36BEAE0EEABDC3150B3E9B6492BBF3A4683ECD8FC13DB9
:206E00009BE7E03C6CB210BDF7FB85BDDE8F1BBE2C8887BC9496AE3C322B4B3EA9FCB6BB68
:206E20001D66833DE5EE19BC601AC53CCE24EFBD442450BCC3D982BEA8E3C63CD3E3943DEA
:206E4000690F1A3D776ED33D9668343DAA92B03D3CBF673DF7A7CA3D91E04E3E5299853DE8
:206E60009533543C2C6FA93DC7463ABE8042D73D40E82ABE8E30923CE80B503E95E6AABD5F
:206E80009EF90C3EDBF1ED3D6274863C805AA83DD7A3C3BD4A17D6BD8A96233ED06FA9BDB0
:206EA00022F90E3E5274213DC959A03DC8216EBDF456B9BCCC16FDBDAE08D0BD2B4F04BE5A
:206EC0005168063E638D563DB4658E3DC281BBBC790581BC4D9397BDE2A25EBCAF7A70BDB1
:206EE000313C563EC7FAAE3EA4D7273E2D3B8C3E0F2DB33D1D03533E95A09BBC916B073E28
:206F0000211E7F3EFB8B40BC93FD56BDC0370C3E9D5237BED7F8C73D277B7EBEB545C03C84
:206F2000057B723E39FC1BBEC20AD43C0070683D1D81DDBDB5C9AC3D8CE025BDFD3294BDB5
:206F4000C6DE9A3D891B27BE72CAA93A3C879D3CE7EE4B3D546BD23BB05B533D5165B5BD86
:206F60003BF8C9BDC6073FBEACB4433DBC20023D92DC403C24A0F83A8CE92C3D5659E3BC87
:206F8000905BEDBC90421FBBED9613BC77C0853DA2387FBD2A30073E4F2107BE5725A1BCA3
:206FA000563A38BEE8E7873C1B50F83B690FCA3EE5214C3D86B592BD4CDEB13CB0EFA0BD6F
:206FC00059EABF3D292047BDE09D103D45C0BA3EC499963C5952A3BC7C06B2B92B527F3C00
:206FE00002FF3F3E27FA633D371FB2BD5841823E9B40833C169ACABC4F9FF03DB68720BC30
:20700000B50B243E780B8E3D15FB96BD0F0504BD6BF875BD7E2628BE4F237DBDAB8FE7BD1F
:20702000459797BC0894603BFE6A70BDE48AF0BD20A36B3C8B05C73D80E8AABD3A43E13CD3
:20704000411682BD9FAB283C095CF2BD35C391BA6AF2ED3C06E2C33E4F94973D3A312BBD1D
:20706000A883693CEAB686BDF4F6103EDD516ABDFCE583BDB37A823E3348283C36D2303C6F
:207080005D028C3CBB1D39BCEE49B83D88C3313DBA99DDBC24FFCD3D411796BD4C8CF5BDC9
:2070A0005774CDBCEC70E63CDD7D813D2EDFE13DB03FDCBDBCC501BE9C9310BD0B56CDBD0C
:2070C000D41B14BDDEEAFBBD81E18FBD4125A5BDD89EEC3A6AFF023CC183E73B8972EDBDAC
:2070E000057D82BDD3C9FBBD6D334BBD6E7741BD42D541BC889453BDCB217EBDC2B6963E3D
:2071000037FCE13D8C25FBBC669C513D653B5BBD7D311B3E86C5803D50E989BD941A943E60
:207120006E416F3D4DC68ABC6165923DE71AC2BB429CEC3DE4CCF13D2CC1C3BD54FD583E4F
:20714000E01EEABC19C585BD38510BBD34F6ED3CFAC5B53C023AA13D56F4E8BD4BA216BC4F
:2071600019F3A1BDD7B909BE6113F8BDE81ABBBC7404F9BD40C1FBBB4992073E520EB13C5A
:207180008F36CDBD1F86AF3D5CAEF3BDAE4A31BC84F30EBEF6399CBA356641BE983850BB33
:2071A0003A6A893C2B5DAB3E3B09333D64D0FC3B0A66013D1320033D3D85943DB666593D70
:2071C000DBDF7EBCE97BAA3EF3F92F3C58AD373D9812333D8286033DB4A2823DF541083EAC
:2071E000E06F9C3D58983B3EEB34963D38FFC4BDEB71113D846421BD7C7D013DFCB0843D40
:20720000EF27CCBC700836BDCC0460BB26192DBEC5D127BC704B14BE2AF5943CF9F5A4BD0C
:20722000D67BC63B202D023E114C16BED0B5253E233011BE0669933D66A001BEAF0EA5BD11
:207240001130F1BD8EB00FBDAA96BABDD9B1A33E144E1CBAF85C88BD1D33B03CEF41DFBD3A
:2072600040F308BCACF70EBC260B71BD7FFB9E3E65B998BCFC7157BD049A68BC26C64A3CCE
:20728000A5E3813D03B1A93D4DB286BD7C39443E5732C0BD795F95BCC003143DA77C503CA3
:2072A000E730DD3DB78C933D9A8828BD0327B03C3428D6BDE1D269BDF94799BC7FB06F3C36
:2072C0001617DABD6FB6283D99D4BA3D5E9C7CBE09B8F7BDC2316F3E13F6E5BC68D7023E8A
:2072E000FE3FAA3C26920C3DC40C14BD693AE73C6DEC223DBFAC503E5E44493C9A1CBEBDFA
:20730000E358EB3DAD2A05BE203BE53D6510B8BD73C39D3DA89A803E5AFD933C89AE96BC4A
:20732000D2E37A3D3F64D73C996CEF3D7C18483DD0630D3DB2B7303E490074BD712794BD2A
:20734000158BAC3D79D4D8BC4A0E363E7317673D9AFD65BC5CDBAFBC04AD5ABD04D38FBD84
:207360008BD086BD8E05F73C69C5DABDCAE98F3D714DDC3D89C3003D80F206BE05FA0D3E85
:207380002A5204BE5FDA92BD3D059DBD76FA57BE2A2800BE52B738BEE3048BBD41DEE93D83
:2073A000FE2A833C23125ABE666E4C3AB9ACBCBD00AEB23DA21F57BD26A8973D8BE2B23DF1
:2073C0009632AFBC3589F0BD43572FBCAAC7EFBC9467F43D22F713BD4863F23C7924D13DD5
:2073E000AFAD643DD7110DBDC654353E15D346BD811E6A3ED1F4C83B2827C83DE6196FBDD8
:20740000560EA43DB3664CBB10979B3DBDE546BCBACFAE3DB9F88F3D3EF3253E3DDBBD3D4D
:207420002CFB27BE0D9DA4BC24292ABE2BB5DEBDBFA03BBEA3C569BEA5B831BE33C080BE22
:20744000B086FFBC07BE053E3902903C8BF904BE5448EA3DE32CFCBC1BCA143E307DA23B9B
:2074600070FEA93DD6A0033E517B0E3E9E3557BD9D82153E8A989EBC1422023EF34BB43D6F
:207480001184573EB91AE33D838A683E99F80EBC11B6753E48B9A43CC962883E65DFDF3D15
:2074A0009AF2093E9062D1BB853BD43D8BE29ABD449F023E44F8D63D8ED9233ECDF3C73DE8
:2074C0008E61BDBD99E1763E5F78BA3DA06EF83A5215A73D14718A3BCA8AA23DC9BC2C3E50
:2074E0001043D63B57CE513E004C453D6FA31DBD242A91BC757A333DFD730CBDAA24E73B97
:20750000F4A8E4BA8633683D749CB13CB8A0623D62A4FBBCA8CEEB3AFA71F0BCBE5896BD07
:2075200083E9B8BB6FF52CBD4F93EF3CF35AC23D04F8D83C576802BD19B7DE3CC09A3ABEFC
:20754000F850D93DA5A0E7BD5C0353BC5162043E500DCD380AEBE53C4E25983D96F256BD26
:2075600069EAB53C86459DBD636A83BCE82C59BD1210AEBC58051D3DCA70323DD02A533DF6
:20758000AFA0553D8A6F033DFF4881BB2881643D341EF2BB659352BDE5CC163BA3C22D3D2D
:2075A000F074AEBB4974C93D49B3483DD503173EC6C2FB3C8C44B8BCCB379E3CF64494BC24
:2075C0006640693D152D9DBC881C653D20499E3B53CB97BAFC64F93C54D3793D7515C7BB4F
:2075E00013645B3DC79232BDD07F973DFE5BB4BDAECC3ABD9A303A3D86A9AA3C1105EABCC4
:20760000FABD403D25417EBD6F534B3D698198BD967F203D604C0C3EE4C0973D5A8E5BBC2D
:207620001F7A753DED5207BD6612C13C1C738DBD7A39003D363E4FBDF80EF13B5CDBC1BD57
:2076400073B1523D8EF74B3CBE41523C8CC6E53D29D7823D50CB8E3EB8DAEFBCDEA7A8BD9D
:20766000976250BD07BF0C3C66F3F13BA994FC3D2329DDBB1C70933E95D322BDAE3738BD99
:20768000D5575FBD9219123DF00E103D6B07153E3B5C113B8B0C7B3E1DBDA3BDC2D1223C3A
:2076A000D716F7BDED219E3D1995B8BDFCAF2B3E900914BE99068B3EDC567ABB905C40BEE5
:2076C00012F4173D731FD6BC3F14E3BC3DA50BBE05AD77BD3ED210BE126908BDCD3B03BEC2
:2076E00094FA15BD21514BBE9C0FA7BBC6CAC8BC28CB38BD8E88413E1818DCBD70F3AE3EF9
:20770000361F27BDB00401BE1ECD8ABC07A7043EFC2D47BC9F4E963E811ACABD60B1D83E66
:20772000AABF4FBDD5EC0ABDA7436FBDF850013E231F4ABD3286963ECBFD37BDEECEB63E6E
:2077400022707EBD7B5B28BD541209BE814FF43D16B3E3BD7651403EC8A587BC5A28A23EB3
:2077600054E182BDC582B7BCF95A8ABCE63E043E47ED8DBC8F3BE1BCED2D65BD912BEEBD55
:20778000CD7225BEE25F5C3C6EEBC4BB490BB9BD096D25BD66FAB3BB050F26BD0A476E3C34
:2077A0002204B2BD4905C33D64D145BDF00FFBBCE94DB13CA527963CF2EE8ABD90AB3CBDDD
:2077C000DB0E6EBD6E2D9D3DEEEF0F3C45A19EBDE985393A371C9DBCE352413D1080B8BD72
:2077E0006E14923BBA1D343BB3018F3D6CE2EFBBF433253D28FDACBDCE0A8C3DEBB873BCF2
:20780000B934E63DB1D9483DDE9E66BDF37DBEBC69A4CFBCFB02023EF242E5BB2219073D98
:2078200062F479BD15B5323C4165E6BD329A983DA8BA37BDD04C873DB917C13A56F6653DAB
:2078400023D7B9BC2A52BBBD456686BD312585BD5E3633BD0355E2BBE8EF77BD00EF94BD7B
:20786000BEDD6E3C8AF885BE96D084BDC6D996BEBA784C3DB11BF9BB2D77433D345869BE52
:20788000AC018C3D5C5392BEC6B9723DDC6C90BEF2D6883B2B7B3D3C7F6E753C8C4579BE5F
:2078A0008AE4C33D69BEB5BEFEAB993D8F3CADBEB647F8BD597A443CB25B7FBA8F8A3CBDAE
:2078C00072380E3D5DA2213D31A53F3D21D6CC3C38F719BA4AE7D73D30E044BB13D7F83D90
:2078E0008F270FBD2A75503DE6AD1A3B14CBBCBD6907863B3BE003BE43431D3DAB0ADE3DDD
:20790000277C84BA6CD210BE9E3B19BD57C896BE16883CBBA75E97BEC248C6BCB142A23D0B
:207920002430ECBCCA333CBE2E0D4DBDACA28ABEF39D9ABDEC42AFBEAE9CD1BD99B3043E91
:20794000DAA8F8BDCAA34BBEFEF7C3BD2E4480BEFC0483BD2C42A1BEEDA38D3DE1CA0EBC79
:20796000012D95BCCE7120BE3F10D7BC64900BBED0AC1D3D722F1EBE7CCE423D8F993EBC8E
:20798000F479A63D7C4380BDA4E0DD3C164CCBBCBBC38D3D7FB5ACBDCF5E7E3DC06C6EBDF1
:2079A000CD6FB13D5DD50BBDFA8E8ABC7F5DF43B72B9543C32D90B3DBE48833D5BE8CC3DAA
:2079C000A7F9AA3DBF8F673DB9EB953D10DA8A3D3DFF6C3C9957E83D79D4443DAF822F3EA2
:2079E0009D413D3D256B583E0D52753D4F19A63DA6196C3D6CA0923DE6C54A3CF0F0CB3D51
:207A0000009E26BE4C9D773BD90ADBBD939EE43D97319CBD1A174A3ECE771FBEB478553EC1
:207A2000CDFD93BDC1E7033E1BF0E23C2C86D13ED66218BE5A37683E189FBFBC9ED5823DB0
:207A400089987ABCD33491BD3A47C1BC4D28A23E3FB9FABD2FC4AA3DBE943F3CB26E053D6F
:207A6000BBC4A63D09C47FBC3DC81BBE7AB49A3E87863EBEEEB0DF3D35F34ABC8CF7D13B38
:207A8000BDED233E4B09EC3C06934CBEA239EA3D24996EBE55FFA7BB2A3C66BC35A36CBD92
:207AA0005D7E4E3E69AF733B960496BC2665F03DBA9031BE5A0AAD3D8F5BB8BDF768CA3DA9
:207AC000C6FCE3BDCFA26D3DCDB553BD33F5D03C3580AD3A7CEE8A3ED0503EBE068E2C3D7C
:207AE0003C51B5BCCBCB0A3D5CBB913D7C4BB5BDFDA6D7BCC8ED5A3E351E23BE96A0983DCB
:207B000003C3B03D9802643B52722C3E1C45B0BD566124BDC961F93DF33041BE607E733DD5
:207B2000A533913D2E2E433C020D343E7038553C3E1002BEBA5055BB0EAD36BE4B9E8BBD02
:207B4000D8C4A53C74798C3CDEC59A3E46EC29BD6B1334BD0E43773D5A3DF0BD07C5A3BC7D
:207B60008A75AEBD2CFB9D3BDAE0D7BDC4AF963C634072BDBBF42CBDC538BDBB7319873DDA
:207B800071D10ABE271120BC0EB39ABC3E419FBD7FC9383DEB825ABE49360CBD95E7C03DD2
:207BA000149C25BEEEE0033DADC0823DE54696BC3979573E57E1CBBD827183BD8A88CB3C28
:207BC0006B0B75BE19F90E3D58AD003D002B053DB5B6573EDACCACBBFAAA16BE9568B2BDFF
:207BE0004C595ABE500CBBBC83AB0A3D220214BD98956D3E58C4653DEDB6103DCB28863C50
:207C00009D8058BEC6B2933D473891BDC0843F3E0C8EB3BDFE48103E96AC383CF43CAF3DEB
:207C2000EBD553BD28E59A3C3F0E5CBE55DB60BDF63197BC967108BEB17BB83DDD9828BE1A
:207C4000A95DE6BB36BA343D410762BE5C5746BDDE6F863D0DDE983B4E30C03D0923C4BD08
:207C6000A80AD2BC7F205CBD397B2FBE744593BBE2181B3DBFDF0F3DB5EB493EDA9449BD8D
:207C8000DD1BCDBD16EBA2BD1EC876BE69F851BB68C1B1BC98A97D3D0FB3FB3D6E96A43D0B
:207CA000AFB4073E0045363CCDC5D0BDC254553DB805DFBDE813063EDB59C2BC9D2B1F3E2F
:207CC0000831AB3C40C70C3E80D1273D2904C53C12DF22BE1E534FBDE5354DBD651D0ABE94
:207CE000944A113CB8C44BBE85C9A33CCBF542BDDED292BD1ED6863C1A7CA73C5C5BEB3CDC
:207D00002FB65E3E8B1F80BCFA6CEFBB6098EFBC4F7141BE75BCD7BB7B15EE3CBD54303D8F
:207D2000DFCB713EB63D0ABC9EB1B5BD43DACABDC15D4ABEDAC68A3BED51A8BC0E877B3D52
:207D4000180D183EC39A173D7C11773E499B90BCCAF7DBBD56F78B3DBA029FBD5700353E35
:207D6000352E74BD4354CF3DD3E0923C5C09363E1547AD3C0EF58E3B365310BE6C3987BC22
:207D800005BECD3C16B79EBD39EABF3D993CCBBDD0EDAD3D92DB563C1E1D3DBE02BE87BD93
:207DA0007E22A43BA180473DF44C0D3EA92D7B3B37D6A5BCAA3DBBBD34FA2ABE2666C7BC96
:207DC000174D24BBA54D673CF5B9103E9A445DBD18AEDBBD63E022BE8ADB8BBEEA5DA0BC05
:207DE00029FAC2BD1B6F14BD80B5BF3D4D430A3BB857BEBD2C6678BCD239BBBC420C7C3DA7
:207E0000779A8F3DE3CD4D3E5E15613C32AC783E4EDE743D05272D3E32F7A23D919B99BCA9
:207E2000BDA913BDF120C7BD9DFC87BB02A1EDBCB297083EADF6BCBD54307C3D072C56BD22
:207E400075ACD4BDC3DC80BCBC19C13C95F5AB3D542F2C3E7961E4BBDAE901BD9F51F7BDC6
:207E6000A7E175BE119D783D0F788C3C763FB03D070F163ED4F8133D38371ABE09B752BE56
:207E8000E90ABABEBE3F27BC4E8034BEFC24293D78A426BC2F1C513DD460B9BDEA61AA3D9E
:207EA0008E41303DDEABCB3D973FA13D72F7BA3D0F1F5F3DB1A91B3EEC99E63D96129E3D39
:207EC000E8BA563E7CFE263D836380BC687CC2BC1DAD463DAEF3C9BD1ED95A3E0D4918BEDC
:207EE0006CA1143E70F4403D788DB8BB907DF1BD56F0B33DDB4F68BD9B42803E67CBEFBD11
:207F0000E4FFE23C692382BD4D5F4CBEDEFE10BE0E30A03D300598BD2D19353E2BFB24BECF
:207F20004111B3BD0A4E3ABE087491BE23D71BBE7A33A6BD38F90DBEBE6A903CBECD45BE03
:207F4000FF3A093E493A1FBC0E5EA43E1A6EB9BD472A9F3ED390B8BC7E2A683EBB015C3C30
:207F6000EC9E9A3E3D4C133D958B7BBDDD67413E9228A43DCE60383E059E343E74F1C73DEE
:207F8000BE3F3D3E5AE3BC3C9CC925BE7E51733E8CE527BB2150873D06305B3DFA5E59BDA8
:207FA000C87CD13CEEAA33BD9E2038BED4A5843EA213D1BDBAD7BF3CC8F875BD005A87BD9A
:207FC000CA68E0BCB22CA8BD58B714BE108BFB3D580034BE63E6183D261C0EBE0FE39CBD9B
:207FE000E9A1B8BD9304D1BD67955FBD4101D1BCC445B83ECF6111BDBC7F403E70EE103D15
:20800000831A6A3EC40F423E35BF6A3E7D4CD13D962BBEBCE595C13DF8D3B03D4A8B023ED5
:20802000866E9C3D8318B23D1021293EBC73583DD205BABD9DA1253E7FBFAE3C122A503BAF
:2080400044CD9E3D5097C63BCC458B3D8CB553BDAB4568BEBBFD273E13988BBD7F4C8F3D65
:20806000169F2ABC4B6FE3BCCFC9163DAD7B95BD41026CBEA04AF93D871B28BEBFF5BB3CE7
:20808000AB360CBE3D013ABD509194BD0F07DEBD2E79A4BDEBC08FBC1A42223E1FBD76BE53
:2080A000DE48BE3DE0B571BDCF4DA63D9F61EDBB02ABDA3DB9111DBDB629F9BD8DC0B93DF5
:2080C00080055ABD5C45CFB93E9EA73D72ECC53CC274253DA5C895BD2B3768BEF5B7283ECB
:2080E0008F98B43B97A09339DB127D3C2B710DBD22CE453D63A88CBD50EC81BED444013EC3
:20810000BD9DB4BDBC1B963D4F8C3DBC3B663EBDE74F0F3DD9CD6DBDA6D41DBEBDF03B3EAD
:20812000F59695BD02A8193D114D5BBC89D7A23C5775D03CDBAFE93CE3B4B33D6F86E8BA0A
:20814000F108B73D2F8565BE6470793D5AE1AABD60E8903C417004BD8B97E13C4CDC8BBDFA
:208160003ABABEBDC42246BD8B744FBC225173BDE711C53D7A7055BD9E072B3EBF7EC2BD3A
:20818000455DCBBD5F6F23BCF8D35D3D18B669BD8B783F3D3ED4B7BC9F4E123E9A7CA9BDF2
:2081A0002561A6BDE67E893D67D96FBBAB528E3B62B9BA3CB68D40BD27228BBC3ECD943AC2
:2081C000A421C7BC0CD3BC3D82F56EBD83AA603D6B943B3D11FEA2BC5BDB15BCDBF1A73C79
:2081E00079BF833D3EAD45BDE501BBBBAF168ABEB25000BC23E318BE4549703DBE8F2C3CA7
:20820000420B1FBDB8A1C7BDFFE0C5BDE6D6AA3DA4C0463BB5424F3BC89E393D0E6BA8BD34
:20822000A9E1BF3D2FCF57BC57F309BE1241533DE3AC0B3D22872CBDF46A6A3AE7962FBDDF
:208240005BEE8D3D2B0F91BC35A0E0BD9736C43DC4ECDFBCF9A91F3D79B7193DFC3529BD5E
:20826000D2E077BBA0273DBDC8B836BD6247763DFD4A793D0793A1BD5E24C3BB6D056ABDFC
:208280006E27253D362994BDC3B521BEC24DDCBDB2FD82BD16C4E3BE1F8095BD662342BE55
:2082A000A52EDEBB4BE5D3BD13E298BC79E8E4BDBEB827BE0720873D5163863C1699683D37
:2082C000D6202E3BE51DB5BCC1184E3DAAF0BBBD9FE9C5BD669D183ED1CDFC3CB8345FBD15
:2082E000C1CD8A3D8FE785BD09C0B03D1A19FDBD34AFCCBD2011EF3D08CC89BDDEB5973C85
:2083000040358D3C96015CBD6D68893CE2B313BD47A62EBBBAA0643E405E4E3D054B403DA8
:2083200090A0AA3DB387A4BC22ED213EEF12C63CCE2F5C3DD70B8C3D07EEF33C77E818BF80
:20834000E70B72BC192688BE5ABDDF3C3C1973BD8285BF3C0629BEBDCB5A15BE622CBE3C95
:20836000D5D4EEBC87ACA0BC2755513D075FBB3B8CAD973D99E420BD356B1FBE6D340F3EE3
:20838000B0D328BD38475F3C6983083DC12A0ABD7B419ABBA534E4BDF690A5BDCF14113ED3
:2083A0007A0652BD5B44CC3D424A90BD7ECDFDBC11D449BC2D076ABC9D490B3DEC173D3EB9
:2083C000AB0F02BCE5440F3E5F0DFF3D9148743D0A87BF3DD60F7B3D211A2CBEC49676BCA2
:2083E0001403A2BD7ACC2EBF6EFDD0BD63C695BEB7371EBC78A1C1BCCC490B3DC6A0C33C40
:20840000649837BE1878AF3C8E78853CA0745EBA97A4903D122BB43C58AA4FBC56CD28BDB3
:20842000036A1DBE7163093E6D4392BDE9FDC73D26ECE83C0A54A93C4C8A38BDDE58EDBDCC
:20844000072158BD4DCA643EDE96CBBC1969283E466455BDF11BB03D434162BDD7C1133C04
:208460008C08123DB948863EB02CB63D5E3E753EB32E8B3D4527383E8883F33D4D1F2D3E99
:20848000413E04BDCFE43C3E8E60893D093D143E6B85203E6D7831BE4AD9613E961F47BE85
:2084A0009078033EF6312FBEE00B623D56D4CCBA76E0A9BC585F193D19C10BBE41AE0E3E7F
:2084C00003CD83BEE9BD1D3E48CC03BEF9EFFCBD19D961BCC39CAC3DD0DADE3C8CAD8A3DF9
:2084E000E831F5BD630F02BD8A6AA7BE902143BEEAF0833D1B90D13CDED5213E3D81603DB6
:208500008338F23CC6A5243DE1BDE7BEBA8C79BE652C193EB34924BE53D28A3E1305A7BDB7
:20852000FB69393EA2D864BD5CAEB53A06E85DBC4A80363D0E4239BCB6BE2D3D760307BE27
:208540001F650A3D0B102BBDA19CCA3BA59E2E3B5D0686BD4B2DC63D53594DBECEC4D43DE4
:20856000D5A767BE0AE9BF3D65986FBE8314853DEE4C28BEE824553D1DFCFD3CEB54883DD4
:208580005CDA5A3D65CCD8BBA03883BDEE8DDCBCE186ACBE94E8A3BCBE16383E2C6A423D14
:2085A0006B643C3EF135CC3C9F2B663DBB937EBDAE31ABBE1785FCBD0347543EC0CFB9BDD0
:2085C0003AE58C3E34724EBCE16ED23D361892BDE2131ABE51FEAABDB634BEBC55FA0EBE05
:2085E000E4F4BD3D16B295BEF7FA893D8B0823BE44BC83BCE02623BE3AB3153DFA42373E4D
:2086000025C375BDDE587C3D034D30BEF2AC743DCF6A25BE0D406F3DD985AABD3C491D3E0A
:20862000995FE73DEB20173DC245AE3CF4E814BDC861B4BD96C6BCBDBFA6A7BE6193C13DF6
:208640000DBDDC3D3E19DEBC97E50A3E7C86B1BD75C8E03C840A5CBDAA9EC5BEE6C353BD8E
:2086600092FB133EEFBF8ABD4EAC233E19E4D1BDFAE69F3D3B7212BE63F202BEEC3C02BE0B
:20868000D22BE43DF5F6EEBDCC53E33D0FEC83BE2ABE573E93A0FBBD4C05D63D3DF9C7BD25
:2086A000DBCA683DE2252D3EFE8EE9BB1D9B8A3D09DC28BE48A1113EE33153BEBEF0CA3D72
:2086C0001045D7BCC79BEF3D6312FC3B78AF633D6BCAA4BD0FA8F63C72979ABDA1A348BD89
:2086E0004E9A85BE0F4EF93C0EBA753D49CFFE3BB53AC03D4CD9D1BACB70903CB0B155BCDD
:20870000565CCDBE2E04A6BB0C901E3E912EA1BC0D2E3E3EFA5419BC35D9443EAE89DCBD3B
:20872000EED0D8BDA79BA33C545F02BCB2EB0DBE99E1733D93DB85BE9518083ECE911ABEE7
:20874000022B343D4F363ABE5F47EE3DE9BB933E63CB3DBDC854173EA21D25BE6576113E53
:2087600071993DBE30B1EC3D3F62E43CB6AA8A3E97209D3DE64D3D3D9FA8383C3883F13D1F
:20878000F780D1BD0611533D85F8E8BD93D50F3EBD46103E08B7BB3B80AAC63DEE1265BC02
:2087A000E35CEABB9C409FBD5BF488BE7A72D63CE4990D3E876B8FBDE8D4053EEA3D4CBCD6
:2087C0002712B63C015415BDA81A243DD52AD63D8F25C0BBDBF9DABD026B073EA5A68ABE33
:2087E0007519183E389597BED791FD3D598073BE30FC793EAF446F3E6EDC163E6DF7E23D23
:20880000630CC43CC4B1133E33B225BEA333153E063ABD3DA283003E7EE4023E60D8CA3DB4
:208820002C68893D9F95313DC280BFBDB3E299BC7FF02FBE3595BA3CB32D7D3DF6AEADBBD2
:20884000BF78DD3DCDE57D3DDCC506BD453CC83CE590E1BEC4F69DBD37EEA03C264EB1BD67
:2088600019042D3D3A0610BD28B895BDEF2E98BC46C780BD3E62A33CE2D6EFBC01175ABC67
:20888000DDBC933D3C3378BE38692B3EBB438FBE21E6F93D523474BE5DA70D3E102D7D3E39
:2088A0004753893DD2039E3DDFD5BEBCC4A3863D4E0227BEB13BE03D21E90A3D951B163EBD
:2088C000E8EB093E97CB013D3FBA71BDDD60923C2F6B2BBE834AF6BCEA7B8DBE553AC53D69
:2088E000DD02C73D3A13F33CCCFB083D218021BD998A0CBE8BD3AEBC1CAFCEBEE163A9BDD8
:208900001B65A23DDCEA6DBDB624123D70F08CBBADB090BDE21C4EBD9B27113EC1CF913D16
:208920002E18B43C85985ABE70E82E3E5B07B0BED8C4523E96259FBE86A7353D6B8323BE86
:2089400083AB8B3DEBF52C3E06F7563D79F7193E3D6B40BD8CF2B73D9907FCBDF2837E3DE0
:20896000FD16D8BC3A6D463EC9B7F93D1B1B873D968491BC46C586BC02A92ABE947F5DBD01
:208980007B4C91BE0ADCB43DA14C293E1867323D36E6103D98C637BD584372BDA6DF19BEC7
:2089A000D060D5BE787F4ABC7D1D3E3E9F75A8BCAB27043EC115C3BDCBA287BD16CEF7BDB6
:2089C0008128F13D322745BA2524903D9B35C53D38184D3E5DC3BA3DF84B503E5F296BBD0D
:2089E0006664553D827E76BD4246913E3248DC3DF307403EA29C1C3EA4EBFC3C943FE13C37
:208A00009B23AC3A730AC2BC2530923E5EDC0D3D0D15083EEABFB83D901CF7BC51ED783DB6
:208A2000021AC9BDCD0A4ABD08F7063ED22018BD17AF733EE0F04BBC9D007F3D38E5A1BC8B
:208A4000677560BD1D96AABDE6A5253C32922EBEBBB6103ED50121BE3F04CE3CC1EAE5BD59
:208A6000F2D520BE3D3876BE80F8C4BC34B1D33DCA7DA7BCCB72CC3D57A2963D1461A33CAB
:208A800086C5513D3547F4BDCA5F993D16870DBEF4F0C43DB3664F3DBC29DC3D71E92E3D1C
:208AA000E3C38A3D3614893DF575783C6D89A13D4BFA023E01DA9DBCB5F90B3E383EE03D04
:208AC0005DAA703C197BAA3D7FD22FBDF483D1BBBA33DE3DC7E4EBBD3AB8463E72B32FBD46
:208AE000E610873C03E6453DAC29C1BD2BBB4D3CDC8D06BD7E3668BE143FAE3D5048CEBD29
:208B0000604F883CA836DBBD3D535BBEDC1CE5BD379818BCB25E31BD99C998BDAF1CCD3DFC
:208B20001FDCAB3D1D40043C85817A3DE99A68BD0B25EA3C412F0FBE28D1EF3DDA71EB3D25
:208B400004089C3DE601473D464C4CBCCB53873D995E3D3D1A49BD3D573FD63DFD345BBD89
:208B60008528AA3DC61A9C3D4FEB103D98A6D33DE329A0BD9CD1D23D06D9373D471AADBDD0
:208B8000F833293E6890B7BC9F153D3D658BE63CABB325BDBB79963C3F3660BD687E6ABEB2
:208BA000C0C8863DA76043BE83ABA7BD14000ABEDA0B27BEC78AA1BD36F4233E893EBE3D2E
:208BC0000B5F07BC38276E3E5F186D3C5066CF3D9AAC703D4B96683DB027713D271ABDBCC3
:208BE000C240243E2D41DD3DDCE60F3D7D92FE3CDB5CB7BD9FBA203C14A684BD86892E3D5D
:208C0000FADC5B3EDFB21EBD9865B83D8BD3E33D33F188BD1561283CC4A708BE4BD60EBDA9
:208C20003F78353E4A97B8BD12170E3E1B1E243D1326383B76F903BD0F4F16BD1A584EBC1D
:208C4000BAD4303D254C07BEAEE5713DDF3108BDB771BC3CCF32B3BDA369FCBD9429E2BD1B
:208C6000401579BCD2F136BEC64C8F3C8CE81E3EAF99063D6436B33D903388BDE6896ABD53
:208C80003026A1BDAACD013DC1C0243E1516373EE63929BCA703BD3DA6A6FFBD19310E3DA3
:208CA00007CF43BECD69D8BDFFE0F73D1CA38E3DD084C83C03C22E3C9DD78CBD238AEA3C5E
:208CC00006EC9EBD666090BDECD5203ED8F20B3C839CF63DF4BF353D70038C3D44B483BC1A
:208CE000B13EADBD611B23BE2EDA803D0C54A5BD6EC0323E0A8520BD662A4C3E4716BFBD3A
:208D000057837D3D534F29BECA5FE93DA824473C23D5C93CD162303DCD83CB3DA28E133E22
:208D200083E962BDB822013E689996BCA2D8703DC0C6153EFE1D8C3E0C65053DA8622C3E30
:208D4000E964ECBDB147CA3D950008BE97701C3C28177C3EF685523E5B55223EDD380F3EEE
:208D600049F508BD4943023D6E1F3FBE80D686BD5B2A623ED2B7A63DF440823EF6360F3D05
:208D8000177FCD3DD53DB9BDDEA1E4BC0E7C5ABEE80D1A3ECAE0C23C237E9B3E8E78A6BC13
:208DA00006E32B3EC424F1BD0406033E7E438CBECE1314BE93C4D1BDBB55FF3DF1E86BBD90
:208DC000B1F74A3E9204CE3D3639123D3817863BBD489E3D9B24213D5BC0FE3DC32E203E52
:208DE00062AE1F3D0051323E14276FBDCE40193E3ECC88BD4AA7C33D4CCEB63DBDD07E3DE5
:208E000019D7EA3AB1C6F73D80F2DABD6E00173DEB171ABE8E0450BCDB7408BE1D4B793C1E
:208E200098F6CB3D3B22A73DEDB2EBBC58445E3D996029BBF611CDBCE10C2ABE50509DBDA2
:208E40004132453C31BA1CBC18D1B8BCC3C330BD4592C2BBB1A70EBE074176BD605C44BBDD
:208E6000D03EF03D4A58863EC74EC13D0527993D8E4F1B3B46A710BDACE8B13C91931BBDD2
:208E8000A725AF3DD84C74BCBF17823D7783993D0362BEBDEFEB133E0D5C7DBC60D3DD3D67
:208EA0007FA1BB3CEADD7DBC0F9EAC3D4B7CA73D360A613C4F89FC3D4A66CCBCE5D28E3DB2
:208EC000FCB90ABD7279CEBD57AEAE3DF9444EBDBCFA093E4DECA53CA97AFB3D1F29AA3CC8
:208EE000916EEABD325274BEE2A15D3DAEF5F8BD5E7E473CA4D918BEF14FB03BD23792BD6C
:208F000048B3A1BA79A02CBD243E0D3DC0C99FBBACAAC43DDA87CCBDF520043EC7C71ABE6C
:208F2000D7CA763E76A9073BAD60703B8CE4E53DA08DC9B9A590A2BDDF52D03A087CD43C1F
:208F40006060083C1C18E13CF66B443D8E42F83D9B4A223CDF888CBD232A89BC05E615BC94
:208F6000F9BA7EBD3378303D3474153D08D0CEBD0B1F3D3D8ECA2CBE41EA49BDF6913ABDF9
:208F8000A1E764BD76DC913DEF63E23D623562BE9237F1BC1B2174BEA9F1EBBB75D9E4BDCD
:208FA00054C3CB3CE93C4ABD0052BABC06D8F03B2A200E3DF158F63D9E06923C6BE5F73C90
:208FC0009980BC3DDDE50A3DFCE31C3EA3FE823D7309D8BD319AA63ED968CEBD6B38723DFF
:208FE000B9F20CBEE3C19C3DCF39A2BDBC7AC83D5F7980BDAF786C3E0B57AFBD656E77BD22
:20900000EA56C6BDBDABCC3CB0AAB3BD1462E33DC51BBCBDCFE6B73D4B4553BC66B011BE37
:20902000A0CFBCBDF26DD7BC75280FBE1FC39A3C67E3D03C2C7844BE44C83CBD68B083BEDA
:209040003EADEFBC1E68DBBDD0462B3D6CB2B4BC56A21F3E9726423D05A3603CC491FD3DEC
:20906000EE1F10BBD9AD2D3DC6DD8C3D2C092C3B60665D3DAD5D843D5F70B9BD8C97853ECA
:20908000C97EECBD3CF583BC3128BEBD0A8CD8BCC7961CBDC2DD313E54F146BD4938213E06
:2090A0002C9E033C04B330BEFD3453BBD2CC16BCE2F7BCBD1719D43D80B1A93C7C206A3C68
:2090C0004E8A8BBD4B8E15BE597303BCA6C42CBD465AC5BDBC0F8A3D3B5822BDB0758FBE4E
:2090E00092F98C3BBC5065BEE20B17BD2501D6BD35814C3C7E1281BD467C8D3D5B128FBD24
:2091000081C0A03D7BF1353E43A0053C0B54CE3BC4FD383D8CCBB1BD74EA873DB0632A3D2F
:20912000B4D92ABD4D60D33EB2865CBBACF4643D77500E3CE5F39C3D94E9933C1C410F3EB5
:209140001CF1043DF9A38F3EA0DB183D479412BD815DD53D0ACD723D9DBAAC3DD828CF3D1C
:209160006FAFB7BA91070A3E742BE93DE26BA2BD22F19A3DB9D2B2BD2D17AFBC62B15A3DD2
:209180008E04A7BC6646F1BD4B29653BE8C43ABE9433163D4C0C4FBE686AC53DFE3618BE6B
:2091A0004BA283BD6A0BAF3D8356963DB2E089BCAD8C593C857AF4BDF136273DAD1E98BD75
:2091C0004BE0923D967160BD8015BDBC7A4F913EFE653CBD749C623D9CE40ABEDA8C193DBC
:2091E000E94F14BEB9B0BA3D9DD026BD9527A83E0ED429BC27070A3BEBB58A3CCE72353DC1
:20920000F054A1BD34F9053EA3F94EBD32D8523E541803BDB7CEC8BDF0EE483A21F1693CAE
:20922000C9B1E9BDABEFEC3D73FC0D3CAF97593CE6D98A3CCF5DD3BDD429493D49A8F2BD54
:2092400090E607BDF1EB6FBD21808CBBF4C70EBD4626B03DA69BE63DFEE24B3D35FBEABB64
:20926000E357C93C6DCEE3BD75709F3DB1D8253D0CEF313CC60AC43EFC9CE7BC803D683D51
:20928000FCE463BD0D99123BCD1100BE7D61B13DF527B13C79AFA03EEF1F0F3CACC9E23A7A
:2092A000486A533BD53B833DBC1EECBD39FD033E613C3BBD2C548E3EB16823BD9DDEAABDE8
:2092C000E020C4BD080AB3BA11E817BEF7580C3E17D0993C01D2E43DC93EFF3B43FC32BC09
:2092E0008C28933D0037013D5B46A93D490D803C8B81723E3C03D6BD3BE2A4BC9ACC33BD7B
:20930000D336073CB29428BEC953593D4F8F92BE029A053EBC331ABE6F1CA13D1046863ECC
:20932000B223BC3D576984BDC23A333DA85407BEBBF7673D38D180BD37BF3B3C47EBB53E03
:209340003FDDB93DE8A6AEBD9195CE3D83648CBD6E229EBC7BF810BDE0B6C73D5CA0593E4A
:20936000C1A9C03C9D631DBE378672BD5EC187BDF1E58CBDFCCCF23CFBAFC63D49E3A53D8D
:209380000AD48B3DED6E64BDBCA6DB3D8927C3BD2A855A3D247C58BD978BAD3D63E5AA3DCB
:2093A0000C3B3C3D589DC9BD3CCC8F3D3FB461BE0BADA83DB8CE50BE5BDECA3DFD1682BEC8
:2093C0001BA343BD2DCC9F3E262BAEBC2B57D8BD4D663ABDDF5C6FBD195FA9BD5BF124BD0B
:2093E00057821FBE2B46AE3EAF59DFBDFC9532BD4BBA1EBD5A5348BDA4C722BE68DB3E3D9B
:20940000E87D5DBE74BD403EC0A3A2BD99C3BEBDC3DC4FBE5A3A3DBDD6DE7BBE0211C03D4D
:20942000D99D10BE14477D3DD48DEABD95D4B7BD69DDE8BDCD2A12BBC55217BED566CA3D11
:20944000690F283D86B0A23D565A593BD90700BE8A2DCC3D47B2C93DC305EE3C38CEA23DA2
:20946000E74F253EA4C58F3D026C0BBEA9D1A93E0A75A3BDC3302EBE6B7702BD984DD6BDAF
:209480001BB21A3D492655BDDA1EA1BD40D0AD3E51F66DBD5F7903BE6201BCBD317984BD05
:2094A000BEE698BD821B0B3E289E063C8739A13E014E45BC60EB57BD10CC77BD92A7023DEF
:2094C000127C38BE591FE23DA04239BD40DDB23D734D46BD01F328BD3C153DBEE1B8963C3A
:2094E0008BD7A0BEADCF023EBB5B54BDB540A83C78ED0A3D9830A7BE82534C3C23BE7FBD9D
:20950000B8F7E73C0CAE5C3D0D95F93D71509B3CF613FABC948AA33E78388BBDF7A62BBE7A
:2095200081E5FBBC75C655BEDA0E153D3F7FEEBD137EE7BDD0B1C83EB76D97BDFDA27ABD13
:20954000801EDCBDF2B87D3CBA2DEEBDBF809B3DB85553BC0768A83E3CDBE3BD77B4A1BD17
:20956000DAC62DBD1A86BFBCAB0027BE1D44023E9FF155BD27D5523EB7CF76BDEE26AFBCAF
:20958000F7071ABE0F04D3BBCAE972BEA1FD1ABCD6AD78BD659012BEC61B0A3E2EAF64BE58
:2095A000460E363DA1A8C33CC97F7C3D57CC863DEAFB6D3D1F6242BD1BDF883ACF24733E46
:2095C000BC0B8A3DD3B623BEF0839B3C2A7701BEEE41993D20CB31BC20F9F23CD1C2A23E52
:2095E0009A842E3D72D619BE355E153D3801D73C1894113E9208E63D7B21833CF6708B3E50
:209600004CB8B53D0BF9AABD03D9BC3D942BB53DD337323D7511033EC77ADA3D5A192B3DF0
:2096200061C4033EF99D2DBAA197093EE6A79ABDC01E533D59B5B03DF3AE973C4EE12A3975
:20964000202ABC3D5143413DA95A4C3CC57C443EEB63383D33833A3EA86C15BDBAA0093EEF
:209660000840BCBD98B5C93DABCD87BC098733BEEA6A2CBD4F2301BEA3BFD33B08DAA1BC7D
:209680006B5CA1BDF67B4F3E2E38853C7F33E0BDB0B3043D704961BDF232513DD2FEFD3DFA
:2096A000FDE5ABBC3EA5CF3D3BAA903D3D5D68BDFAC3943C4D073A3DCDF1753D4F8BAC3D76
:2096C000B8B28F3DBD33AD3CF3368A3DF2200FBE05655F3D76710CBE2A4EB43D44CD93BB2D
:2096E000E96422BCD09609BE5C0CDC3DFFB832BD1830733DAFFDC3BB2981C23A16ECC13D23
:2097000006FFE4BBECD5013C9D3B89BD5F456ABB009B3EBD336576BE5E64BBBDA1D228BECB
:209720005218F1BD938105BE6A4647BD4EFB853D53CF16BD571BBABD6665BEBC14D749BC68
:20974000517B9BBC1502B13D61DDB2BDE5D3683D472D0C3DD41A21BD99983B3BF51C8F3DCA
:209760008CF164BD1236C23DEDF87ABCB2DB3EBDD59C553D757E20BE453AFABA1D007EBB04
:20978000E17F99BDC1589D3DBADC01BE3FE7CABD6E4E513D14D87FBEB3F4B73DB9C5F8BDDD
:2097A0004620603DD14866BD0592F4BC97699BBC3F5FDC3D806A5EBDBA04963C012465BE38
:2097C0000F2F373D916915BEAF3D803CB539BFBDEB0A603D7A28313DB22E643C807321BE04
:2097E0004596553D2FA2123DDC8CE03C711DF43DB4D7A03D18EC323E1EC5AC3DFB3F98BD62
:20980000E474333CC036293CC06DCA3CA6AE113E825BFC3D888C953DF140A73DEF399C3C3F
:20982000C060963BF2945C3DC216953CC9E1123EA7A4DA3C7C74C33D3FDF353D2394ADBE72
:209840004819423DC9E717BE7236D53D1C21FEBD72E557BCAC778EBD2263403D98BB2DBDDA
:209860005675A03D343940BEC0509E3D838FB1BD659D08BDE84F59BD5396A53C5134FF3DCB
:20988000D13FCC3D18F29BBD33F689BB08FA7DBD725A4DBDA33582BCED6E35BBA0F9933D04
:2098A0008DDC0A3ECEF6C3BD7AEF443DB1ACC33C9CAC173D34DBF13D0ED3C63AC6018E3D21
:2098C00025AA993DD32FE6BDD27AB83D99ECA4BCD75168BCA299293EB2F96B3DEED91FBD34
:2098E0003C1C99BD388A6BBE6455E4BC87CE85BDABE124BDC8C0043D4B6408BEC1248CBD06
:209900005FB5BCBDF0DF823D00649BBD221D1ABEE16505BC8FFE9EBDAC0F05BED1EF58BD17
:209920002E0ED5BD7137C63DFCCFA43DF9F327BEFA9BE73BDFA305BECDD684BD7C29633D0C
:20994000A46056BD6406083E2191EC3D27A142BE6295DA3BF4AF35BD3C9F67BDB85FD83CD2
:2099600043C8853CD5208EBD8436653DD9D12EBEC32C853DEB960E3D8B6A473DE33AA83DF1
:20998000101C51BDA68E293D1E58463D813DC4BD2AE9C63BBACCE3BC4E9CFBBC8455463D85
:2099A000F23D123D9E9E3F3D09D6D0BC7F6261BD29C6083E26C3333EAB4B423EE66DF73D7B
:2099C0004A5F053E82DCB13C357C8F3C62FF5DBD7563B0BCA612493E81F6B03C8B3E523D1B
:2099E000A5B1723DBA95EEBDAB24CB3DF873B73C7DF7CF3CD529D53DED5B88BD969F6C3C3A
:209A00001E83ACBA9302B4BD38983A3E9D27B53D46EF0DBC1227E83D03D0F4BD00CD513D00
:209A20007D88D1BDDFE621BD41B7EC3B1E6FC93DBCBC18BEE3872DBDA825D6BD203A513B56
:209A40001617D6BD421597BC63E9C2BD2BDF763D7E2461BD82AAB6BD8DB148BD67EE323EAD
:209A6000307F2A3D0F01FC3DF9E4C73DAA898A3C18C79DBC81D281BC94A7B3BCFE64363E65
:209A8000D717B9BDE16312BC2FFFE8BC7E3E3EBE1607963D584C203DA36827BDCD12643E65
:209AA000BB336ABD44C9653C2A61C7BC2F8C56BD27A7293E7418A13DEFA03FBDCE502D3E54
:209AC0006D75D6BD5C915E3DCE1427BE407D013D31F1DDBDA12C6E3D889AC63BDE478EBEFF
:209AE000D231783C4F7310BE991693BD067CA7BCE573B6BC8A9BBEBC426E85B9D5FF323EA0
:209B00004791A83D0B5F6B3E09DC093E9F1C673DC17D103EC553C5BD5A9B9C3C812C3C3ED0
:209B2000213BEE3C82C9403E2D17903C80158C3CF2AEACBDD68029BE0DD2CA3DFC760B3E82
:209B400039FA6A3CA66F2B3EAABE94BDABCC483C126394BD27E239BED93F7C3E6F2D003E88
:209B6000966E0ABD8A93133EF6BBECBC8A7A3BBD29A5E4BD07009BBDECA9ABBD51D4173D13
:209B8000E70B8F3D8F59C6BE900EF73B6DB10ABE406A77BDCF3ACBBDC2DE0B3DE6B2F6BC44
:209BA000D31B44BDCF62023E9506043CD101923EA0C1AA3D04927F3D02BE443EFE9A8EBD09
:209BC00005C031BDCCCFCD3D6B58203DD06D613E6E6A4D3CF79028BC77B3233DD5054ABEF9
:209BE000E7A0663D9D7DDC3D98B602BD85E6403E0C84CFBD946B83BD3CE1E1BD40962DBE3B
:209C00008509783E847DB93D3E3685BDD49FA03DF95B13BE6A8963BC0A56BEBD264F7DBC43
:209C200002FB12BE525ABD3CD572C63B8C68E4BE389B7ABCFF0635BE67ACC9BAE4ACCABD26
:209C4000883AECBAECCAF0BCEEBE02BEB7554F3ECB119F3D87C8603E4C32203E698F033E7B
:209C60000D72413E778CB1BDAF448FBD669CEC3DC8BD563D993F113E7509803C55532EBDFF
:209C8000300386BBA1F1E5BD9641423D2DB2F83D59CA803D87C25C3E2EC92F3DB7B70FBD52
:209CA00022E42ABD1E6921BE38DDD83D97E11B3E361A58BC73F8B93DC242A6BD66B9053CCA
:209CC00051E85ABD9913F5BCA6C3CFBD0A9EF63CC7E1593D0E7E1ABF087B3DBD184368BE67
:209CE000B55D40BD0A7DB3BDB84834BDF422A6BD5512E4BD70E9CC3DB8F0233DBF43513EF1
:209D00000033153EE8A6D83DF5AEE43D48A9D9BDA136EABD5EECD13D5116C33B3BADDA3D95
:209D20004C5307BB9D1A85BD32A4A0BC7F2881BE444A5C3DC6D8C03DE6CC143D18FB053E96
:209D4000AE6062BDDADC45BCB9E8D9BDC04551BEFAC2363E2265133ED298EF3BAF76F83DDE
:209D60003C5FB1BDC843A8BC3BC027BD8CAED2BD8252C1BCDCBC253CCD87CE3DA3A91EBFF1
:209D800068E95FBC4C5E91BE78A8E0BD719E0DBEA15545BDC910ABBC399927BE2A88FC3CEE
:209DA000366171BCB384723ED5792E3DE972913D434CEB3D5C65D1BD641D41B9BCFE56BCC9
:209DC000D160B2BC3F181E3EB4F6DCBC69AF573D48E2803B9D2D0ABE2629EE3DDBEC183E35
:209DE000833881BD1EC2503EA254D5BC29B6863DC7738BBD4A7902BEEA23173E5DD73C3EBE
:209E0000A8713ABD049E173EAC4500BE078651BD49D0F6BD516901BEDA0208BEB7566DBDD3
:209E2000499B453D5DF01BBFCAA175BDF2083FBED48DA3BC9B61913C149DB8BD531D993D0C
:209E4000A8A204BE3477AE3BB9823ABD47F4853E19C6073DA6F5603D30EEB03D25D5A9BD6C
:209E6000E377163D571EDD3DBD1639BDB7CA6E3E2CC6FB3C159CC13C74EF8D3C35AB35BEDA
:209E80005935113E82E0153EFCBC633D64AD703E3EAF083DDAA589BDAF89DC3B9C8265BE92
:209EA000A4C8483E9326843E413D72BC8ECFFC3D97F57BBDBF86EABC14ED4FBDB96379BEE4
:209EC000121734BE9585843C91FDC0BC751EB2BEA46AA1BD458C5EBD32F6E7BCD6C5833D02
:209EE000474353BDA33A8ABC34520F3C310D263FDCF591B7096975BDF7C488BCE43BB4BDE5
:209F00008D38923BA8D620BC81580E3E25AD1C3FE3272DBD25106ABDE90CCDBDC1A2953DFF
:209F20002F24EBBCCE49E53D06101E3E3A1F063F33A61FBD300C9F3C8B8512BD0A1DFE3CD2
:209F40009C3788BD5BF3623EBD461A3E6CDE443EDA8A1A3DFE8DCDBD0C8B753C590DF83C22
:209F60005C501D3D05F5BA3DAD2E4BBE3F4EB03D0F4C103D645B2DBEAED78F3D8897623D2B
:209F80006539773DC2EC7F3D7BA30A3D241F903DCC65D63D910BDC3EE6B2343D577A43BEBB
:209FA00066ADDD3D3B27FEBD61B9843D858DF3BC76DC0F3EDD53C93E656E463DA43218BEE3
:209FC0001D05003CE55C71BD8B50053EAC2A903D882C513E308D7B3EB780933C9DCFE2BC2A
:209FE00013FC69BC4E25C2BC8C145B3D09AFAB3D27EF343E40B7843DB7E4643DDC630FBEDC
:20A0000031FEC4BC2C99CDBDFA985B3C0771A03D642C4A3D268B4ABE8F2A50BD6EE97ABE9F
:20A02000393F97BB32B7BEBDEA104CBDB673EC3BC0BA223DB36E92BDEA63E43959046A3EE7
:20A04000515D8B3CA6D376BE3A4A6A3CEB02EEBDD886AE3CF6100B3B0351793C13F7903EA7
:20A0600010CD0EBD036A71BE27A438BDA4EC8BBDC3E85D3D61EE983D9B93373D8682293E8A
:20A08000C6B9C6BDAF5526BEED2690BD9E76603DAF42713DB0B8283E6D06B53D424AF13A3C
:20A0A0005CA9E53CEB662FBEB615E6BA94CDB2BC76964BBD2413893DF19EA2BD4BDCA4BC7C
:20A0C00003F5D0BC14180CBE53D9A0BD957D02BD9D02B53CA083ABBC0421633AAD7502BCF0
:20A0E000FB5A62BC9B09233EDADA2A3D1A0B70BEA2776C3D4937F3BD6293C83D4C056FBD11
:20A100005835BE3D74E8683E9ECE393D883E0EBE63A116BC5C9793BBA6022A3DF2D4153E02
:20A12000928E063EB9F1A03D1B4C193D838BBABD9296453DFC62DA3DF36070BD9A02233E56
:20A1400076CA043E0585A0BD6D2B5B3D0A853BBE059960BD132ADCBD6523C2BD44CC74BB07
:20A160001BEF263DB14FC0BDAC0EC8BD5ED165BD4F06D3BC3655C0BD2DB7BBBC19F8CEBD82
:20A180000FCF02BC1871DEBDFAA086BD96E8113E310A09BD5A9E9ABE6539313D2A8B2FBE56
:20A1A0006AC50F3D8B9E8BBC6C0410BDA76A023E074782BC10DA1ABEEF3705BD9C73E439C4
:20A1C000BEFED4BBD4D7363E61D03B3DAEBE0C3E9FB2CE3BCA903FBDE41D72BCB1E0E03D29
:20A1E0002380EEBB84E8333E3BA4B23D9CC19CBDBC74063DDA8835BE1B6AA1BD4A5303BDAA
:20A200003892B3BD9542383DDAD0F5BDFAA505BEA7391BBE1773B7BDAB3E06BE8CD2A6BDD5
:20A22000911985BDD90CB53C1B1848BDB9CEC83DEDB355BDF6346C3D344B6EBCE74667BE18
:20A24000D89FB13C8B9437BEE279623D926A0EBEEFB391BC1531DA3D58D799BDB9D865BE3F
:20A26000EB6A0EBDD7BAC1BC2ABB963D7642713D2404833D3149CC3D6A1FF4BB851147BE54
:20A28000C38E4F3D73FE9B3CDD354A3D94D5EF3D7C1BD03DBBF184BD8D60B83BCAE00EBE84
:20A2A000834593BCA0E064BDD610A9BD2ABFCF3D878C0E3E7DA6673D8A9754BDC2F6B5BD23
:20A2C000CE94A8BD927282BD87BBDF3C652DF3BC6EA5973D4FDFC3BB69E0863C4BA04C3EC3
:20A2E000C22B9EBC857B45BEF65C633D3281D6BD87E9863B8BED153D717377BD2358323EDE
:20A300009C0788BD4B13DEBD203BB7BD19C2E5B814197C3C020A873D28E5F23CBD29103EF1
:20A3200019DB03BE24D21FBE25B5C0BD6DF6C53D1D175BBD4C30E33D8AD5F63C3CBEA93B82
:20A34000EB67BCBD0398B7BD4D9D0DBCAC39843D7B685ABD5158BD3DDA0420BD0020FF3D16
:20A360009CFC70BD7EA2D1BD66A815BDCBD3D4BC501FA0BDE4F183BDCA8381BC3F64B2BCE0
:20A380000FB4643CA4E3113E8C9CA23CCACA4FBE811C5E3C8AAEB0BDFCA0333DA070803C29
:20A3A000DABCA4BD3184083E374296BD417840BEAF4C48BDF85A34BDD411BB3C85D9C63DA8
:20A3C0005B9DE83CFE742C3D630EA9BDC77042BE5EC45ABD7069E3BC683FCE3C18BE3E3EC4
:20A3E00039B92FBDF54202BE408C01BE23097EBEF26E10BE9EC3D53C8EC6D0BDFD69373E39
:20A40000CADA67BCBF06D8BD52CECCBDB279423DC23AC7BD4628353E055377BE7987943D09
:20A42000B44265BEC7F1183DFEEDFF3C7B550A3EDDFF2E3E3E2EBDBD8655573E22F417BE2F
:20A4400097FE7E3EDECBF8BD7D1A723DDE2BD93D035CAA3D63211FBDE6454D3E3BB6C6BC19
:20A46000A82B883E50F1A2BDAB361D3EDC5A913DAD8357BB3F1403BDB992333EDA98D4BD4F
:20A48000CEBF593E8E0D93BDA99DF63D210B163D444C23BDE2A0BE3C77135CBCCEA2EF3A8E
:20A4A000BEFDAA3D56789FBC38D1ECBDBFC308BED05490BAC9DC713E559D21BC37EA883E5F
:20A4C000C69D19BDADFE033E984286BDAD3C113EB9314F3D995A7A3D70754A3EEF49B7BDC9
:20A4E00032A9043E1EFD9FBC31E32E3E4018B53AD8F52B3E1EF124BD5D0E603C0A89C9BDBC
:20A500005FC5683DBFBF96BBFD73CD3D8E7C9A3DBAF4243EC04717BDED739F3C10EC85BDE4
:20A52000D42953BA321B7EBDB36DFBBC286493BC3935B13DE28A13BD4BEB0EBE1B708CBA6C
:20A540003260C8BDF6B49BB9004BFEBD9D33B73C9A958BBC19E02BBE71A10BBD7607743DBD
:20A5600072385ABDF42B133E588AC9BDAA53823DE2ABD0BCD187053D2F07E3BDFA0D983D21
:20A58000826D173DFD9DD9BC170F9E3DE0617F3C6EBBD53DE04DCF3B753500BDB6E8B73DE1
:20A5A0006943C0BDCB9348BD52E10ABD37A53FB96AC58C3C89D1D03DFFA9EF3C60813E3DB4
:20A5C000A284A7BDA7DF20BDC9C720BEB3AED03C88AAF7BD9F555F3D44BF31BDD24A1C3DD7
:20A5E00086EE13BE489CD83C658F92BE2A12A73C53B597BE5477DE3D34E6C73D876B813DAA
:20A6000016D3963D7CAF59BDB99DA53DC3BD6DBCD66BD23CF095303D13F7CFBC4F9B763DE9
:20A62000D40CA73D0C493A3DC445103ECF4802BDD194523E6829E0BCBAAA6E3EA42DFC3D21
:20A64000DB84D83DFCCBFC3D5D46993DC17EA4BCB8B3083E73D3C83C2C30D93C71B6A73DF7
:20A660003A1C4B3D5728053D43AB073DE9CDA4BD1AC53FBC1362153C35DA4BBD26B23F3DE7
:20A680007C0528BC8237453D449DEBBD3AE84ABD9BD45ABE73718D3CA7928EBE9A8D6CBC60
:20A6A000C062D1BC449A9EBCA487753BA202A2BD783195BD15B71B3DB16609BE050367BDAC
:20A6C0001938D8BD9162E3BD027915BE8936163DC416403D8563B6BDA79E103EE11E47BD59
:20A6E000F5BAFF3D59B59F3D64BC0BBE22B88D3D804CEFBDC56D86BDAAFB753C6D6113BC18
:20A70000DC76973DF70ED73D165966BE30C7843DF48808BE3A1985BD7DCDBCBB81A9EEBC43
:20A72000ABDAE73C7D34843D4BD0C7BD804BDDBC72AFD4BDFFD8103D1020D4BDA10568BD9A
:20A74000A723D5BD5FD76F3D5BBC863BBE52E03D29400ABE5EA1313EAAEBADBD3A70393DF8
:20A76000A4F655BE8CF3D13D7B5D4CBEE6954ABBE8122CBE44989F3DE3108BBD1519DABDA1
:20A78000C330A5BC94380DBD5484673CF07F623C2C8623BE0A57933DC0CF52BD21AD08BD52
:20A7A00001BC90BDBF468CBDF8E3D7BCD860BE3C560523BE98FED03DBFEA8BBDF0E29C3C27
:20A7C000F4E19BBB50189CBB982F8E3D69C7D63C019AF8BDE8CE2A3D91B057BEF00D683D56
:20A7E00088882FBEF6A38B3D0D98D2BD2DC31C3EB93F5E3DF5A6263D443D7E3DAB46B43DCE
:20A80000BD09473CFDB6C8BA8925E6BD0AC3CC3CE6BA02BD6BB4A5BD56C873BD10C326BBB2
:20A82000CF7A97BBA3D285BD7C5EDA3DFAA59BBDB546CB3DA4A9823D09FFA3BD71F9343D8C
:20A84000C743C73C900162BD3FC7BB3DD29400BDB88E323E254B93BD6981823DD714EF3DE4
:20A86000FA07BBBC5A158CBD55DDF93D19B02FBD6964883EFB025DBB7ED3BD3DABBA0A3EEB
:20A8800015D816BC6F287A3D2B4EAD3DE1EA403DFA42023E97EB063E3848A2BC3CC7FD3DA3
:20A8A000035DD5BD94148A3EFBB6D2BD9A90813D87FDD9BD7A85263D9D99BDBD8C26B1BDC2
:20A8C0001B8289BDC6238EBDB0E9063D8EF50DBE0FDE153EB8F107BE32C4923E8232A5BDAD
:20A8E000C13A673DE8CDAEBD8586FE3D491B57BEFC4F8C3E2A383FBEC5B0D83EDC6C0EBEC7
:20A9000008B3003EABEAB0BDDD5A643EB28B1BBEE851D23E70401FBEAEC91D3F51909EBD68
:20A92000F079DC3D11216BBDD94F9F3D4DACAFBDACE09E3E72FE1D3DE777B63E20E98C3D7C
:20A94000CE00CE3C485435BD2DB299BA5155923ED698FDBBF6972F3E87313DBCDEE48BBD0E
:20A96000DFBDB93DB74147BEA28779BE187C15BDB32D4DBDDEEE86BCAA8775BDE1D10DBEAA
:20A98000C7A8463C3989A5BECACD60BE1E74B3BD713DA2BC49C9863DAA69283D5CEEFD3812
:20A9A000528CC5BD5AB4F1BDED0569BEC95968BD5C09823D43D2D23D5AED683B66B6AA3CE7
:20A9C000793C3EBEBBE20EBEA2467ABD36EBBDBDEBBD093EF544443E0C7DC8BA619C953D1F
:20A9E000F26089BD937C4C3C3748AA3B786C91BDA5FFC23D6043C73EAF14B83D639F6D3EE2
:20AA0000409E6C3D357FC53DC9FCC43DA346B1BD418C85BE3161183D7E0107BE2A8117BD22
:20AA2000B607D2BDCDABAABD1C1DA9BD663D6EBE3B4FA2BE561A38BD516E2BBB268E213D77
:20AA4000760903BB433BA5BCAFE264BC4E8FBABD570690BE16F316BE2A00AEBC849A253D39
:20AA6000F5FB663DEE74913D031462BDE0DF4FBD5BB994BD3B7C3ABECBC3293ED2E1603CBA
:20AA8000E01CDB3D4F5399BC6DA8DD3D0CC4ABBCEC3919BE02230A3DD64DB73DB02CA23E0A
:20AAA000CE916F3D961B693E4673313D39013F3D9E39BC3D9F0BC1BDDCAF4FBEB72BE43CC4
:20AAC0003AD16BBD08E2B9BC0AD465BDB276FCBD83325BBDACAA3FBEAA358ABE0997EB3AF7
:20AAE000FEC6393A75D3563D9FC0283D56E17B3DA45076376D7548BCBAD382BEDFFE473CDD
:20AB00002FC8BB3CC37FE53D974CB73D2FD7E53DD15F9D3D20FE5E3DD7272ABE311EB4BD7B
:20AB2000CB7A423DD7AF3B3DF33D373EBBCBA93D44627C3EA354333D9FE9F83D6E15433EBA
:20AB40000BE3403E779C8C3EA57E123EC37DCA3D4460C03DF0F3963C845E9A3DD1E8B3BDBA
:20AB600042842ABE2BB7B73D4A3C3FBD09ED47BCFD63E4BDA1B40DBE435014BD8C967DBEF4
:20AB8000217FADBE3ABEB63D78C96EBDDDB0AA3D99CCB33B9E251FBDF53539BD66DF54BD77
:20ABA000013A9EBEC3468F3D3C1580BCA587F03D8E6F813DB796833D911CC13D23F5F3BB0A
:20ABC000B2E029BE16878E3D74CFD23C9E00073E8B537A3E081EE03B1050713EF165B33A37
:20ABE000CCDF2EBBD464DABB97F65A3EB6F6C03ED0A41D3E65FE303E3789F53D8ACBB83D49
:20AC00003A420D3E297D71BDE920F5BDE642B63DFC15EBBD109A27BD33A426BDABC937BE59
:20AC200052C4E2BD2EE182BEB6D3A3BE8A0CC53D879EA33D752ECE3DBF04CD39568B7EBCF7
:20AC40003625C2BCA6D925BC935995BEE26542BD37A2673D189D173CA6CDDD3DE864353D66
:20AC6000069D5BBA2801A4BC2C1F59BE60FC62BDE90D393D4A09113DCC13553E233B89BD93
:20AC8000FFBC593E29ABD03C44D40D3DA163043EDFB6CE3D7C4CCF3EA3C5AC3D4E66833E9F
:20ACA00078B8023EA42F393DCC6C343EA45251BDAC9B1FBE5659893D1B253ABDAB88B8BCB6
:20ACC000359884BDD34924BE27F573BD2A9C69BE54D4B4BE6081153D4ADF513DA1F9373D9D
:20ACE0000A13B43D5166C63C8493A8BC23D313BD687D97BE3E53D83CB11B8C3DBD71BB3DB2
:20AD00001AA8AB3D2571883D6132E03C7A3CD93CBA7E12BE239705BEA4B2273EED99BF3DF2
:20AD2000169D603E03263D3D550F013E4223613D4917933D817C643B8064013E1AFBFE3E39
:20AD4000F175DA3D4A66A93E45AE0E3E01A23B3E761AB93D82B32CBD49933FBE46D098BC9D
:20AD60001DC1C7BDA712AFBDF8469F3CE8B29DBDD8CF8BBDCECF76BE138BA9BEC2432EBD8A
:20AD8000A8BE083DCCE3E43D221E223D970C1C3DACEB5BBD4BC5D7BDEDA78FBE3C6FBCBD45
:20ADA000FDCB0D3E79B2963D394BC63D242A693DE3C240BD6D718CBDBE47E6BDC1232CBDC9
:20ADC0003F7C253ECF19133E6C49553E6ED8D33D1282F63DC507B53D140F39BE822210BD6E
:20ADE0005797973D6F0F8C3E9D32073E72C6D83D8ECB163EDA7691BC8080333E3B23FDBD15
:20AE00006C0095BE6CCE133DA22694BDACC3CABC5E3410BD73DB57BD71E4B2BDD12429BE7A
:20AE2000A467ECBE8113533D6EC8113C843B553CC6B7713DD0DE53BDCB156FBD540CBCBD98
:20AE4000B2BFD1BE43213CBC42FDBD3BD5FC9A3CA29643BD8E17A6BBCD1216BE9FFF22BE49
:20AE600082B268BEDEC153BC0DA4043DD5F9E53DA9C71D3C66CFB93C0E47CABDEA2BA9BD9E
:20AE800027E8E5BDC94F243ECEEEBBBC0949E7BD32672E3C5B9F29BE0D45E43C324F06BEC3
:20AEA000526D993D1E42413D7C9B513D5F0885BEE805823D4CD2CFBD9120E23D890CE23CF7
:20AEC0004F69FC3DE4AE053D369F263D174B0FBE6ED1153E067A36BD9D083D3E8094B23D1E
:20AEE000D98F3D3EEF352B3EB085A63D1523193D35BDBE3D7EE3503D186A0E3EC771D53D49
:20AF0000C485E23D3AB64A3EDCA1AD3D056F3A3E9B85753C7C81BE3D0742A73CEE49E83DAD
:20AF200073DBF03C82521A3E201C14BD7F279C3CB9838CBD9E0A96BE8CE751BD52283BBE6B
:20AF400050BABBBD5B879CBD1BC685BD2385A73CD46089BD50BB0ABE82C648BDE7790FBDC0
:20AF6000314C6FBDD0D65ABD7C3A54BD53BBCDBCFC4086BDF77BD0BCF7A3B9BA3F9962BD8C
:20AF8000070559BDD8C7EBBC2D78A9BD372A7B3DC59288BD50393D3D59408ABD310E80BB2C
:20AFA000E15FEABD9CF3E9BCFAA6BDBDCE40613DF25239BCC37DFE3D899DACBD2488A13DE3
:20AFC000FB4F04BE86B659BD591E68BE12B8803BAA3010BC46DA863D5F3401BE6527D13E7B
:20AFE0006B8EB7BDD613BF3ED4D615BEA595983E7A8D8EBD15F4AF3EAB61E6BC10A017BDF7
:20B000007BD3C8BB3EE2EC3C5615913C968BBA3CD84E5EBD477D1BBD63A7523C91226EBC76
:20B020005D95873D414838BD06DAC23C0835B2BB4CB25BBC287A56BDAF087B3DDEAC373D1D
:20B04000CD5BBD3C87B01FBD7D1494BBC1D43ABD314EFABDDC6280BC3C5F273E3C3B6F3D7D
:20B060008FD409BDE2B489BDD20525BE312A78BD9FF335BE6D1906BED58280BDB6874FBED4
:20B08000266F79BDD986853E26D606BEB4315A3E6D68BBBD578F4D3EC5D3ABBD79338A3E54
:20B0A000E2AE4ABD0962D2BD29B64B3DD1F018BD37B3B33D4EE7E6BD4CD1CB3D03129BBDBE
:20B0C000167DE13D5A06C5BDECAD233E886B0ABEA99C4D3EBEE1A5BD660FE03DC885BEBDFD
:20B0E000CF5A4A3E65C73ABDC4584C3EF0600FBE2A33063E3E9133BEB788033E3180F7BD73
:20B1000013229B3EF2889F3D4681923E3F5109BE8DDDAC3DB738F5BD7889333DDF2BE4BDCD
:20B12000B465CC3DD09C5DBD9AD89ABDFBBB8C3D5EA6F1BD75101C3E43F82FBEF6097B3DAF
:20B140004F0AF9BD3265173ED49EDDBDCB96073C6F5EBCBDDFF5723DBAD627BD60CB283C78
:20B16000BF7D17BD3960143D36CD59BDCCC8F03DD048413BC68E07BBF5DC3ABD189AEABD30
:20B1800060046ABD094CB53C2AFDCA3DE755163E6508823CFAB723BD10D798BDEE048BBDEE
:20B1A000279801BE50D616BD5AECA83D26E4483E88D6523D7FD72A3D00DB12BE72926EBDD9
:20B1C000996490BE47229BBDBB3A5DBE4B32D83C808E2B3E4B202E3E8609CF3D126C6F3DAF
:20B1E000DD14833D56EC153BE7C4F1BC3B72533DD96B99BCC3AFE03C091600BD177A103D96
:20B2000045AB95BDFEBD993CDD8F023C09D5B63D97EF66BD49B2EF3DFC49B4BC84CDDC3CF3
:20B22000FC1D3EBE71988E3DD58680BE1EDE5E3D83C51CBEF8FAD93DA6E55BBE5979673CB2
:20B240004D07A8BE54D8483D84A5DFBE4540053D3F3F4BBEEBB2233E3C3870BE050DE1BB21
:20B26000F638CCBED70A75BD140906BF974532BDA8CABABD7AC9E73D7222DA3C5F415E3E20
:20B28000A123813DA05FE0BBB0C4973B51B817BE2BCF0ABDD95C32BE919DB53D92B627BD3C
:20B2A00009E2883DF661BFBAE2E6AD3DD6DBDC3C4FD69A3DEAAC483CAA64203D3C7D753DA7
:20B2C000596B6A3D1A1C00BE028A2F3D62B490BDD4F063BCF0C09F3D97FB0A3D3F63C93DC4
:20B2E000F8153A3DFA6BA3BDD395C4BD0A1B0DBD95E42CBE675B953D723D563C8880BF3DF1
:20B3000089458DBD30524BBCE0C148BE6B2436BD0D8084BE8A039DBDF1732ABD4E6B38BDB4
:20B3200078CEB3BC06C3883EDDDD34BCB58C813DF10995BD53A9FDBC9F26EBBD176295BDE7
:20B340009BFA663BEFD8ACBD8297A43D60E281BD1A872E3E783B1FBD31154F3E4B21573D9E
:20B360007997493D238CCF3C43EC5A3E3A6981BD1E647D3E8ABB01BD5E608A3E5A6E2F3DDB
:20B38000F787963D23ABEB3C13DB493E12564D3CC5838D3E46788ABCC68F963E2B8EA43D27
:20B3A000F3DE2B3D5C2A3D3E6C99303EFB1643BC10914D3E9C003CBD67C3793ED581573D44
:20B3C000D608623D371CC83D0AA335BD8AD91CBEAB06323DE20B123DFD78C03DA153083DB5
:20B3E0000F955D3D1BCB6C3C5306043C77E3DC3E34917BBD0F14D13D38BCA0BDBCC1B1BD0A
:20B40000AC5D89BDBFC6B3BCAB799FBD7A89EC3EE1E0BEBCAE540B3D015F44BD69ED3ABC0A
:20B4200071AF2B3C077D943D6898B4BD0957E83E84FDE73CEE39E0BB27D9323E66B6C03C4B
:20B4400054C6373EACFF403B4AE0E2BD862E843E41F7DC3D581E2C3C7070773E96637C3D82
:20B4600062B49C3E118A803D3D8A3BBD421009BD5A05E93DC6449EBE115C293E02C12EBE3F
:20B4800056764A3E51F8D4BC551DA73D433234BDD6A9233E81FB863E6219D7BB068BC0BC89
:20B4A0008641F0BD4FDF03BD1B5B16BDE874873C468F653D3942D93E8E58D93DA2F2E3BB8B
:20B4C0001BB1CF3DCBFACE3C3572333DD700543D9519783D7A4DBD3E40E62A3EC11C893CF1
:20B4E00094E7193E916E393D6E2B5A3E9A97283DB0827DBCCF38273ECCF1183ED2B3DEBB36
:20B50000C116393EF9975BBDF67D783E3114D1BC655AC6BD6AA41EBED15A693974983EBE39
:20B520000E21403D7B27F2BCCD12823CE542893DBAE5E7B8B41FA0BCCCEA7F3C1F58C23E30
:20B54000DA280EBEC6A31DBDB9CA09BE5B9AD0BD0C110EBE8EAA6BBC2571F23CAE77D73EC8
:20B560007419673C5235BCBD682511BDA64745BD388543BD30D22ABDABEBC3BD6133803E43
:20B5800016F7DD3B5DE582BDF6F15F3CB322E7BCF7A050BD1EE6CABCDFA7D7BDC542A73DD8
:20B5A0008BCD713DE7897BBD95899EBCA9F6D9BDDC6898BCC26FD2BDE2B39EBD3141A03C9A
:20B5C000E9E512BCABAFBCBEAC3BCE3B91AD00BEA51B773DC2C5323CBF0692BC3C1A2BBD55
:20B5E0005AD09C3DACFA6E3E573784BDE30DAEBD15EC12BEF3B0DFBDECFC35BE35B596BDA4
:20B600002E854CBCEEC7833E1BC215BC45710DBD3D6C1ABEC23FA5BDEADDB1BDB8B9933B73
:20B62000510201BD528C6C3EB8145DBD9702C6BB85239F3CA754C7BADB64C3BC9978613C06
:20B64000E62C22BE499E273EB316B63C46E2D4BCE0B4533D78FED4BDC289B23C6E354BBD2A
:20B660006A3182BDE7FFA4BDD04CDBBD5AFE70BEC554333DECC5C3BC5265A13D025D883DFD
:20B680009A67403DB1FE6A3C51289C3D82693C3E7CA080BDF7A7BBBDC45CBBBD182FF9BD1C
:20B6A0003CFFFDBD343C76BDF866E73C699A953E0AD867BC6BDFEBBC611F88BDDDE343BD20
:20B6C000F93675BD6E3F173D87629ABD6D8E973E90DB003D3368C33D65CB6F3D256BAEBBE0
:20B6E0005069483D6C58D53D4C5C3ABECCDF7E3E2E7EDE3DCB86B63DC076C43DAF2D123DC2
:20B7000023C3203E8392953D765F4EBDE8FC38BE2382BEBD8B48D6BDAC298FBD61FD8BBDF7
:20B720006BED283D8938933C329B73BD199DF1BC3CCEBB3D7630A83DB7576BBD2B454FBD1D
:20B7400009C9AEBDCF20DBBD9CC0DCBDB31199BD0671103D0F5C8E3DF29B1CBDE12375BD80
:20B760009E15903C940E10BEC719B83D4EBF49BDDE15C3BD5F35193E412B1F3DA0027BBDF2
:20B78000EF882D3ED138BDBCB7953C3EBFC190BD6EDEB4BD27D48D3DF8DB083D224EC7BD24
:20B7A000E9D2393E9E4245BD53BB223E93F6A7BC54E8F33C109BA2BD63222DBE95FF40BEA4
:20B7C00040291B3D5791B5BD4983E03DA55F8DBDE429CE3D20CCB7BD72050E3D07B0B63D33
:20B7E0001590D9BCCEAD93BD288DAFBD1BB335BED89E1ABEBF8227BECE87B63A81BC783DB7
:20B80000998CEF3C00822BBE8D00ABBC7932E0BD13441D3ACE9BF5BDD15D95BD7690D63CD0
:20B82000A3BC1BBDD8710ABE776DCE3C3B6528BE5182863DF99AA0BC4A9351BE6F1922BD74
:20B84000EA9B8A3D40E535BEAB67C13D3A0F10BEE817113E86531A3D32CC023E84D29D3D71
:20B860007E9056BDD20928BE16B8DA3CA5025CBDB24A9B3D57B22E3C5EEB81BD6F3ACFBC40
:20B88000FB7E333C259D493EB7792BBE055A24BC89B854BE9B11023B076168BED6F91CBDAD
:20B8A000BC8E29BEE94C2C3E6CAEFBBD13637CBD750ECFBDC9F6CABDD8C51ABEF1A2F43BAB
:20B8C0009BE767BE4B06393E8A3815BE5CC507BE1805FDBD518FF63B139A02BECCDDF2BCD2
:20B8E0005B8862BE5E82AEBC064DE3BDB59E08BE141D6E3CEDEB22BD40FDC73D2722493D4D
:20B9000043637B3D5EAA0DBD08A208BDBB8A0A3CABBD833DF29F04BE851B0D3E15A91DBEFE
:20B9200095CD253E11575EBE72978F3DDD8E6D3ED609B43D2EB188BD0B750E3D7D53513CB7
:20B9400086A17CBDFDAD9D3D3D4AD83DD10E913D6CB1CE3DA83FEDBDC2BF8ABDA14AC9BBCA
:20B96000F5CAC1BD1D57AA3D10CEA73DA19B50BD82544F3D846C10BE120068BC125089BD26
:20B980007EB9C8BD3510EA3D123E183E1487ABBEEC51C63D31CD98BE855E063D320825BEFE
:20B9A0006242943D72718ABDBD979E3DAE0B3EBE1FE607BD6D34F4BD5A90B4BC3DA740BEAD
:20B9C000B72A063D16A7F4BD5D51183DB05DD6BCA28E113C8FA2A83EDBBF29BD6D6005BD90
:20B9E000EEE612BDF7AFF13B9E4D9ABDCCB9353E2898823A4AE37C3E8AB7643C90CD123CA9
:20BA00009809633D31FAA33DF60E00BD71864D3D9C61993D42A5F63D906FBD3D23880BBE3E
:20BA2000991CFBBA1D8D7B3D0DC02E3D36F6D43D3FF9863DED1811BE5AA7283E18D187BE61
:20BA400024684B3D63F7DCBD98F6AE3DB2952C3C39930A3C0EDC22BE22F4073D8099B9BDF2
:20BA600077C4523D5CB5A5BEE04CB33DE53134BEBE60E83D130C39BE1D1FB5BCFC25933E6C
:20BA80007AB687BCBF821BBCC509ACBC2DAFB73D486FA2BD3B41133EC6302B3D6C1D583EB5
:20BAA000A111773D6A771CBE42E28B3D7C6443BC5083663C6118623DF473443DE71EC73D1C
:20BAC000E86A653DB2230ABE7C996C3CAADE68BDF6DB3EBDBC871C3DF6CD19BB3E5937BEE0
:20BAE000A44F733D2E635BBED5D9963D531DB0BD673E89BDA6BA5F3BFD2603BD78379B3B4E
:20BB0000DE30A1BD119C2B3D64A7B1BC949F75BED0082D3D0FB257BEECBD903DB16004BE65
:20BB200069C15FBDB029A83E2988C13BE72461BDFBF0D23C1536AA3DF3474D3D8335033E42
:20BB4000049DFABC765C873E9722C13D629E28BE30E8B53C289D45BD176808BDCEC30C3D6C
:20BB6000CC512DBD22E1903BE6238A3D977B3BBE342B18BD07E3D3BDC25F32BDCE5C833C6E
:20BB80009DA71F3CDFA66ABEC8844F3DD22C87BED65193BDF31545BED82DB6BD6BBF90BDCD
:20BBA0007CA33F3B7AC1983C4268ADBCDCCB163E9DB136BDFFFBDCBD8DA8D3BB3B6934BEA2
:20BBC0008504693D39E412BE9D6202BE0325BB3E9CFD08BD3A9F77BC87AA45BDD72BA23DEB
:20BBE000A9B2C6BD034F413E590DF6BD0B02B23E59B745BD7DDCBEBC73CA503D6535AA3D50
:20BC0000FD426A3CA831E93DD98205BEF0A3F63D9B778A3DF77443BE5446253D2FA98CBDFA
:20BC2000282FBABCB2C3543DB2B93EBD14B7CEBD7EE9DD3D916F6FBE9678203D26E580BD14
:20BC40005D67FF3C809D913D1615FEBC3B01B8BD68F1F1BD41549A3E2F6537BDD1BA4F3D51
:20BC60003D5B4EBDC43FA2BDB686ECBC62D879BD250D09BECAE7DB3ED31560BD040CE5BCF2
:20BC8000B3A98CBD7E37773DABDCB6BDDE48D63D912327BEE1D0D43EAD01B3BD338CEABD83
:20BCA000506AAABCD3EA6D3D6FD38FBDE1EE0D3E87EB48BE372E643E1DED89BDB57CF6BDA2
:20BCC000F87892BA740B5BBD44E11DBE267FB63C2AB7B3BD657B07BD075E4B3C246037BE20
:20BCE000FD80B8BD88AF9BBD6CD7EBBD9092403D51E86E3E37A116BD6925D73CF824163D99
:20BD0000A20C32BC30957BBEDF75313D848595BE396D553DB5C847BE76A0F4BCAE74043F86
:20BD2000C132B13CFC410A3CA53F05BCBD13B03DB38E3CBDBEF6833D7E38713AC270003FBE
:20BD40000A110E3D5E4191BD778491BD22287DBD4BB5C3BC3524283D68E2093C7884A53E18
:20BD6000AD3A47BDBD7424BE3D4FC4BCB0BECEBD3F35C1BD95714A3CF579133D8E6BF73D57
:20BD80007FA9863D1AC0F9BD98BAA43DBFBEC5BDC5E21C3E6C75B03C73655B3CCB641E3E2E
:20BDA000953C793DEEF21ABE473CD63D32767FBE6BE5813D120A7EBE179FB53C1AC1AFBE74
:20BDC0001EA2B03D7721073F5725543D4874443D1F28F53BF9457E3B4D4C7DBDFB2F0F3ED6
:20BDE000B47B923CF08AF53E8070E93C360C54BD259149BCB2AD8FBCD10839BCB145CD3DFE
:20BE0000460ADA3CB5DDAE3EE1785BBB59D9FCBD2F3649BDAA2447BCD215F4BD8461F03DFE
:20BE2000577CD7BB2F7DBC3DBC55523C09AAE3BD7654B4B9C7BEE13C7EBBE53CDE9B393DE4
:20BE4000969058BDD582D3BD4525353C9095E2BDC6808D3C4DCF5DBD00F35BBC88D32F3D0B
:20BE6000B97723BD58713A3DEB6F273DA307A8BD22A33FBD78306E3D44BC25BD60CA3FBC8A
:20BE8000B6827F3C70500E3D7A74C4BC0011DDBD0F8BDC3B74E401BE77181B3D578483BCC2
:20BEA000308723BDD5CB713C023384BD64F13FBEFE00453C1AEA95BD690AF4BB5E1529BB88
:20BEC0003F938CBD04DACF3C514189BD977195BD35B8B2BC220E91BDE40322BC3021263DDA
:20BEE000C25D01BDADC22E3D715EA7BDFA2CEF3C5C189ABDF5F4B7BDF1DC45BDB05809BE41
:20BF0000276735BD520916BE019E0D3DF2701FBE7675193DC7E0283C8CD815BD2D8FD13DFE
:20BF2000AD34523C2024163E229871BD9592323EB368D5BCB8DD0EBD98EEE7BC4FBEA53A5A
:20BF4000B182D5BC48680A3D943EBFBDBF76013EA4392EBC87A30EBEAB4A83BD7A3592BD74
:20BF6000AFB16ABDDB532B3DCF4BB9BD4BC2243EB03E2DBD4BC000BEC1D586BCF4AB8C3CC5
:20BF80004C2920BDED6BF83D260EAFBD25052C3E740E323E673F683D5F052FBD9A835B3D4C
:20BFA000D3B01DBCD23D6B3D9F255ABD8F6CF73D774008BDFD37053E64FC6C3D17A8C7BC26
:20BFC000EC8545BB0F8DB93D26ED17BD0292D73D8701D9BBC9B84C3E7D1E283DF71569BC77
:20BFE0007CFC2DBD13E7B2BC26A2A7BDA3CEA93D082CE1BC06500E3ED421523DA3C21CBEBE
:20C00000787619BCFC751DBDE08A38B76328D43D0C2F8ABD7D90683E1969493D3CDBA9BD63
:20C020001929D2BC427E073D6A6A213CE238A33DE0E7B03C15B4053E6DA62A3D0C9720BE47
:20C040007F77253C48DC42B9E282CD3C50D6D03C157EBCBCFECD61B9AFDC5C3DFA9F713D70
:20C06000898F993C9795AD3DD91E49BC2F56153E03FD653D494EDB3CC5D92DBD6147DCBCD1
:20C08000ED43BBBCB92CD63D5C4681BC47897BBD36D6EDBCF7E033BECAF1613D28D405BE85
:20C0A00082E2E3BA51D7323DB06B163DF94C02BE467F1A3D7CC467BEA0FE5D3DB80F1BBE1C
:20C0C000FB2E3B3DA2F4703DFFC4EB3DFB588DBD21FD2C3D0ED55CBEAD8B763DBAE26ABEC1
:20C0E0009AF48B3CC4CC883D99CFB83DD7B198BE7FA5F23CADECBCBC66434BBCFE41C43C09
:20C1000032F7B9BCE7614C3C9A74103CD3F2673EDD2161BDF2430A3E19320BBD19F754BD20
:20C120001A4A8FBCFDE4F2BDD65E1CBDD01C0E3E957B0BBC80B7B0BD106972BDF1B2B8BE3F
:20C140009EDA1DBD06C6CBBE7EE1C0BD77B4173EF6569FBDF7FC6BBE551E32BC52D9DDBEF1
:20C160005962ECBDA80AFBBE28EC65BD09A7673E7E73BEBC2A5D23BE63E446BD526BC5BE08
:20C180003664B1BC1B08F0BE39C2C5BDED4CBBBD578B323E2A5CC6BE193C393D1840B8BDA5
:20C1A00025CA793C7852863BEFCC3C3C0379563D5876BB3D17824A3EC9B579BC1CD62A3E1A
:20C1C000C841483DF193333D7634463B72C51EBDFDAD613D74436F3E0BAFB5BC21E28E3CFC
:20C1E0007A5F06BD66EAFCBDFF78F4BC915B65BE1ADD5DBCAE69323EF4010DBD37979BBDE8
:20C20000576494BDF26146BE296489BD14F12DBE07A39CBC7EE5883ED732CEBDB98EFA3CBC
:20C220001F3A29BD8A51DDBD13AB2DBE294CFABD5B2358BEE98937BDC692D63DD417BABEAD
:20C240009AC63C3D7AA754BE5C3F383DD8FD4EBE46BF523D4005CCBD80D46F3B47727ABD91
:20C26000308A353D28A9EB3DF2C5673D253ABC3D58FF9C3D9367863DABD98FBCFB3D7A3C3C
:20C280008C9F1D3C5174143D0151303DDA1CE4BBC459D33DE8C1B93D0FE66FBC5B889B3D09
:20C2A00056E1173DB669E53D278BD33C3005333ECC5A923D03249B3E55A0503D1C781A3EE8
:20C2C000ACACBE3CD39D543EA24FD33D6BA6403ED051653C404C823E04323A3B7E1D7EBDEB
:20C2E00099B25CBC71E35ABD01D204B9C0D929BD2CC569B97D22D0BD63585E3B1CAABBBD90
:20C30000495770BD650D57BE05A55FBD693CC7BBBEB4AE3CDBFC9F3B0747253D4967403DF2
:20C32000F49DA5BCC4D482BE4F45023DD05991BD35D8123DAE110F3E904DB53DEBA1873E61
:20C340003C92EE3DA83061BE93A2AB3C4063023C721A9C3D2A98423EFE1C273E6954B03E1F
:20C36000F021DF3D121763BECCED153EAD50663CB5CB533E5613383E37CF5E3EDC2C9F3E24
:20C38000EB09D1BD00FB56BEA9D220BC15949BBD86FDA5BC8CE0ABBBF98A09BC203CCFBCCF
:20C3A00032C78FBDDB9F03BDAAB90DBE00B5623CF630763D1F8498BCA93BE03D46B22CBCCC
:20C3C000BD96753A43C260BB9EA2C8BDE2F028BB8E1EEEBC49114E3DB138873DBA63323C4E
:20C3E000E19AE23DF3908F3DFBF8C5BD0EAE183D9037F4BDB61923BD17E23BBDBC291DBDF7
:20C4000053541F3D815461BCD205CDBD01BCC0BD3BED89BD0F73ADBD5CC8F2BCDCF346BD8E
:20C420009CDA943D58A2B1BCCEB0143E433628BDFF304EBD8EA582BC805243BDCEAFBBBCAF
:20C4400069E4C4BDAB0A10BE246C02BE7521EDBD7F182ABEEA2E7D3DE9F927BD458A9CBDBC
:20C4600085FD153D84B88FBD307AB4BC277BA6BD66EDE5BDA3F737BD6BD62FBDF641FF3C1F
:20C48000C6C47E3D208CE93BC48F273D81C044BBD8B704BD348A06BD0DAC8BBBC3A9BABAE0
:20C4A000353E8B3D6568513DD6B8123EAFA3633CBEF37FBB98322ABD98C0583CE089A7BDC2
:20C4C0009662BB3DE06C97BB251B7D3E768C12BDBB7237BC13A6FE3D82970EBE965387BDDC
:20C4E000C2B297BDD8B302BE228463BDDB5E64BEE2592EBEA66113BE82DB11BE156624BB83
:20C500007D089BBD332EA8BD3B26B9BDAB7F92BD395AB8BD10A76CBD579E9CBD00971BBD83
:20C5200097834ABDBCB1C7BC9A0F0E3B5865CB3DC03C183D16A7C33D52C3C43B6F23ABBD17
:20C54000A7483D3BF270CF3C86CB583D5073B63DCE7A823DC691CE3CE3D4093CA181B8BD70
:20C56000AEB39F3CF8881FBE4159C73D08EA7FBD0623903E02A9CDBBE1BF0B3D3A8A0DBDB6
:20C5800012DAD5BD619EF83D99292EBE2F7510BDC42D26BE33583EBDA403D2BD94F00ABEED
:20C5A0006CBB55BED1769DBA30E9C4BD77B2DCBC3437D5BDA521093D78092CBDC843F83C96
:20C5C0000E870EBE917A34BD7EEE9CBC66949E3CB3DFB13CBD8F0D3E1CEB223D996C423E65
:20C5E000C1ABC1BBC10F6DBD91FA2B3C2613F4BCB84EC1BCF087123E00E8FC3C806AE33D0A
:20C600003B85503D8F550ABE2E75ABBC37352EBDD15A233DEA0A99BCC00D163E5898613D3D
:20C62000302D21BDAB19CD3CAAA390BD0A6D493D389F89BD2B4892BD5D6599BD6732EDBD21
:20C64000EA6AA53B6099E4BD4516C9BD7C0E6CBD6459BABC348FB3BDFE19BD3CA4677ABBC2
:20C66000F435E53D1321883C67A526BE1D245ABD6AA9713DF03298BD500BDF3DDB9A743D5A
:20C680003C59263E9289C43CFEFB1EBD2871C1BDF91F20BD83F38ABD5A7B033E8C00383DD2
:20C6A00030D74E3DB787313D876DA1BD8B0463BD204979BDB8650BBE5687E4BC044CD3BD59
:20C6C000C489843C9A6BF8BDDE4ED93D533238BEBDA3B43BCAF5193DD63193BDE59514BDD0
:20C6E000ECB3183D7878F6BC0B223CBB6012F83CEB6F2ABE8C5E413E6C9D65BB9D65843D43
:20C7000072BEC53DC4B045BDF679093E334D353C08BF66BEEE95FF3D2D61B53C0B06A13CB3
:20C72000305C363EB89F19BDFFC70E3EA3FCDEBB348B97BED324D93C085143BDE844ECBD34
:20C740004A74443CFDCD02BEC9D5EB3D308714BEC99E51BECAEE0DBD24FD67BEDAFF68BE85
:20C76000C81EF2BD57CD27BE371520BDA3F993BE0DBA76BD98C9D83D538651BD37F123BEA5
:20C780004842153DD23131BD73E1103C0712F3BB1DD6A1BD4E461A3D4E73B2BDD57C4D3E1D
:20C7A00013E528BCBAE9A43DAA06C83D6927043DA4D81B3ED8C3A6BBE5C439BE0B881E3E33
:20C7C0006D42EBBB137716BD504A1A3EC283B9BCD820573E39B9C2BD84C830BEA0ACD93D61
:20C7E000B57DF9BDE4DA19BD95D2F1BAA0D5B4BD601D153ED32AEFBD46405EBE2A39553CB6
:20C80000C34441BEF03B2EBEDD4014BE3BFB04BE1085FEBAE44060BE13DCF23CC069C33A42
:20C82000791E94BD125840BD137019BE7AE9CFBDC22DC5BDC21475BC91B902BE1004513D3C
:20C840007F93E7BDC63FBA3DE8C7E7BD3506AB3DCB341E3D3638A23DCCB8723DD373DD3C77
:20C86000F76F3EBEA171353D1F7CCFBD016A663D664F0F3D1E919C3D76AE893D72089F3DD4
:20C88000CB9612BE3861713DD08B13BE8FE6053D9B5E14BD5323603DEF8D643D855E97BC0D
:20C8A0000E7B04BE362CCFBD55F83FBE8891E1BDC47936BE45AD1FBE03BDACBD179F29BE78
:20C8C0004ECE643E9BF3B23D9AE2103E42A3C13D464DED3D70503CBD23924E3D66131FBE64
:20C8E0007B2ADB3D264C5ABE7EA62A3EB90601BD2ACEEB3D5C6737BD24A3263EAFC1633DD6
:20C900005547B13D7AD6C53DD396263E76EB1EBD1DBCFD3DE44F7B3C4A1BDC3DA3EC0E3EDC
:20C92000EF5C303E1BA5723D6D01323D7D2738BEA11D8E3DA26C48BDAC0F813D4B4EDE3D8F
:20C94000455A7B3DC1696A3D87B274BB795E77BE7A02C8BD349A32BE791C95BCAA24743B19
:20C9600039D184BC2C2290BDDE52F03DAEAC9F3D37CD24BEA79D723E9FFAD3BDAAD6533D2C
:20C980008A0DEDBD9DD3A0BCF2108EBB431A81BDCB7914BD8B34B0BC69328ABDD961C43C48
:20C9A0004D5F47BD5DF9C13DA1EDC9BC12FBC93D8192F13DE77E59BDEECEC03C4C6EA03D42
:20C9C00062844B3DCC7EFA3D22E7163D8C8C8B3DCF40A33DAF5C28BEDC5A08BA247A053D74
:20C9E00053A51D3C07F11C3DDF0F763D567DAE3CD4E3FE3DC87B5DBED4EA2FBD53E913BE30
:20CA000074FF003DA62760BC0962BC3CE8A3843DB87579BC45DE9A3D090F1BBD260C7D3E95
:20CA2000091CE53BDA47C2BD2D2F2CBD067BFEBDD087B43CCF0C0ABE2903A23D65E2A9BCEF
:20CA4000D5FFF43CCF2E23BC8A3E283D3249A93CFE22AABCC086063D59C4913D43E4A0BDEB
:20CA60004196AEBCF6F3A13D52D0BCBC1889A33D00FB25BAF678C03D386ED0BBD5DB09BEA6
:20CA800096717DBB02E22CBC176E143B2527913D4A87B83BCAE7ADBC27D998BD7798FCBDA2
:20CAA0002FFA8CBDA711ADBD448A98BDE9DAFE3C02C81ABD010B28BD25D0B4BD5A26B9BDD4
:20CAC000A8388CBCCB30AA3E906950BDFB4C323C7D9D60BD2A3256BDC42A7ABD1AFBBFBD34
:20CAE000807CAABA08BAA1BD865C3B3D2413D9BC1CDF86BDA81CDC3C4AD38D3C82A4773DB6
:20CB000088006C3D925A10BEAC0E1A3D1EE09D3C9E02A2BC2107703D42E20D3DD00DDC3C0C
:20CB20001AC69B3DB29A35BEA5FA91BA3E0C04BEEC01733CCC76953D70E806BC9EBDC23CE5
:20CB400053ACF83BE19270BED0A38ABD47B04BBE38527CBB2E4B05BD06366DBDCE37CE3BD8
:20CB60004BE7A0BC9545C7BD6593B2BBC7F08D3ED27CAABB2ABD4DBD53E2903C2FB2883C98
:20CB8000AB1AE9BB6DAF873D355D493DF7E4F4BD0AE28E3D37F8A9BDEAAF5A3D7B437A3DB7
:20CBA000D979673CD70E5F3C2D7D3D3E73AF1CBE1B3C90BC7CA0DD3CCD4147BC1F74A83D7E
:20CBC0006B9D1B3D952E223DA120C83D6FD55BBE1EA228BDCF9A5FBC1B5C17BD45869B3D99
:20CBE000D6310B3DBC49113DC421043D2FD03CBE5470C2BDD2B21EBE7937F8BD4C6E3E3C38
:20CC0000339E45BD381EFE3CD2D5D93DC3E1913DEC58D33C1958723E4A5F333CE14E9BBC70
:20CC2000374FE0BC9C084FBD9EB8D23C9827B0BDF5C24E3C62B32EBDD83E503BFD11CCBD19
:20CC40005FC503BD558B9BBB2E2B6F3C8B52833D53B4453D9B4634BE58F84F3C074B11BDC2
:20CC600048A7FBBC2EAAD93D3967493CB56D0D3E1A6741BD6E917CBE04A183BDED4AFFBDFE
:20CC8000E19079BD6DBE853D3A0A2DBC82FBF03C147290BDD576ABBE5B25EEBDC15E26BE75
:20CCA000B02A6EBD4E3E6DB998E91BBC0BF2E5BB87D7FE3D0AC782BCF51E2BBE85B4CB3EE2
:20CCC000C1010EBE195DB03DC971FABD61CD0ABD767C2ABE6EA5173B81BF91BDEBE4C3BD61
:20CCE000268CDCBD09D90FBE787810BE61AAADBBC5520DBE79A4923DFA8F7A3C01473CBEBA
:20CD0000682783BCB94350BD9553A4BDF483043E58BC103DDECC173E0EDBE03D3881A6BEB7
:20CD20007DAB5ABD2103D4BD6DD6CCBBE74CE93DF7C218BCB431343D5879F73D52E9A8BE53
:20CD4000A626593D464A36BE4482263D0F1D933DDC81043E2D4B323DB4BCD33C10FBF7BC05
:20CD6000D14A29BEF91FED3E733D0BBE88B2AB3D6E4601BEB69C033DC4930CBE560F94BDF7
:20CD8000598BBBBD248CC7BDCB3FD8BD0E44C0BD6B0C99BD24CAF53C6ADCCEBD8E48813D44
:20CDA000C59B4BBD588095BEBE9904BED849FDBDF4FB86BD39C9D93C1C8338BB45A2FC3DF1
:20CDC000E8182E3D3456B6BE2C3ADEBD19A01FBE8DEEA4BD34140EBC3DD7923CE0BEB03DF8
:20CDE000BB67833D5DB1E5BE214AB5BD65BB57BEC00660BDE6C6DABCF9F1B9BC8F85673D52
:20CE00002451DABC864862BD06362ABB274CA83EC88D303DD9A8463D58E245BCC53F7CBD62
:20CE200006940B3B105553BD3572153E1D7817BD144D0F3D279A54BDF555B3BC0FB8523DAC
:20CE40004CB792BD5E47C93D5A5A833E1EEBF0BD8204A1BC99E358BD940E02BDEF25C03CC5
:20CE600037F56ABD6414673CD1FE383E272E51BEA0DFD2BC3F04293B487CC8BDEDD9C83DD3
:20CE8000D8ED1CBD96C8BE3B3064E93DC8BB8FBE6A3316BD651ED5BD5CA30FBE67EE8A3CA7
:20CEA00071B736BE92011ABBF2304D3E419685BDF78A5F3DAF89F13EC4E1863DD588B73DEB
:20CEC000A2F12C3C27564B3C794F11BDDD931BBD1D965E3EDDE9853D14AAE83D9439C23CF0
:20CEE000ECC6393D789D6C3D39966ABD757EA43DAF61613ED04955BD7DA9993C00282F3620
:20CF000053B10CBD8E62373DAE3C7EBDD243EB3DB9694B3E090150BEE52C043C92D532BD14
:20CF200040AEDABA0F42D13D834908BD2B5C9D3C8609E13C14C074BEB5ED02BED38BA4BD4C
:20CF4000626D2DBEDDBE613C8D40C6BD4850193D86DACB3B5976133E64A71C3D8C8AB63EAD
:20CF600045FC97BC93940B3DF975D13C2108293DC987F43C8AA9153D4D6E4A3E4E2EC1BC63
:20CF80003790E63D0971023DCDF8683D8BD28D3D75DAC33CE9EADB3CD277543E1C47A9BD81
:20CFA00079AAC03D93FC8C3CC78BB93CF11D4E3D9C745EBDD207A63DC421113E6B42C3BDD2
:20CFC000CC65613C8E0F2BBD46D6613CC0B6E93CF2FB7D3C33BF0B3D7813DC3CA17266BDF1
:20CFE00015F5F1BDE66B95BDF7FD10BE2AEAB8BBBE2107BEDC41853D729C263DBA744EBE5F
:20D00000E781B1BD2F962F3EF044D0BD33966CBD3BAAA2BDC889F5BD99F281BD54672EBE9E
:20D02000961A2B3E17FD97BD692B3BBC32096FBD534175BDEB6178BD1B257CBD129A8ABDCA
:20D040002D9A583EDDF31DBECD08A73D1191B2BD1349453C8928A4BB528A3BBCDC1A193DF2
:20D060003F664A3E2DB33CBE9CA629BDE7D9E8BD00CC01BD5F8A273C698A773B19D9093D69
:20D0800081A1C33D028796BE7A7CBABD207B11BE22888EBD96141CBB908A38BD90F0A13BD9
:20D0A000865CA2BD7E7F8DBD1DBC9DBDCFE0843ED415A4BC34260C3D8614DCBD3653913CCF
:20D0C000B5D250BDBD3D19BD4EA2403DB8A86DBDB67DFF3C27CB19BDD725A3BD331ACDBC8D
:20D0E0008E802DBDD8B83F3C7BA40B3E04D7BABDD93E0EBDFA5E2C3C32EB83BDD19DDC3DED
:20D10000D63D28BDD0E0AE3D3B8C943E97BC29BEC9A12A3DF9243D3C2B238BBD5EAE7A3DE9
:20D120008E55AFBD4D8C8C3DFD1B443E601740BEE9430FBDFB5165BD901730BCED52073D73
:20D14000A79177BD34647E3BE3CC13BD6804CC3D207E0BBEA96A823E94C6A8BD8606FDBAE2
:20D160008F63DCBD29BD2C3C7FB616BEAA349EBAF40F943C3C13CEBD053AABBD1865CABD3F
:20D18000FA953CBD62AAC1BDB1A252BDEF6C16BC7F0A163EBA610DBEA517163DC380F4BD28
:20D1A0007CB58F3C044EB63DB313CCBC379C583D2CB7393E9CE95EBE0E2EC23DBC9287BDB0
:20D1C000DC9C49BD63C27B3D57F767BC5D4C503D1E52423EAEF58BBE8F23DB3D3144EFBD86
:20D1E0006F6C603C941CAD3D299FDC3D0C78AC3D8879E3BD2CC186BD510249BE14DE8F3EE6
:20D200006714ADBD49C1FFBCFA8BAABD9A760FBD98A30EBEE0469CBDB91A78BDE3F326BE54
:20D22000249DB9BC9571E6BD7B97F2BDFD9CAABC5A83CDBDE6209FBC5E05193DCB1872BEBB
:20D2400078344DBC091598BD89119A3A41ECAC3D7CC6F4BC92E1C93D8A0C5A3E622B99BEA5
:20D260005C646A3D427873BC9F41803D0301C63DC124D83DEB600E3DEE8C2E3EF1BBA7BE33
:20D280008046933D1D2CB8BC24CFCC3CE517E23C4F86933D7F03AF3DB7EA03BDBFCE1F3DC9
:20D2A00043D416BE601BBC3E32F069BDBBDF133D567BFBBD2B8A50BCDE6027BDF7DE79BD65
:20D2C000D0024F3CB7ACFCBCBEC4F4BCA25E82BD9435B3BDD06DCEBC87A8C8BCD7F7193C8F
:20D2E000E6549A3DD60267BEE687D9BC4CA92E3D2ACA01BDFDB68B3D16E72D3D9BD61FBCDE
:20D3000045C21A3E4A594EBE7813983D1E461ABDB0E9FB3C7AB0F33BFDD48C3DDD8A2CBC53
:20D32000D7450A3EC0528ABE665939BDF6A0C2BDA15D02BD49177D3DD5AC883D4207E7BC5C
:20D34000AB700BBE36CDA23C08201F3D437CD23E5C16983D7F34173EBC8130BDE29704BD02
:20D360009E62D5BD730CC8BD0D1F993C743298BC09B423BD78AB563D84CCCE3C7732023E86
:20D38000EB74AABD90A3AD3D4E6EFDBD4F91B9BD90D5ADBD6B46183D45D7A5BD962C003E8B
:20D3A000C130263C42AC57BA36B984BE95EAFCBD64CC48BE3DB8B6BAA33DE4BDA42E183D6F
:20D3C00047F90BBDE0F891BCE9E444BE7CDE58BE35F625BEC2C9D2BD029119BE5E8E78BC2F
:20D3E000DB9A28BDA37613BD07E96B3E527D90BCD220913D43B10A3F69CD8F3D42431A3E5A
:20D40000FA21BFBC6DE7373DD732CEBCE2C75DBC19A9083D2E5D08BDCDFF833D94C5C53C1C
:20D42000C455B4B80428CF3DE9838C3C9D2A0E3DC4CFAFBDDDF5CFBDB67EC4BB2C727C3D82
:20D4400018AD9A3D1B3A1E3D0975DF3C5BE187BCD97142BECDB122BE6C420FBE097B0E3D76
:20D460003246C6BC004F563B74F26A3D7BF746BD976D55BEC33989BE7F9029BE091916BE0A
:20D4800055CF85BC17D6B1BD8F949C3D438AB0BD2D42F2BD1E886D3DBB9C87BD9931E93E9C
:20D4A000CD7AB73D449CBB3D5600723D7DFBB739E3FB13BCF5EA57BDC3B4F43CB6E0AABDA8
:20D4C00031A7003DFC01493D3402E7BCF57B983D7DED3C3DF1F1B63D2FC573BB309D2CBE05
:20D4E000516E18BB73CDAF3D3AD00DBDCD23AE3D618721BD9A26253D57A8E5BDBD2785BE0F
:20D500001479BEBD866F653D50548ABDCCE3C83C5F0E14BCF5133D3D93EF83BEF0F686BE22
:20D52000F87C16BE3775F1BD494AC8BD4224613B3CBD5E3C564B62BC1FCC7B3D66D239BE0B
:20D54000775355BD7F82863E7E88053D2ACB733CB71223BDA42B5FBCAC78AEBD953DCFBDBE
:20D560009040CCBCD201DEBD79CCE43C1FE170BD7D8BAFBB2A9C8DBC4306E73C049AD03CBC
:20D580000786E6BD6B433BBEF9115ABDF6635D3C1BA4803D7B20903D6407033D619313BC4F
:20D5A0007490B0BD09D93DBE48243FBD506E9A3B6FE41B3DA3D2023E495F303E5145733C67
:20D5C0008BA576BD3F154CBE844A22BD2FFDB13C5F7A323DB1438B3DE230373EC7C97CBC71
:20D5E0003B393DBEB1B1BBBC2C5143BE46B0753EE69D26BE43B4EEBC7BB128BEDB84FCBD8A
:20D600007249D8BDE2939ABD1DC94CBE9E42FDBD2EE406BEBB73B7BD7B2542BD588BE23C4C
:20D62000207017BCD4A2B8BA49EB96BD74C762BEBD1028BD652232BD66AB933DD02EC33CB7
:20D6400085FCA13DC7717D3A7500573D2AB2A0BE719C893C8C4FB93C744D133E66EC713D85
:20D660004501003E9CD29F3DCB725A3DE4BBB3BE8BA8EE3D7A9B14BE10AC023EEFC2A83C22
:20D6800073EC0B3E6183403D99B0123E0F5B0A3E77CD09BE9A8D433ED960B9BD8615E73C16
:20D6A000A66B1BBE41D4AABDABBD79BD9261D7BD2D5F12BE743309BEDB6081BDEE7B8DBDE9
:20D6C0002542BF3C1DF62A3DC19DD0BCAECE5F3C8E0DFBBD168B67BE3F6AA5BD45EE9E3D3B
:20D6E0006401BA3D9C19433D09CA9B3DCEB45D3D053DCEBC6B0A29BE8FCED53CBC714F3D83
:20D70000D0ED1C3DD3448F3D755BEE3D493202BCD91A95BD8F7969BE015C543DEC2835BD74
:20D72000995ADB3DA796823DAF9DDC3D51CA16BCC51594BD830F9ABDDBE5FDBCB90D863E79
:20D74000E59D7EBD04E1863CF7DD67BDB150F7BC48E1A9BD62E7D2BDB14BBFBD4C45D8BDB4
:20D76000EF971EBDA5415CBD26D9E5BC94AE18BD622DDA3D79A65E3C360290BD4A7A81BEAB
:20D780000A8C043C1ED621BC0207813DEDC5003E28E40E3E77BA393AB154DCBD24E16ABE64
:20D7A000D377ECBCEB19373DA3AAEC3DD4CE853D0D12E33D3EFE5F3C8AF00ABD90618ABE95
:20D7C000BA026BBDAD1281BD3DC4A73D60D11DBC30EF023E7A902B3A7223B93B2838FD3C89
:20D7E0000115043C15F8AA3E776043BD1957903DA239AC3C14C22A3A5CB0CABBE07AD5BB52
:20D8000073A418BCC186B5BDC0A345BD19F301BDAF4BD23CE906AA3D5F12CE3D620ADF3B55
:20D82000FB4501BDBA321EBEF224783DF91D453D666E233EDADB603D259F843EA6CA923C74
:20D840007FBCBC3C74AB33BE865C673D38B0E63B1D8E013E8F939F3C05562F3E62DC943C39
:20D860006F5A9E3CC33F83BEC518153DDF6CA63C4C392C3EC47D4C3C93443B3E3EDB4CBC3D
:20D8800083A432BCD83682BD2E1B87BD8D0481BDF32489BC48F330BC79A6FD3C6F0059BD6A
:20D8A0009B13D53D09D70C3DE50B9CBCF9A8BD3DF5941A3E35CB673DE9B7443E0DB923BB51
:20D8C0002595873E01B9BBBC1B7A1A3E6CD87C3D4DFA323ECE3B8EBC3369A53E3BBAD8BD9B
:20D8E000B239CB3E88A106BE5C40E13D2550E63D78D03E3EAE9B833A57D5AE3EE48603BEE8
:20D90000E336CE3E9B7A63BDBD1F513E8ABDC8B9DE032A3E37D5E0BD8853A23E97BF1ABE9F
:20D92000FB8F093F29DBCABD5E4D0A3DDD221BBDFADA01BB9073B8BD1F0B063B88D16FBDC9
:20D9400017E9A73D5927D2BD07491F3ED33804BE7771023DE8B5243D8014CA3C6722A6BCB0
:20D96000EC9BA03D19DF4FBD80C4F53D4FD4803D323D6ABA2DCD973D1E7B54BB1062143D1D
:20D9800081F0A93D0A0AA63BAA343D3E66D4F4BC8B97503C7F70D43D9027A93CE4FD033C8E
:20D9A0008AA0EE3D5203DD3BEA062E3EE7559A3D6F7F93BCD912873D806E64BC2BE39ABDD7
:20D9C000D5241F3E1EF594BCB724813E6B54A3BCAF6EEE3CD5E457BB84E3A73C1EAEDABD17
:20D9E000644288BD7946B8BD854B8A3D6C558CBDF1DD123E87C2D6BD73566EBDFEE1AB3DB2
:20DA00004C2434BD713EA43DE9872A3DD859B63DD503083EB712983D362654BD42967A3D62
:20DA20005ED6763CB9B7953D9B89033EC14C853C4DABDD3D7F7BDBBCA13233BDE752553D5A
:20DA4000C8D1BA3CCE5787BB8B72FC3CEA48173D6BD8153EA172103DE5C5C33DA2ECD13CDA
:20DA6000770B393D893A86BD9C4094BC7185A9BD36D3E33D1B96CEBDAA3196BD4BD78D3DA1
:20DA8000E19807BE91998EBD855DABBD7DC0B7BCC81F58BCD88A37BDC414123D7950D7BC05
:20DAA00013803ABE7AF9143EFB9E8FBD7211153E467AAC3D314CC83C8D311B3E9AB83D3D4E
:20DAC000191207BE87B5163EC0FA40BDD9E4583C5870C63AB579403DA8BD7D3D217E403D10
:20DAE0008D86503D83831E3E3C1F97BC113E9A3DF197623CEDD67FBD3DAF0D3C0F37053A71
:20DB0000E8031F3E7E0A18BC0763693D9DA8913B77B36B3CADD9CEBD89A9DCBD61C88CBD21
:20DB20008E0EDCBD70E26F3D19188EBD7639223EC4E680BD3F43173EB88FF4BC5402FD3DE2
:20DB40003862723D88F8CF3B160E1BBE5A03E93D2A72DDBD4859063E67B0BD3C94D9F13CAD
:20DB60003E97583DF15E213D3C2E51BE3A8CB53DD78729BEEF1A88BBED3CB4BD907909BD63
:20DB8000B91095BDD4F43C3DC118EBBDCF5A9A3C820DFBBDFC8B6FBDDF2932BE7985E4BD18
:20DBA000251C4DBEF895F2BC81CE1E3D21FE3CBDCB98FABD8611FFBD43F93ABE23B026BEC4
:20DBC000E48673BEE258D0BD10280FBE97ED08BE2D503ABE7A82DC3D77144EBEA90CCC3DB5
:20DBE00046B9DFBDA8B9C63D61AA58BDB2E5B13DF58569BE6AE99B3CE93930BE062CAB3C8D
:20DC0000ABF7ADBC63B7C73B24FF793C6B11893C2C1806BE4D3E893C664322BE657FABBC98
:20DC2000A683ABBD7B158FBDFC53D7BD05392C3D4C1034BDBEA2743C34993CBE3A272CBD7F
:20DC4000E7ED00BE0EC6CEBDFEF54DBE0BC5173D4F94583D986F7ABD3604CEBD974F01BE91
:20DC600055C138BEF82B21BEC3B09DBE800399BDC23A14BE579C9DBD152EAFBD06DAAF3D59
:20DC80001E20A3BD86EF95BC17B4CCBDD532033DE71B9E3C9FF50A3D5FF3D2BD8DCA9E3DBB
:20DCA00016AD5C3DF18F133C0BC90F3CE703003CE9BECD3D7044B53DBAC8C4BCF5EF243D56
:20DCC0000D3478BD256E56BCA9D19DBDAB4533BDBBAD78BD2134A53C99F57B3D9076313DE8
:20DCE00028E50EBE97BC90BD05CF94BD9E42ABBD2ADCE3BD31EE76BD721D213EB8A497BDA8
:20DD0000C2845BBC86DAB2BD184A49BEB8EE0DBE17EB84BEB3B0F2BDBDCF65BD1E59BF3D86
:20DD2000A0360ABD0E9385BD8C5A62BD691A3ABD749E2FBD8B94143DDB38773D6D994BBDA1
:20DD40005AA367BDCA62CC3A697400BDE1DF8EBCA09F993C3DB19E3C76BD3C3D7A20873DE6
:20DD6000D9BF74BC196B833BD797B0BDFE2A81BD54560ABD43521F3DC451CABD28B44D3DF4
:20DD8000F78B9E3CCBCE8C3D0C3368BD2E6780BC462BCCBD1B6E99BCD119E6BD8090C53C1A
:20DDA0009A61C93DFD7AA23D9658333D7C46F43C91E3C1BD26D8FE3CBD461CBED0CCA13C3C
:20DDC000E63C043E48513F3D72135CBD287893BDC9C7B5BC03A8D03DC2A951BD3C3B5E3EF7
:20DDE0001F2FD8BD8D05823E424BE3BD56AF823DE8983EBE46FF41BD9AB488BE43CFD2BD09
:20DE000031CD91BEE257B3BCB45FDD3C9D34843D494FC03D44CE0FBEDA3A50BD7E681DBEF9
:20DE2000ACF2B9BD5AAD52BCFA66B93D128AD03D0ECC303E275F03BE527ADE3D866F46BD4C
:20DE4000F78EB23CDBDEECBD07448ABC2B3EE13D6DDC583E6098AABDE54F163EEE66743C0B
:20DE60008F8B053EFC6F4F3D0F8ACBBB332290BDBEA99A3D5B8F56BEDCFA543DEEC4C93C33
:20DE8000E1ABF63D516C6A3E1B54103D4FA8493E6182013D2533CA3AD6306BBD414300BE37
:20DEA000431C06BEE2AE43BD092C47BE51033C3C01DEF13C6D299EBB18D5BB3DCF17E4BD42
:20DEC00002B1003C3DC397BC78A1013CE8891A3D86B41C3D072ABF3D35514B3ECEC19BBD2C
:20DEE00060D71E3E9BA492BC300EA63DD739A9BD9AC8673B3D3DFA3D5967383E05E2463D16
:20DF0000E90E283E1DAB693C024F4C3DCE5DAB3C3475383D3A8D263DAEAA023E0501C9BCE0
:20DF20007444A73D1EEE993D20B1673DBF03693E445B38BC377E713E92FA96BD2B2727BD79
:20DF400042D01ABD15A72ABE8C9F42BEB40E61BD98CD5FBE76831C3CAEB4BC3C20EBDEBD56
:20DF600019C5BD3DAF9046BEA40B25BB71F4B7BD3B779DBD57FAA23BE3DB6BBDE1CAC93C4E
:20DF8000AA26EC3D01412CBE16C9E53D070F88BD4D7288BC49CD0ABC44A2AEBD68C1403D2A
:20DFA000F8D3B33D8C04E7BC68E6443D166BD53CD703F1BC2539153DDA7972BDC5398C3E91
:20DFC0002963E43D945A413C8805E63D687BF53DE6FDF03D7BD04B3E996AF3BC67006A3EBF
:20DFE0007077E33D20E2ADBD09C7B8BD4AAA1CBE396867BEC396483C13C082BE7465AD3D22
:20E00000005C373C5E7E21BD3444F43D3CF1E5BDA29135BD00B558BDA3C375BDFFA39C3DFD
:20E02000360A8F3C7D75F53DD862B83D272FCEBD5301073D34A09BBDC32BA6BD2B4E953C42
:20E040002FA1D1BD53D70A3E0A02CFBC1A09173C8A4C5BBD3FD5D4BC2A523EBD942C2FBD2E
:20E060008C3BA63D86B0933D5FA61B3E0F7EE33D9018F13D4047053EA1C60D3EB24D7D3ED9
:20E0800028DABD3D9DE28D3E2E7FD13DE9E6F8BCD699283C34E5B9BDB7C83CBE2F7E323C06
:20E0A000657C54BEE8DB1D3E31E3B93D57FEEB3881D9663DB190A9BD3109B03C400759BDA6
:20E0C000AD07ADBDB407D63D8938C43DA6BAA7BBD41DB23D82DAFCBD1EF9FB3DC6CCC2BD7B
:20E0E000660D953D3DDD563BC129F1BDFFAADD3C87992E3D4BB294BD9C48893DC62328BD85
:20E1000006CCA93DA848003DDD7CECBC2F020C3D9B03B5BA7AA4423EE79E663D8BA7F83D65
:20E12000B454813DE1B03E3EC162DC3CB5C4843EC4508A3D77CD4A3C7F086CBCF65A18BD1D
:20E140004677E0BD9C68D83BCCB3ADBDD2CAAD3DCF9CDE3D87EBD8BCF88DA73DA248E8BD5B
:20E160006695B03DC30DC5BC12FEC13C8D4419BC4F68073C93EA853D34A2223E55012ABE06
:20E1800023BD0C3EA1C307BE84C370BC3950D5BB1BB604BE548EC23DB62B4DBD8D0E06BEE2
:20E1A000404B3BBC16C0CDBDC897DDBC1A5A13BDB864483EAA85E63D4BFA30BD44F0143D96
:20E1C000FDF4EE3C8167DD3DFB2788BC2E134A3E0BF72D3B2970FB3D43835A3C298D4C3D1D
:20E1E000238CC1BCDB74E4BC61075BBD999382BDDB2E34BEAF82823D36AC863D7B6F083E59
:20E20000D8A9CB3DB36028BD582CD8BCB1CEAABDD023FBBD8952363D7EFD8E3DAEEBAB3DBF
:20E220004BC23F3E8FAED4BD343D2C3DBE5FD6BD847BACBC5399F53C8289B5BC9465233EA2
:20E24000450E063E701D40BD96A8C83D1AC9F9BBA687113DA22A0CBDDD96853E520B4BBD18
:20E260003974503DE576A0BD60762E3EB616EF3D0388B83DDA02113E184E82BD09A2233E16
:20E280006983503DC69A853D449182BC9B5586BD9DDCA3BD9D1116BE853F2ABEE32E81BD47
:20E2A000D84B8B3D00ED4DBC02FC503DBCC102BE2926A1BDEE0308BEC4C354BE70E387BB23
:20E2C000E252A93CEB5EF73BF1B5853D2FB6E8BDDF1954BEB3A922BD369092BE2C954F3B12
:20E2E000F6EF1DBE7F8840BDC1D4FCBCF7403FBED46F0EBEE6DEF5BDBBDF7BBE3677A53CF3
:20E30000C2A3D2BB7AC7EA3AE9836C3DC1B118BE23C2E93C0D67873C6122A6BC00FB6A3B83
:20E32000DBB7263D5D73EABC23CFCDBD1E71183EEC9DF6BC07F642BD89A512BD2846E7BDCB
:20E3400042E36B3B307523BE45AFE6BD46C7173E118DD13C2475FEBC65227EBDA4A542BD6B
:20E36000D79C03BD9182CEBD036825BD3E57463E323D0E3D45B1F73D5499B1BDD99D2E3D46
:20E38000671CB4BD8961B23B8A1FD13D466F963EE5A3A23DF764443EC401BDBC3D49B93D74
:20E3A00006F1A73C8EC7FB3D6DA280BBEB3A033E9A84993D5830B83D7F1CD03D0C55F93C97
:20E3C0000076BA3D7C31023D2AB4E23DDEC789BCF526DB3CD9E7723D295C22BCB2DC3ABE73
:20E3E000D8DD5C3D808015BE799F05BD77033CBE0D779A3A802E5F3CAD6D623D9C4424BE92
:20E400003C6E153D93FC16BE9D1DCEBD340200BE45C65B3D46C5D73D4D4AC73D01CF8BBDEF
:20E42000B2623FBDCC55A0BD9CB5EFBD220E07BEA683CF3DAE5EF63DEDCE153D6889A83D05
:20E4400059C4F6BC22116E3D016E8DBDF412B93C8EB31B3DAEC6833D8C83DB3DF58A1C3D8F
:20E46000BE2904BDC117743D3CF4253D45D1DA3D7BCB5EBDE6445C3D947F753C39804D3D81
:20E4800008968EBA3A10DCBD46FD943D1495C9BD5B987CBD7F5C04BE032482BD508DDD3D4A
:20E4A0001F76F23CC97D91BD805627BD7EF242BD19E502BE3F91BDBD724191BC6FB1EF3D88
:20E4C000FCE4293CAB08493DAA301FBDDA89BF3C41A1C3BD161354BC59CA5C3DD273A53D2C
:20E4E00008DF0F3DE0B4AB3DB58625BDA83CB53D71B55FBC1414E73DF4BAD9BC7F45A4BB87
:20E500005463A53D8DA058BE3467263DD3FCE0BCC093903DF2B2883D8F80673D9EB61F3DCA
:20E52000537D80BDFD71193D21D41EBD9094E4BD8D6F32BD2C84ECBDD5E8ECBCA740E5BD43
:20E54000237124BD0BFE833DE9A28A3DA11080BD1DC476BD919F5FBDDC3BC0BD7DA56BBDFF
:20E560001AE09FBD6A97003E16B6063C6A6EA43D8ECEB0BDF861DA3C16892DBE8CAFA33C63
:20E580008165823C4673253E7E74BF3DAE87063E9498C6BCB5C7DB3DD22883BD7C2A023EF2
:20E5A0009DDBB4BDB95663BE5BCDD73D52988CBD6A50493D0E0676BD888CB83D26518FBA83
:20E5C000B4A76E3D4EF6F0BC961A883D42DD31BB935FBB3D73522ABE9BA3BBBAF544B6BDCF
:20E5E000F9EC51BD071C25BEFCF2983BBC06A03D7582133D6562AABD1923323DE49BD1BD95
:20E600007EB6BABCE33CB5BC73128EBDC59EA43DB979FF3CDA8C28BD31A70BBC457E2DBDA8
:20E620005519FABD24F7453C4D143E3CFF53033D3148833DC08BB93C4DA5C53C026FE33CB0
:20E64000D391FDBC4EDC0E3D051DE73C57AC023E51FF00BDABBC1CBE7C91133C40C7A4BD8E
:20E660004BC3F3BCF629EF3B131AD538A93F843C03C521BDA1C396BD21CC733D9674DEBD13
:20E68000A817073D7D592BBE08439FB8FA9E9EBD5462B9BC930A723D1073B23DAD7D3FBD14
:20E6A000641F603D815691BDD2654CBD5B9818BD6217363C9260393D67EAA63D5E938D3CCC
:20E6C0002D058ABAD9DA793CA957DABC2AF87E3C81CD213D4206363D8D26063EC60CB73DC6
:20E6E000F7AA1F3E1E3FA43DAD04293E2C749A3DCD2EB63D12392CBD7364173EF5F4F0BD6B
:20E700006A425B3D7D86BDB9EC5EBE3D4AA0E73CFAD22E3DEEA0733D149CB13C6E62FBBC51
:20E7200020B9D53C3B420CBEA6FB6A3C3984F1BDC3AF6BBC780011BE083B14BEDA666C3D18
:20E740000D49363D77D607BDC17014BD093DF3BCC570F2BD68B893BCC72C2FBED4DC983D30
:20E760003A3CB83D3B98643D88D116BDCB4B59BBC84D10BEED3953BD26900FBE27EF9F3DD6
:20E78000718DCA3C9486473DBB249B3DAD92923DB2D59C3D1206CE3D4B91B43D26778B3D5D
:20E7A0004042DB3DA11F94BEB8E3B93D04C5CEBD8D4CF23D4385CBBA29C601BC311D933DA9
:20E7C00062699E3C1DFE2A3CC8CC8ABD805908BE883A8ABC7F4A62BDE094B4BD703C45BE15
:20E7E00034933DBE9F7B1D3DEB5671BBD5E194BD0546A0BDC8D991BD41D36ABEE13BAFBD14
:20E80000CBB338BEC480B33D0752DABD1C16FB3C362174BE6EA558BD3D019ABE38609DBDBE
:20E82000BA112EBE9568DE3D4A27BCBD3539163E15411ABE4C49AA3D1EF63EBE7A79DA3D99
:20E84000DD3A91BD0AA2A03DDFBFD6BB59DF973D29C908BDAA7A153CC848AD3D10DC81BD3F
:20E86000ED03C73DD8673CBC592847BB7F9B4C3E04318B3DF0C670BBD195003ED99AF1BDA3
:20E88000FF570A3E99C149BEA17A1E3E0901243E3E431E3B5FA56ABD2D2C873D4A5AEEBD25
:20E8A000E9C1E53D7560CBBDDD64223E8B1AEA3D6204EFBBABB3303D9D25BD3D07D9D8BDB6
:20E8C00095017D3EE0CF05BEE8A4433EFA3DE23DE46EFD3CA79728BD4664963D699175BDBB
:20E8E0006018313EBC0C76BD6CADB73D46751FBD4EF17C3D2A769CBD30B54E3D95FDCEBD14
:20E9000011F8B23D0B058CBD74BB193EB22C04BEF265213E4263853D24C2C63D47AAD8BDF4
:20E92000063B0E3D8D691FBEBAECE33D122380BE6A70453EE20C023D0C933BBBC73611BE54
:20E94000A8A5A8BB196C50BDCAAEC93D29A67DBD7BE41A3E23B7E33DB98897BD7BF9A7BDD0
:20E96000003F833DAF5BC5BDAC14FF3D37E644BD69756E3D9D10B73C77ABA5BBD299293D76
:20E9800063EB203CA99905BD0C0A3C3E32EA88BD90AABD3D9165FB3DEED17D3D56DE86BE85
:20E9A0002D86833D672713BE1536893C5143C1BDCCE68E3D6E6040BE987E94BB58DECB3D77
:20E9C000C6870D3D5DA0BBBCF53F603959A057BDF42FE53CCB2719BD3390C6BC5A473C3EE6
:20E9E000B9A7B83B3D117E3D483979BD8D5B753D40B9603DFF13083DCCAC683D7D01153E8F
:20EA0000A20E6EBD3746B03D6CE8D0BC19D1EA3D8AEAD7BCC6BB273D94A2093E8C2E243E3B
:20EA200027E1F1BBDCC4F93D0453A23CB5C8A03DA2A4453DEC48153D40EEDA3C11259EBD9A
:20EA4000942514BDBA3DFBBD7008F5BC73C8F9BCB35BEC3CA33486BD1D12A13DFCC1BABDD3
:20EA60006656243DAA5C163EA8C9CABC2846CBBCA93FB73DCF23A1BDC9B4213DA6FD8CBD40
:20EA8000B4BB003E7390413E60E92CBCCB300BBD9057DABCE0523ABDC9DD313D3B55EBBD61
:20EAA000E713273E19DF2D3E4D3B053DB819023CCAA6F4BCD66CD7BD1CE8E53C51668EBC9F
:20EAC0000C45873E1D34213DD156463DEB1D22BD1C64A23D77E49BBCAF36193D7D3F68BDB3
:20EAE000FEAB5FBAA1140539C41E77BD68B001BE6087A5BDD6B49BBC3F0D04BD1F24313D8C
:20EB00008E8A003D91D6F63C1AFDE23C58D80A3E2F87E03BC7266C3CB05E84BD2C326DBD1D
:20EB20006D282FBD99F416BD591C1C3E646A2B3E217BB0BCEE61033C01C637BE91520CBDF0
:20EB4000200D28BED06D36BD066E533E4E7B393E2802B5BC09C9E53DCD271EBEF6F4D63CD2
:20EB6000DE7049BE55701D3DE1A9613E13DAD43D31BFB8BCDFF2663D65C129BE8D413D3CCE
:20EB8000B760C8BD1072883D826B363EF7984C3C58F9FEBD3D5F5F3EA84311BE5DF62E3E5C
:20EBA0003FE6F9BC2A52203E82CCD6BDF9AFD13D868A88BCBD489A3D9D8C44BC5181033D9F
:20EBC000D4077B3B52868E3BABECD9BC9EBA93BD8C21123EFA7BC33D6A1A4A3D90C058BC4E
:20EBE00092416FBD4272193D628091BDBAC8863A2B5C7E3E1187A83C2692C63DE3969E3CCD
:20EC0000F6DD623C06628ABC6CB1F93CC65B0ABD0995843EEDAF90BD7907A13D992E953C5C
:20EC2000CAD500BD13AFA83C1D2187BC2E2C003D43C301BCCEF8BCBD896915BE4B8437BD30
:20EC4000BD7AFFBDDDC434BC0D8BC6BDCB69ECBC60E88BBD876F7BBDD50CEC3CC53896BD22
:20EC6000C839703D5A4AF8BDA7FA063DBF19EDBD86BFAE3C006235BE2B3EEE3DD87859BCAA
:20EC8000E1691E3D62F4F5BC9528D8BD88F098BC06FDCABD6116A3BDB7458E3E2124383DC7
:20ECA000178925BC0058D7BC087124BE76AE073D6D9731BE101081BDC774A13E660AEBBCA3
:20ECC000CD15F33D0E18DCBB98BE063BAFE8363DF46D71BDB217583D38F0853E9B3DF0BC68
:20ECE00049B6633CA8E00DBEEF02803D74757BBDD74B833CC6A4753D5E11CF3CD7C75E3AA7
:20ED0000F770033E47305EBC36A7D83DA1C869BD1A1A9E3CAAB5DCBD8486A43BC1B022BEF9
:20ED20009BE3A73DB399A83DD3068BBD952A683CA12932BECC654EBD8ACD29BEFFF30EBECA
:20ED400016EE1F3D5AF2433DF4CB4DBEE6B38C3D776993BE88880DBDB892C5BE39D901BDB3
:20ED60008DE8823CC58C1A3EE8093FBEA273E43D9E3988BE6ECA0F3E00FE99BEF020683DE7
:20ED800087B903BC062535BD3C6E90BC967D2D3E28F3FEBDF0EE433E6C03B4BC028A573EAE
:20EDA000C89E8B3AF1C8F13DC1478F3D1DBBA03E6D0D7F3CA2E5223B4D19FFBC6292DDBBF1
:20EDC000849905BCC92ED23B7921263EF603823EA3B1C33D13534A3DE74D653D263B403DA5
:20EDE000EAB6DF3DA4EE093E9E331E3EEC5F773E807B3B3CFC43383D4BA231BC8CBA293DA5
:20EE00004F5C9F3D25D8D63DE2B1733E625F5E3E0DD0A63DDE630DBDF80D183D273B6C3D8A
:20EE2000E169023E95187CBCE4C41CBC4CDD273D1C9813BD7296803D6479E03A4ACA893D3C
:20EE4000A187253D9E1DFDBB1CC39D3D8C37D8BDA249C83D38CD283E56352ABD6BD513BEC6
:20EE6000AE24C7BC5FB0E8BD0789B13CF6B410BEC772CA3DA4C32B3EE29F01BDD50ED3BDD2
:20EE8000A25C9ABC206AF5BC89373CBD594B87BD0DB9D63D8E91E93D84F0CB39641852BD21
:20EEA00047020BBDC13022BB4BC8AABDD30DA3BD3338F53D56E8CC3D5016493D54D54B3C39
:20EEC000A16ED8BD4F8897BD437645BDF53FA1BC46DB0A3D69C9CCBD3C359CBD7CA6DC3CF0
:20EEE00053A012BDA304893CB3FA44BDA9F6D03D7A5E3ABD7BF24ABB1101C73C977FC13D20
:20EF00001BDB72BD8B5505BEB5E8D5BD80DE0FBEE82CBBBDDFC7BABD3C01A33D6205B23DB3
:20EF2000BDA0383D4528D6BD5340E0BC827592BD0CE4903CDE696BBD74AD0B3EBA7FD33DAC
:20EF400019B0F9BC5E08703BA2F6FBBB70EE47BD9B763E3CB07E25BDD808E63DFDFABC3DE4
:20EF60007B77D83CE26DB5BDE2D9FE3C438AE03B347E10BCD4954C3D7E22EF3D054345BD67
:20EF80006F65FFBB6C750F3E06C581BC8B0D0D3EB78ABF3CD407DD3DBE32483D3049E93D85
:20EFA0004B0ACC3D4D94BF3D79BE833B274BD4BD91AD82BD0C3D1DBEF62D0FBDDC9AF7BD64
:20EFC0004C86CB3D1103DB3DF6CA713D3811A9BD07D3323BD954D93C486B37BD1A619FBD07
:20EFE000A7C8083EF62AEB3D0974A63C8454EB3CC6B942BD82C30C3DC11776BD7BD15B3DBB
:20F00000D2AFC93D15A0E03D08F8E8BC943C1C3DE163A8BDB9F60CBC3DED5FBDCBE7323D43
:20F020003575803C5F6DD5BDFD103E3DAAF6063E0A21C93D28AD103E76FD7C3DF0823C3E34
:20F04000F738073E089AF53D53DF363EE6C58EBC845A0C3ED0B246BE2821C83DAB78ABBD46
:20F06000D6F9A23DE59DDDBDC3197C3EEBC25D3D4D31F33DBB457EBDE68A853DD72E5E3B30
:20F0800080F53E3CBE313FBD1A370C3E2BFA803D53E9873CCC31CCBD04C21ABC3948033D37
:20F0A0003AC2033D78CD293D0323803D268F6D3DD92E80BCA5FE86BCE59A8CBDEC9840BBB8
:20F0C0004DB104BC96799F3D806BB2BC52EB22BCA54F143C4ED503BCF865BCBB7CCDD03DC3
:20F0E0005C33C23DC33BCF3D78BF8E3D4898233E567420BBC84D693BC245093DD1E218BE01
:20F1000054F69FBD4DE10CBEB08666BD0A8FEABD3B10C03D5B7EC8BCF59F343D7BBE07BE10
:20F12000DF1EDDBB9C8E443C0C94243D560B15BCEA8FD83D4BA58D3C6B1BBC3B9D461ABCE0
:20F14000341CE6BD66CA49BDB23BE1BC2D1332BD7CAD903D854847BCD44DEABCF9CD7CBD41
:20F160000BCCD2BC38970D3D1A023ABDA847023D18EA9C3DEA10BABD32794A3D4ED163BE12
:20F180004676D03BF0C401BEEC76E23CB806263D6803DC3C48DAFEBCDA6B443DA7B0B2BDA9
:20F1A000127A583DDE82FFBDADCF023D054D4EBE344DD43B0A5113BE69D97A3DFA9459BDA0
:20F1C000547A0ABDD3DFDABD030D85BC93D2CE3C872F65BD755F2A3D84A7A23D38E578BD22
:20F1E000AF2565BDE0960FBD2B7696BD37CCDD3C5EE4ACBDB7F58B3CE291843D60AC23BD89
:20F20000B6520FBDB159A1BDE7EBF3BB7845B2BDE684E03BB0E190BB437DA8BD1107EB3D40
:20F22000E3D71EBD978788BEDC88D2BD83B46DBDA6E837BD23EBD73CEB933FBCF8244C3DC0
:20F24000762C5DBD6E4E8ABC8FFDE5BD189D54BD1E16F2BD0F730CBE3D79FDBD86D436BE0F
:20F260001A2B86BDA9CD0B3D52C611BEF8EE98BD161F20BE4331933CC12DD9BD960D213D4B
:20F2800088C5223DEB5F96BDCBBAE6BDA9C699BD8032E3BD141E83BDBD5EAABD4C5159BD3F
:20F2A00054D5233C291937BE3EA919BD215A81BE6D586ABDD4E1EFBDCF34AABC94E737BEF2
:20F2C000076231BE1A70E5BD8BC189BD8D7F923D2A879ABDBD92723EB825D6BD11B16F3E57
:20F2E000377C30BEC51A6F3E0916393D15B87B3E09234A3CB9401B3EC5CF0ABC0F38653D7F
:20F30000B6E223BD0BC8A13CDE3DE53B6E9E4A3E063705BDCB06D23D865996BA0C11FD3D91
:20F32000D494BE3D71D5A23DB480203AC7102D3EB2CC1EBD338C9B3DD71FDA3CF9A5893D15
:20F340005F9F173EC05F593D059515BE786F013E467014BC0EB3083DA61DCD3DAA080B3AC2
:20F360006A81ED3D7AE9213D6EB3793C1B35CF3D681F2EBDFD6298BDBEA835BCD11F9F3D3C
:20F38000F744F93C3A5AB43DE300B9BBCDF8DE3DE4DDDC3DA8B1453D5848573D6CC1ACBDC2
:20F3A00065B17CBC3EDDE2BDC10A4C3D7983C3BD0FB3AC3D04D9E83B8819A2BB5459B63A2F
:20F3C000625DDE3CB3E2763D53D5E03D7B3F033DEBA9AD3B47B18B3DEBCA603C45B5683DA1
:20F3E00065E9FA3DD597423D43404A3EE6990DBD226ADBBD6CA71B3DB797CEBC5E9F6CBDBC
:20F40000E467143D4DAD5A3D7C44A83DF4EC553DCC1901BEB3758C3DE4791CBEC253D8BD32
:20F42000165746BC663A87BC5A5DA3BD71060F3D1C0238BD1465B73D30F5F9BC00D52ABD8A
:20F44000C32F87BDFA1D0ABE52FD41BC37BEB8BCA5800A3C630DB13B5F569CBC4D3895BD37
:20F460007A532DBDF0EF17BC9E08533D21ABB23D65A3CB3C605B2A3D6DD6A9BD110BBABDC5
:20F480001FE822BC946966BD0214993C5817DF3C1C6DF23DEF369EBBBE22F8BDCF5916BE2B
:20F4A0005035D5BD67DCAEBCD35A5E3D083FFABB966A9D3D20900D3D49795EBD5866303CE9
:20F4C0000BB5563C6F5398BD2F0FB73D54A998BC933481BCAD00003DAED0F9BC220DE33DD0
:20F4E00086F18B3C5066FABD73679BBDE0EBDABDDD96B73C121CF6BBC7E0413BEC06D43C63
:20F50000BF155EBD59C4BDBC0F2A89BDA21542BD0FC9203C2FF0D73DC7C8BE3D09928A3DDE
:20F52000518710BEA54E85BCD69FEDBDB82A6A3D41F700BD557BBC3D2F00C73D531A9F3D0F
:20F54000B48E5DBEF7F657BD2F1443BEA427CCBB405DEDBD0096F73C3891CABCF05D5A3D74
:20F56000045554BE2F4261BDBB47A5BD39B714BE84D69C3C3CE3803C0521BEBDFB36753CDB
:20F5800019C487BC875D163E2F54EBBA50FF1BBE59EAD4BB1EED24BE2F1077BD9C0FADBC7D
:20F5A0000883163DE88B18BD149E3FBD6DCAECBD538853BDF6A5CABDDF1FC33CD31D683DF8
:20F5C000A1A90C3EFB32A73D0AD902BE41DFD0BCAC5503BDFA6A82BD5887913CEE57B83DED
:20F5E000536F223E8B475F3CFE2164BECF4E86BDBD3E11BE549ED3BD3BCAF33CDA4737BD46
:20F60000C824B93D260B80BD5B923EBC8E34F1BDD66F07BD5B7C79BEA8E85C3CA94128BE34
:20F62000A2E08EBD548B943CB95ABABD5E94893DA77FF0BDB9CC67BDA8C504BEB4F6CABD30
:20F64000766DB0BD8BBD8EBC5E6E66BDB2F0153D603A0CBECAB9DEBBFD7587BDAE1B30BDF9
:20F66000C37F5CBD6F93A73DE3E15B3D3254153DCCA15CBEC7D31B3D68D0EABDAE4D043D81
:20F68000AF219A3CF0B0C33DCA11033EBB68233C352381BE745F66BDBCCD25BEE6EFA0BD5B
:20F6A000DD13ADBDDD870CBD7DA4043DE79319BD83031DBDE0692ABD0A3F483DDD9AFDBE81
:20F6C0007E41F7BC141F89BE957C3BBDC0EF3DBEEC0DAD3C8D395FBDFAB360BC9EC895BD46
:20F6E00058AC04BE02E308BE799A06BDDC6A2CBD5E7C2BBD836BB1BDF2A44EBC74B36C3B08
:20F700005379D3BCAF63D13C12E9C3BC0ACBB03DDACDDA3D420869BCE4F598BD126867BD3A
:20F72000A6EB8EBDB14BA1BCBD7E4D3CD10EA73D62C13C3E5715BC3D366467BECF4B2CBD49
:20F740003B9DDEBD9EFFDEBDD04D0EBD5122F9BC0E275F3C8C8B7EBDEF53933C94AC843CBB
:20F76000785137BE594DACBECC1351BEFCBF39BE978128BE4DEED7BDE3823BBE29E309BD1E
:20F78000D0D4A5BCAF7657BD5FF057BEA967FBBDDF37B5BD9DE6C1BD4E3D8EBDD21CABBD4A
:20F7A0000788BE3CF3D366BC05E8D3BDBA3254BD6186473C78B70BBDEFE8043E4056DA3C38
:20F7C000A6D350BDAF8A93BDCC4BC3BDAF87B4BD234C053D1FA143BDB3DA3A3E41CD53BD48
:20F7E00083FDDABDC0587CBECFA51CBE492080BE310340BC279123BE9829D53CE46320BEEB
:20F80000F32EB13CB1F5B8BD8569DC3DDF3C61BEE670043E0FC1C53C0E3FD23DA0E6123EE3
:20F82000D873243EB0E95B3E17BC7A3C02FB723DE874BB3C5867123D1C83B53809E302BD1C
:20F840004A8FB2BC1BE9F2BCE5432C3CA9456D3ECA8AD1BDAD15943D5215263B764990BC3E
:20F8600064725DBC76E6CD3CA84F15BE008CCD3E83A60EBE6C89893D8833FABB589B953BF0
:20F88000960F6B3D63AB573D436A98BDBC02E83E82E8CBBD9F3E693EBFC16DB9EBE7C23DA6
:20F8A0008A40473D6B59E3BBBB6B55BDECEBC6BDC80D213D45386DBEFB4E393D52871DBCBA
:20F8C000E70C073E48CE623D1B35CF3DD783063E3CA7383D53F51C3D08E33E3C79D23A3D21
:20F8E0006A99393D27E9B9BD4055163D95BE09BE2EBCEDBB71A5E63D1B2A9BBDFE0B823DD7
:20F90000392AF83C2550CBBD7038353CE8458EBD7F1379BDA0C0953E218703BD3DF09E3D57
:20F920003064A63C7C8DEBBDDA3EBE3CE59069BD40E9BBBD46B5C93E39B4E9BD3E4F043EEE
:20F940001FF9323CD5CA82BCE0F8013EDE21C1BD9818063EE802ED3D0BA5453CC277EFBC93
:20F960003DBC01BDC5C70B3E266F8B3A4B537D3E1864F63DEECA6F3EAC331BBDB481EBBDA0
:20F98000F36A723C6063EEBCB25CA7BCA611EABDA0DBC63DA9E3023BB90DC6BDAD0E74BDA4
:20F9A000AD6FDFBC6957D63C01AC7D3C95E8DABB8F29763D0EACD03DEF860BBE0C3E9D3CB3
:20F9C000F82F9CBDB01DCEBC73F2FD3CB4218C3C9609D03D0418303D2BE71DBD9A08123E02
:20F9E000645624BD0B7391BC34D9AE3D6B7D70BB6041D13DF0E249BD8F95003EEA30383E1D
:20FA00000D2526BD942607BE211FABBC8F8C9C3D56BA34BD8A5B393D4377B93D8E5FF73D8A
:20FA20004F592ABEBC9A33BE9B3ADFBB2EB1E1BD755F0ABD911EE0BD60A693BC2185063CDF
:20FA4000080DF6BDFD0C0BBEBB4BD1BD302586BCFF5EF3BBFBC7A83CEC988ABCF23DBB3D3F
:20FA6000C078EFBDD7BA943B751A91BC66F660BD6B2B1ABD3EDD19391FEC593CE066B03D40
:20FA80003800D33C2455103D23A0283D6F66AF3CEA4BEB3C4D914EBDA634DA3DB16187BCE6
:20FAA0002AEBB73CDCCA303DC0AC91BD4B6E76BECBF314BCE9D60CBEF9DBE13C857BE1BDDE
:20FAC0008A12513D3C6E62BDE52517BE3EFC4EBE85B7B1BC3CDDCFBD4B86B1BD6FD50ABE75
:20FAE000E45283BC5C1A54BC2AE7C7BDE62D32BE76662FBD84F792BD3989A0BCFA9A3EBD34
:20FB00007CB3DCBC1A9BA03CFC748FBDA93121BCEF03913B8BF6D8BD5FAE1E3D97613ABDEF
:20FB20006D321B3D5919743CD467823CE67C323E9CF63B3DC286663C330BC43DB04DD7BD1D
:20FB40006A87D43D2F85F9BC8A5B8CBD956BB13CBF2277BDD12034BE51F43BBDE1E4B1BDB7
:20FB6000AFB3B53CD274503CF724C33A8951BA3D7BDBD1BD317634BE377522BD0FD4CE3C82
:20FB800024178EBD9D9CEF3CF27EDFBD3E47623DB32573BD226BE2BD76075EBDB28B4A3DBB
:20FBA000698D103D2C7DD03C395A1E3D9B82323E831693BD9076183D145C48BCAF57973D40
:20FBC000BDBC8EBBCEA3863D2034303D288F303E34673D3DEE63833D62B1BC3DA150353DB4
:20FBE00007E9F33D5C193EBC5A8E463EB8B349BD9EAB2BBE8A0BD23B0C21A83A33D332BEC0
:20FC0000196BD93D8F6A143CBBA2053ED22A863D3D16F73DF2760C3E93B628BDAE7D12BE40
:20FC2000A5DD91BD4564473C678064BDB7210A3D7BE14CBD452BBD3D9D4BD0BC2CC0D3BDE2
:20FC4000EBE5DBBCC60E9F3B8CF01C3D67E5103ED20A75BB716F5E3EC6103ABC7FB982BB57
:20FC60002E0D14BDAA82A63D751F993D0E4CF73D6B14A63D0A96313ED6A658BCC1F42D3D51
:20FC80009DEB913D3CFF683D8A740C3E1D0FECBD9293403EB13EA3BD9AB14EBDF88E8BBAFE
:20FCA000EA58A6BCA97717BE920D883D65501C3D4350E73CF0BF053E93A1253E699E543E61
:20FCC000164F7E3CE98526BE060182BD657F3B3DC2F62CBD1B33B13DB3658C3A5970A83DA8
:20FCE00003B7033D3192EEBDDA848DBD1C90E33B40B07ABD13D13D3D4CDE2D3D2B852F3EF4
:20FD000031CAEFBCFD0F49BD5103C5BDCD9D153DB2AB43BD6C19BA3D056E123BC712A83D42
:20FD2000DF058F3D6DF477BDA207893D621BE8BCC390073EA31020BEF6DE1D3EAB5D34BE9C
:20FD400059DCB53C147CFDBD1B3049BCC97F35BD7DE58ABD5C29143DDF7659BD3A50983D60
:20FD6000FDD2CA3C7FE8A03D600DF8BDF4369BBD5687B8BD4477993CC29BFCBD9BC1933DA2
:20FD8000209297BD35CA4A3ED1D9B2BDA73050BDD9EDD9BDC13DA4BC6AACDFBC46528F3D0A
:20FDA0000739E4BD05EC843E4E8D8CBD34AD98BDB98894BDB5EBE0BC4FCAB8BD31F0DC3DBF
:20FDC0003B628DBD299B463E205BD9BDAF148ABD2C9768BDB0CD66BCA3B8EDBD31ABFD3D37
:20FDE000AF19703C01AA423EB1552CBEDE648EBC80158BBC044E8F3DF7EB4E3D9582AB3D82
:20FE00002A53EE3BBA92EB3C1728283DC73BA9BAA14D173D3F31D23C1225253D448B133E47
:20FE2000E247C83D856DE93DC5E1B03D9D0B1C3ECAA4C8BB0918933D53BDBD3D81035E3DDC
:20FE400022B7523DCF20B63D3DF40B3E37FB0C3ED69F973D5B4766BC4F79D93D5AC41BBD81
:20FE60005754243E6BC35D3DF0F33C3EE3C4B63D48F6303D8F01D83DB71EE13C2864853C27
:20FE8000FA695B3DF0B7853C229D1B3E4150CB3D3CE74DBD484545BDBB1F64BD335D963D34
:20FEA0000481D9BD358AE63DC6378ABD949C8E3D64419B3D1FBA6D3D0EEFBCBDA8292DBDD5
:20FEC0002F59163C9B10133D3AF4CE3DFE028CBC6892B03D15DD803C75A7D43C38D989BCB5
:20FEE000683F153D816787BD266B2F3EDB330CBDACBC443EC6D654BD7ED4783D2DCEFF3B35
:20FF0000E31DA33D880641BDC590473E599789BB4340FD3D35F58FBD4CB9CD3D19A5F33D37
:20FF2000271B033E56D3AF3D86FBBF3D761A773D823E213E3CB5033B1ED08CBD90D0C1BC06
:20FF4000FF28D7BD4D7733BEC8D113BC8B9817BE26285EBD329C00BE992B1E3DBAB3C1BCD3
:20FF6000DD3A423D7D9052BDE50B9F3D166A04BE23685B3D28988DBEECFEF33C0FA68DBE7A
:20FF8000AEEF9B3D72832EBD1374BF3DDC183BBE469ED23DEF41B5BED13EA03D156AD5BE08
:20FFA000C3930B3EACCEC4BC88E0843C9F5082BE94AFAFBCC835A9BE4F3B283D7E2CB9BE2F
:20FFC0002FBBB83DAF709E3D89B6A33D27F203BE3BF6583D19F976BE4475883D2EB799BE89
:20FFE0002227E93CA04D92BBAA95B6BC61AA85BE88CA98BBA9E10CBEBCEC7B3C6465D13B2D
:0200000470A1E9
:2000000069CD03BD2F6F473D60AF2BBDEB24DA3A66B667BDB98E103EF12FD8BD9BCB853DFC
:20002000EA490ABEE7FFCA3B027EABBBE37BA33DB6E913BDFA09BA3C679912BE8A9AD8BDC5
:20004000363D2CBE8B76D5BD12A960BCF275533E6EA5AABDB74E3D3D866365BE23FE17BEE6
:200060008DE06EBEB7EA17BED2E14B3D26C09B3EF888BDBD1E6F283D21301EBEB3B2EDBC50
:2000800012EC23BE408EBABDE2B7D7BDBCEC09BCCEE1E63D550B9EBD4E287C3DB410D33D12
:2000A0001E883E3DA21DDA3DEC16563D5E5A253EA891593CCD471E3E0C65543DDAFA163E31
:2000C000A8B9A5BCCDFC053EF2EA8EBD796BC03D7A8AF1BC47D1AB3DE88279BD234F81BB4B
:2000E00067D50BBDA1E8D9BCA951CABDBDEFF3BB4C3245BD85EE743DEE1C4BBDABA783BDBB
:2001000034E5C2BDFFFF09BD1C7C3DBE211593BD8545BBBDB776C03D2C5CDFBD2C8071BB02
:20012000AB5248BEA20CACBD76A12ABE46F512BE7FDC78BEE776883DAD40A93CD5F033BD61
:2001400024FB9E3D068D823C270E58BBB796B0BCCB09DD3D5DEAAE3D2E5153BD1BD0B23CCB
:200160007787803C7C33BE3C081C87BCADB1B23D99358A3D63CEF53D8A36963CA186723C09
:200180001E0D5D3DA588C93C8946E3BB248E573D56EEB83D5C8F153EF5FB88BC7928D03C5D
:2001A000666B99BDD83A0C3CCA4E4EBD4656D93DF3365EBC920C513EFABB333D07522E3D90
:2001C00033E02FBD6C70BE3DD469DCBC77EBAB3DF3E1903CA181D13D891D10BEC0050CBE57
:2001E000A67A6CBC448A72BC398D473DBF4A89BD75C50EBDF310AABA5EF64B3D8D889BBD6D
:200200002048CABD63F139BE970505BD10DD51BD586E393C8D31C0BDBB78113D1AE42D3DEC
:20022000CB91ADBD90E507BE42FAB3BB15DCFEBCED59B13DC8BC723D564ABA3D442DCE3DEF
:20024000C8AA453CE6616DBE4E4155BC3466973B1709C7BC4C68CA3D2A8BA53A03216D3E6C
:20026000334DAA3D94BC15BEF65E7C3D87ABC2BD83BA033E2CD3DCBCDD06E33D08A20F3E27
:2002800019BA7ABDFD2A8FBDC50B86BD6DAD993EB97F193D6FB4163EC9F2D1BC4F3C9E3D2A
:2002A00088050C3DCC14303DD7BDA83C16C12ABDBA28EABD4988AB3D7914B9BD15F2B63DA6
:2002C000E3066F3BC18FF43D4DC910BD4A0D42BE5A1E8ABDCD06023E5642493C7A91C83DD1
:2002E000368C193DF628863D0FAC82BC32C5A8BE618B71BCB77F8F3D2581513D2FD2E83D3A
:200300003E6E1B3ED6B8293D3A5925BD6D23D6BEE203AD3D6BC518BEA3CBE03D31C3D6BD64
:20032000433D2A3E72DE10BED82AB2BD348328BE4D24153E1DDEA93EC37A593DAD12903DA4
:200340007900993D5C18D2BDD4C2843C6D05C8BD359F6CBDC797373D24E4BEBDFF5B8D3D88
:200360004C2AD43CCEA9AE3CF2AF3E3DDF3EB03C6EF7C8BD7277BCBD90CC9CBD96B1B93D33
:2003800076CB5FBD31962B3E4753613C564CBC3D9A98F4BD5BDB6EBED8E0AABDC737483D17
:2003A0003E46063D67B5193E424E413D1DFF4A3DD504CBBD8B13BABE33ED91BC31860FBEEA
:2003C00079C1C33D5A1AACBDE7381A3EC53526BD53EAA73C14FA69BD9B7F813DCCB6A73E1F
:2003E00040F6763D5D73873D65E296BB822411BECC6E8E3DF00A8FBD760E09BDE0280B3E8D
:200400008764A6BDB6836D3DC331C3BC97974EBD57A921BCCC2829BE703602BE9934C2BC96
:20042000AF0D1FBEA88D893D9B6A16BCE2A9423DDA43C73C5E6A81BDA2F7EABD9C595CBED2
:200440009A8B2EBEA5E0B1BC680CA13C7411F8BB53568A3C667215BBBC6E05BE3ACC95BEB3
:20046000FF57E7BDD3BA4DBEDFB00D3D384177BE794CBE3D95F898BE6579FABD1C387B3D1F
:20048000E14FAA3DFE66B03E94A0F73DFAB4243E8A2A503CF035BBBCD3C989BC12442ABD81
:2004A0009E5A04BDB7DCE63D7E4304BEC95D943D063927BD6408793A806C48BDCAEB39BD75
:2004C00073991CBEB599A1BD567A10BED56E8F3DA3643B3B91EDAB3C2667AEBB54FF96BD5F
:2004E0001A4F4BBE5C715ABE4D601EBE12A6493D8546E2BC4B17DE3CA60E313DB549AC3CF1
:20050000AF311FBE837CB0BEC2910FBDF88248BE7733033D69F13EBE8A86D63D531742BE45
:20052000532B973DAF5061BE3078013E2D78B63E8266D43D7456593DC419833D429AF73CC6
:200540009BFE80BBE3FE29BD2DA34ABDFE74833D0E699FBD44F4DA3CADB177BCDDF11ABDA0
:2005600045D0BBBCD83D22BD5F9F1CBE4B7F3ABD95275EBEF619833D5AD803BE9CED4C3CB7
:200580009A2CD6BD0C7970BD809F29BE5B72F9BDC69354BED577543D8859A4BDD63CBC3D32
:2005A000905302BD3B8B4CBDC9CB6FBE18760BBEA8B279BEFFD3153CE2D0D7BD8FB5F63A44
:2005C0002EC5443CC72913BE7FE3CDBCA957423ECB35B83D531EBE3E3535C03D6C7F103E7A
:2005E000DE49F1BCF837933D0055DEBAE1CCA13D2D2F9CBD0545163E4B0F92BDCCACC53C3B
:20060000506517BD5517D03BDC2F3BBD2D6610BC244BC8BDF8548BB956A036BEE4668E3DF5
:20062000442B8BBD705D303D97F29DBD8C17B03BCB672ABE93B36FBDB7B729BE5A9BBF3D86
:20064000C8A0C7BD4D7B6C3D83B3E5BC57539BBDC7502CBE2E2DF2BD5C2928BEB9917ABC6E
:20066000020381BD790A9F3CB560C03D30CDDABD79CCBE3DC6CEACBD55CA7F3E5BE20F3F8F
:20068000ABB82B3EAF51A63EA9F6463E985D1B3EE4FBF33D3D08083EA8F2F33DB842013E9C
:2006A0009E6B6D3DC5F6B83CC11E6D3D89EC043D43701A3D5035813CF045F43C3E80AE3D3F
:2006C000D5E82DBDD2D2CE3DB237523D4CF816BCDDB483BD8C5EA3BBEA5413BD3F518CBD36
:2006E0008D00B6BDA4DD073D8DBC2CBD0247363D562BFC3CBACD0BBEB99833BED82820BE1E
:200700001F0BE7BD97F8ABBD0DFEB2BDB00B20BD3D7AD73C40A20CBE402B46BC60D57EBDAF
:200720003496753E9F5D093F5AD74F3EDFF1303E12B2343EA6D1B4BC47A9C63D67B7E63CAC
:20074000BF44043E31FE6A3EAF57F43DE62BC63DB973B23D5265F83DDC501F3DC51C993DEC
:2007600003E9023ECBF26F3D1E4077BCB2ED983D8FC1A8BC185B7E3C08638C3DBE4290BC7E
:200780001E779A3DA9FCC4BD0B4559BD26F6F83CF7AD1C3DED23133CC468053CCCA0023D9D
:2007A000C783493D844922BEA4BC8DBD7856E2BDBD41DE3C23A7A4BC0726BC3D84B6D4BC73
:2007C000D206A2BD68825CBD4CD00E3D9433BCBE6EA4973C8120FEBDCA7716BCC5E18CBDF4
:2007E0000DE9DFBD80014FBD892E853C094CA43E68ABC93C2BE7183EC09373BC07CD54BC45
:20080000148992BDEE12DBBC845A6ABDE223CA3E22F2C03926D7C23CB4D9FABDD40E8DBDCB
:20082000EC2EC2BD4BF23F3B60620ABD4BDABC3E10DF95BD0625873D7780CBBDD60762BD15
:20084000803B01BE39AA69BB5EB414BEF7D8803E004085BD4598133EBCA433BE2BE55A3DFE
:200860000C2297BE9B59DFBC8D0988BE6D57563D6354893C35FFF7BE6DC3343D851B8BBE44
:20088000A48D01BEB4E90EBE437D5FBEE96EE8BDD327733D929B913E697A82BD4DA7A63D87
:2008A0000D9B2FBE8A4E5DBD3FAC2EBECC9FE2BC5124B93C56F2A63EC5E68ABDE837C03D2D
:2008C0007123FBBDF342DCBD734701BEF4F5DCBD1CA795BDC9A2AA3E9ED182BDB8AFEA3C60
:2008E0001E91DFBDF19D16BDA8CBD2BDDAA774BD97F401BE66FD893E4CE1E5BCC7B3DF3DC0
:20090000247E35BEFF36153DBC854EBED8E3253DD9C34DBD6BA12E3E58C9EDBB767A67BE55
:20092000B43E4E3DD148D7BDE241CFBD6F8ADDBA02BF18BEF80AB2BDD7EF7D3DAFE9143EDC
:20094000B25F5CBD1019D33D211EE4BDE28EF9BCAA3F0DBE93632FBD16F9603B74D8533E12
:20096000D9D86D3D041857BD68078CBD1A5106BE11F6B1BB4798C8BD25D31DBD95E4AC3DFA
:20098000968C793DB057473C0B59813DD98DA1BBA28A673D417D90BD89F58ABDEE709A3C3D
:2009A000B9B7DCBA168F853CACE85C3DB6B28CBBA2FD9CBDEDDAFB3C752EDB3C0D84B13DC0
:2009C0002360633D431E23BEE2FF733D30DB4ABD780402BC785C0BBEC6131FBE69B3AABDFF
:2009E000310C9D3D5966C63D35569E3C8F6733BD1298F5BD658301BD0D494DBEA3FBB4BD61
:200A0000E0008F3CFCAB1D3D47742DBC3C75F4BD97D48EBD2779F1BD1DB0C9BD349910BE32
:200A20003AD105BD1AF81C3DE50232BDFD9A08BE14DA11BD21308EBD60898B3C3282BFBD13
:200A40008E301EBE3CFF0BBD33F1AFBD9A34A7BD39C3A0BCACB71CBD57A218BCF79229BD67
:200A60003CA8F13D6EFA633CDED4973CB8A4EABD330C7D3DFCAD81BDC340F33B752289BDE7
:200A8000FA96C4BD76EF06BE3C12EC3B9A91D1BBA5DCDEBD7D0C01BD334927BE1B56D4BD2A
:200AA00089A631BE13EAE1BBC1121ABD52E331BD9B84ABBDF4CEFBBDE59CE1BD971630BEF7
:200AC000B985B7BDE6DA1DBE8EB3AABDF756EFBC1A78FFBC283103BE8EA8423D212520BEE9
:200AE0008D47243D287389BDE7F60BBEF15D50BD9487843CC3BC0ABE3686AF3DFBCEFCBD93
:200B000074D5F53C5855F2B7A0B02CBD2A9330BD1CADFC3D2CB5E23DF8F16B3E5BDEC33C56
:200B200046F5223E6E71953D21F8023E6994CFBB43536C3E85A2B43DB073243E67DC523DDA
:200B400073DD343D1349E43C6E4D4FBD090B483D8A8D703EB40BDD3B7076153EB24F29BD3C
:200B6000DAE0103E0BB9FCBC9F0BAB3DEBC0F23CD293AE3DAC4053BD27DC313EEEB102BE69
:200B8000E9536F3E3E3000BEE6AD683E252801BDC96930BD5644F0BD16F57C3D2E8F0DBE4A
:200BA000C8BF343E10947ABD455B573E768D323AA88A2FBE043A913D050E873D41E4723DE7
:200BC00028E6C63D870ABE3D9D07F73D228C393E6BDEB63D3DE4CA3D69C5173EA05E853ED3
:200BE000DB2B5F3D2708913D7C146CBC7D46F63D65F15CBD2A0A243EAA303B3E48DE203ECC
:200C000095FFF73D49C6A4BDC40B2B3D626804BCF0EF913DE0E9A93D040B003E928DC03D16
:200C20004EE8363EADEDEABD156F413EAE9C55BD96277E3E31DE813DA78312BCC58CEDBB33
:200C4000E6A6F23DC95674BD5B4E053E08C12ABD40DB183E04083ABC610E923B50D696BDC5
:200C6000851AA0BD168152BD98BEBF3CC74C0C3D556045BC4B4BF23DA24708BD9FECC03D74
:200C8000F5A5CC3DF853A23E95B62F3DF9E50B3EF168013B4DEB0D3D886D06BB40C00A3D94
:200CA00005B7733D0AAD803EFA34033E4CBAC73C435DAA3D59FFF8BB8E97743C86F7AABC91
:200CC000228BBB3DF15B413EC5DB0D3EAF0D2ABD8F3D4F3E0ECB81BD91554B3E2593BA3D88
:200CE0001123B5BD8F114A3E9C8B2A3D943269BB57C1AA3CD171613D1344473D421AA83DB4
:200D00001442553D9992B73D96B986BDE88F813ED0CEBBBBB42ABEBB529E50BD300141BC6E
:200D200083D219BD7BE7BEBDC9A5EC3A598788BDF1DBA5BB18E5BABC6BBEBE3C91869E3D3E
:200D4000426AC9BC9D2C8D3D318C2CBD2F8F20BE288C9B3C2E64ABBD8648463D26951D3DA2
:200D600004FE94BD80E20A3DF8F75E3D0BCBA1BE9C21933D20FDF1BD5D97E23C3835943D10
:200D8000095F71BCCFAA9F3D61A0033D8F5FB0BE70138E3DE97E22BE24E0D7BB0B5FB4BDC6
:200DA000508A6ABCCB8182BB0C22DE3D0287F4BDA275EA3BE801B63EC2C796BC148E743DE0
:200DC00066153BBDE069FC3C97447DBDB9D530BD77238C3B6EE717BE384E933D01E3AEBD5F
:200DE00069A8923CD36BB63D015A3CBD377C023ECF75B9BC85B87BBE408A833D15A591BDDB
:200E0000975B99BCE472633D98152A3D893DB93DBA20643B6BE073BE56E82C3D3C4402BEE9
:200E20007FD6A43C31AEB23D20C41CBB6E74593D7241433D8A919DBE8BA94F3DE34903BE26
:200E400082CF863C0EB799BC037DEFBB8989FE3C5D2B443D4CB3D9BDE41AAEBD2646BC3E82
:200E6000B56A3EBD23453A3D9C9734BDEA69BDBC923718BC1821573DB85939BD74E013BEF3
:200E80003F8835BC058F4CBDF1A172BD05A2E73D7D23EF3CF1F8003E5ED792BD13AD7CBE01
:200EA000B2E18C3D7ABC65BD1B1647BD4E643F3DF0BBD13BF782C03D07ADB4BD359A66BED6
:200EC000C9993CBC778752BD46FC593D5941E23D232A7F3D19BE9C3DC861FEBC113995BEE1
:200EE0003F34AABC12F834BECA44043B8691023DABF8B7BCCF324E3D50A4C33D801B50BE3B
:200F0000E767D23D927ABE3E7483AD3D41E105BB3CEC86BCA7DCB3BD726044BD4DB60ABEAE
:200F20004879B53DEB3B4ABEBB8BDF3DD23804BE94AF173C134975BD7AC0243D081D4B3C37
:200F400080D6483D4B4C70BE69CDD83D9C9CEBBD9852523DF0E3CF3DAF56A43D52F1A93D5F
:200F60005D4698BDBF7DB8BEE1F4CD3DF1049DBDEBF37D3D3E5A633DE042AC3CDAF69A3D18
:200F8000DB7442BDDE1A9EBE16B4DBBB4393A6BD8BB93CBDB3C2523D3EA7A8BC35FDA83D75
:200FA00061F751BD5352C53CB6C91E3C2F40A13E769F03BDF2608C3DE8A9E63CC632003C27
:200FC000620732BD8C89FF3C1457CCBC472B18BE2945C13D2449E1BDCDAC1F3DE020163C90
:200FE000C47C60BADED0403DC7D1363C24C863BEDB7E6E3C503880BDC55E243DCC82D63DA8
:2010000071EA983DDED7613DF49B7CBDD64B86BE0D88B63D665087BA7F7C713C88DFBA3D9B
:2010200083CC723C8482533DE84008BD4E999CBEFFEB8ABBDFD9E6BD40A5043D06C7543CE2
:201040009A8D8BBC4CD23C3D18E4C73DD84A2D3E4EDFC6BB901D893EAD00EABC3B5AA03D17
:20106000A1FB5E3BDE9444BD089D0ABD5F06913D6E0ADCBCCBB72CBD8EBA193DC58B51BDB2
:20108000D52BB7BB39BB1A3D3E9F583DD1EFB53D85B80ABE8784A3BDFF37B3BC0C8AD1BD36
:2010A000C8D456BC3285B73D228E893D6494923D4CA4CFBD5D6C6BBE032604BD656DFDBDB6
:2010C000E34229BD9880ED3B8DDC90BC05B311BD8F10BEBDECDD8EBEEE490BBD686219BEBB
:2010E000C89D9DBC816C40BC306D3FBDB86EADBC6C8A52BC403E20BE1AFAC2BC5568733EC1
:201100008582223C471489BC5886043D2223403DF55AF0BCE401BABBE7DECCBC3E9036BD86
:20112000DDF508BB9FD1D4BD5B2E37BDAAD093BBD3DD083D9528A83DE89CC0BDF09F00BEEF
:20114000FCBB34BDF77BA0BD9C65FEBC5FEFC43DC4FF103DA192F13B6CF604BE38586CBEC1
:2011600067D152BDAEC43BBD6DE4DBBB423B633CA8C8513D3613903C693A33BE9E298FBE00
:20118000FC8FC8BD2DDC06BE418D99BC4180BB3CB40AA43D1F99913D2999F13DE6A622BE16
:2011A000381BCB3C0581963ECB5225BD6AA2B73B26A72BBD56EC8E3AEE8F283DFEBBB23B37
:2011C000C802B8BD243B56BD21A31A3D3F06A2BDAFE00DBCFFCE0FBD5DD1B83C3ACA1B3D30
:2011E000ADD9B6BD409D77BE150EEFBCEF2C8CBC95A0263CC12D8A3D87F7D43D4D22B73D75
:201200008D6D0CBE43B78ABE9A49A23C16407ABC0CCCCFBA5C112E3D8C4D273D7903883DC4
:20122000AF3F22BD0FA38EBE76D46FBC45F9B6BDB47E9B3DECA1553DA1E1633DA5C6463D84
:20124000E71DA7BD16EA5DBC6DC5733E6DF4043EB963603E657797BD4B9D683DA91785BD0E
:2012600002B72A3BA9FA35BE2CDDA53DA7B55D3D00BDC03CE49FC63D4A0ADBBB3869CD3D05
:2012800026FEECBD8ED42D3D441010BD1AA64BBB5FBDE5BD0871E03D065223BED440543C9D
:2012A000D92678BEA0AB0CBDD2C6A2BDB3037EBD201EF6BD0FB0E83C33161FBE9F19E03A31
:2012C0003ED370BEBA03AABC45171EBEC71533BEED227BBD660ACEBD8C9332B83B92DBBDF7
:2012E0004E4E4ABEC99D35BEAD39313EFE68CABD29D6923CB1166B3E7B1D4D3DB8B8D13BD4
:2013000019809DBD65430CBE87048FBC227502BE3BD9513DDB04013E8AD1BCBD13498C3D82
:201320008457BEBD3029AC3B829990BC0448B73D475FFEBC3AD2863D685796BDFF2C793D4E
:201340001D2E1DBE913EAC3D085B12BE369209BC6AD3C3BD838F26BDFB6BEF3CFB80EBBC8A
:20136000EAB08E3B9DD63A3C03D972BD5B5F95BD46A700BC6D5B41BED3A8023EA89E14BEC7
:201380008227E43D0FB00CBE802EEBBBBB9C31BEF3E55EBD506D2F3E982FBD3BF33C933E84
:2013A000167B233D6348873D7783883CB8AF15BD029D4EBD97A120BD5F40F73CF3AFEC3D7A
:2013C000474FA1BD6AB5693DA632583C4CC1D4BB8758E13C9A26A53DCD0571BDA4B8043D11
:2013E0005AAFD4BD3A8670BCA9AB1EBE82FDA13DB46E1BBE8D7DED3DD1945FBD2E2643BDD6
:20140000F42C8ABDAC71753B2CF2103CF8B9CB3CE4F0E63C5AF5893DAE0090BDCC97B3BD9D
:20142000D534103D662F32BE9A790E3E533705BD9D015B3D26EBA9BD5CCC69BEB9F84EBD6E
:20144000D8ECB13C93DB2B3E852AF1BBE2BF893D8A8909BD3FD880BC5C172F3D14055FBD02
:20146000253B883DC18E9C3DD93B11BD31E724BD7D65A1BD5BF125BD118D4EBDE7118C3C6D
:201480001F5093BCD8AD3A3CE606F5BDFEFBA23C5D08ADBD9C9FE73D8FA8E4BDB0142F3CE9
:2014A00073263FBCB264F7BD124B7ABC87F865BC7BD287BCF4E90B3CF137C8BCCBC548BDA6
:2014C00023E707BDE3EA5FBEF1206D3DAD7622BE35A4D03DF7017DBDAA91283DBB06D4BD8C
:2014E0008B76ADBD2DA4A23C44625CBB5DA36F3DE1D9413CC0C5D23C5FE075BD7474253CE5
:2015000048FE8ABC9D9516BD061A083DE416E33D754B25BCA6D3143DB7CA29BD8CF55D3DCE
:201520007CF8E4BCAFE84F3C8E1DCD3CAB4ACD3C0ADD1ABDD67DA03D936901BE8B7EE33DF1
:201540005F2ABABD51B27ABCAF44013E9DB6ABBCC73C183B3D97623CF910763C0BD0A9BBA4
:201560001CF5113B3D32E43C461DD83DE82E29BE7EC1F23DD153EDBD03AB053E0355C3BD05
:20158000AAFBCF3D8E84CEBDDC06E23D535E603E30B1203EF82B243E1207253CFB4AA4BCCA
:2015A00081CA203BDFFC93BDFBDDC2BCBB4B03BD1F70EC3D57D0F93C4AEB683CD50290BD2D
:2015C000ABBBA93C65C52EBD58AE303DB43A0C3DD0A6033DEEB1413CBD1894BD1D420FBDDE
:2015E0003CF3A7BD86D3C13D00796ABD029B403DABD354BC10D93BBD423A29BCD2D50EBD05
:20160000A5926EBCACDE103D49877ABD976BFB3C7CABEBBCD87131BED21F3FBC25C52DBE8B
:20162000E30C20BCBDC8ACBD12A2E4BD57598EBACD12E2BC5D6619BE3617A43E839A6C3E97
:201640008294323EE4CA1FBD057B3E3E5C2CFEBDED9E6C3D7EE880BD0F70783E8F32FC3C36
:20166000FD00E43DC531A8BD70DB043E3AA1FDBC9390083E0DC9953C2C0CEF3DBF9998BDAF
:2016800085C8553DB2AF29BD7882B7BD37A5B73DA78E69BD72ED013D523F963D143424BE60
:2016A0002CF73EBDA906D6BD305AADBD43E99E3C5A5FA8BD9399993C2FE0073D816E8EBE23
:2016C000F929AC3CE83FE7BD0BCC5CBD8C9039BDA2C3C0BD5F6863BD0822A83D86ECCCBD60
:2016E000B17BD23EBBBE2D3ED1FA933E3C6DD3BCF3B74D3EA53BE1BDC8D1503EF62F08BD32
:20170000D47FAB3E45853ABDD383853EEAE019BDF51E6B3E1CC2083D4AAC803EF2F4F13D6C
:20172000D2B5803E2BA7AABDF32D003EF3C6F13BCDE6873D39758B3D7D9CA63DF228A03D08
:2017400049D9693EE9950CBE230C9B3D58B122BDF087D33CB706E13D0B48EF3BC012F0BB2E
:20176000CF7F063EA03246BE4F91163E101670BD1F26DF3D94F506BBFECC2BBD4EBA33BD25
:2017800053AD903D5FA0B5BDE06BD8BC14EF59BEE66A8DBCE3076C3D8A37A53DCDD2553D12
:2017A00042ADEF3D5AB6153EEE953C3DB20F13BD98BE233E5CF311BE48C2993E99D7CFBD6C
:2017C0006566993E18A52DBC67B197BDB26C4C3D8EC256BAE9389CBD5C44133E042165BC9D
:2017E0008709703E109EE33B3F8C2FBE90A2133DF34325BE22FCFBBD551B63BD607580BD14
:20180000D3001B3E0C50073CA98C0FBE7A97973D3B7B78BE1A4581BDAD8AEEBD1ADE28BCCF
:201820001C50B0BD97038F3BEE185FBD6EB20DBEF6B9B8BD7AE2B03D0D3C56BE09F4613EF8
:20184000C71106BE86BF243E7D693EBD1BE0853E5E0F7FBD59F204BD8A35EDBCF04AA0BDF2
:20186000BBB7C53DD977123CCAB6113E2CC6043E18B94EBE194703BDE37002BEAB2308BEAF
:201880001E9B6ABDD5D985BDD36E1E3DEAEF5E3DB9FC0FBECC9F2EBC623285BE61D208BEC1
:2018A000F31310BEAA65C5BC2869903C7C788EBD4D23D7BDE0996EBD6B77DDBDDAA6FCBDCB
:2018C00049D131BD8D8F10BEC56EADBC83CE19BE9C10193DCD7FCFBD73BAE4BDB22F0A3D82
:2018E000E2333DBDF25E143E632D51BDE1F4DD3DEB9765BDF7A0263E63C6BE3D785B23BB36
:201900004096D33D58E79CBD62BB323E0DAF33BC1DCA733E7A36D43DD7B1113DD4A4AA3C84
:20192000DAA76CBDADA713BD9D43083EAB0ECA3C1AA66C3EEEDA113D8B0DA03A02F3353D9B
:201940007D032EBD4C571DBEFC65993DFEA263BD093AB43D31B4273BE6A9893DA98754BD96
:20196000949B8FBD9BA3DEBDD1C023BDF6A03ABD313D153DEF35C3BD84F1863E557DEE3D7B
:201980002F2531BE7B5DD6BD162C4CBE8B959DBC647B0DBEF0E5813BDF95FDBDE999CF3DDD
:2019A000618EA6BDCCEF0F3EFA97D83BC36DCC3D80E1E03D4642253D80570E3E7EA6393ECA
:2019C0008199F9BD0E8FF53DE7BC97BD4357B23DFD511E3DFC6F183DE06E9D3D20BBA33D9C
:2019E000EDF4BDBDA47F293EEA1927BEF88325BD059DACBD1C7A823D3F2D913D8C4AB33D5D
:201A00007FC0323DF3A7FA3DF40BE6BDC04C02BCE3E8A2BDE288FF3BDB92EEBCD7838ABD55
:201A20006A7C6C3A6806D03D09AC07BEDAFB203E745C01BE2FE42F3E079724BEFD56F33DE0
:201A4000ADE2E4BDBD503F3E95BD19BE351B223ED4CC5D3D2794863DC9B8F03DCCBBBF3D0A
:201A6000F66EEB3D6C9A223E814A1BBE60AFEA3DFF1D65BDB2B3C0BD9B1FD73C32644FBD0B
:201A800090C4273ED001A13DF458BEBDFCE35C3D3452E4BD587BCCBDBB206FBDA71DDEBDB6
:201AA00013939C3CFDDE7DBDAAB2ADBC161C7C3C10DE17BEA1AA65BDE1F822BE3BEB07BE10
:201AC000D40BA5BD3B30F9BD2C89C1BDD463AC3DE97923BDE2C2A23EE45A92BCAF48673E63
:201AE000569795BD1E60783E16EB13BDE0A34C3E2F3DB13A31CC8BBBAA26ABBCB6ADBDBCE8
:201B00001814B23D92407D3DB29EA53D4880953D4B0FD23B7112963D5A7645BD196FD0BDAE
:201B200084AA473CC64702BD6FA8843C4E878E3DB54E19BC1112BC3C8D4D27BE7E3C73BD15
:201B40003370C7BD360DAEBD3F11B83C6206343C81D8B33D707FCC3C8127C0BDBCAB1EBEEC
:201B600030BFCDBD8AB13ABE0F3A05BC0BC8C6BD6566EABCD6FBF8BD7372883D26E8CD3E9F
:201B800020CB34BD6FCD753EC7B5FEBC51294F3E81A8113B78222F3E71ADA1BD157A893DF0
:201BA0005D71FA3CD67F8C3D160FE73D73BFE03D1735103EAA38063EA652E5BD5C08963ADD
:201BC00037E1F0BD21C68DBD8B9D8B3D558055BD40A3163E14BFC83DF46D39BD4659413DB5
:201BE0005E8D0EBEC363ACBDC6618BBD2EF790BD9A76053D5D9BB63AC09131BD387C11BAC6
:201C00005FE9D4BD4743D4BD048335BE462401BEB081DCBDC93345BD1941D7BD9A4B333D22
:201C20006A99D23C8E7C9B3EE5E98E3D7751DE3D195E793DBF8CD23DF889EA3D205F503DF9
:201C4000B87D9E3D85388CBDF907FD3D3824E9BD86EF403EFCC41FBD5BCC873E5DBA2C3D37
:201C600088074DBD387A38BDC911E6BB48E0C4BDF191F43D7A31E9BC8A6A623EBB8DC03C25
:201C8000D0C809BEC9A7D9BD7D952DBDC86980BEFC4DAF3D7629D0BD166CFF3D5C7E87BD37
:201CA000F82CB4BD680547BEF2C43ABED3FF85BE47C41ABE09FC8ABE84B952BE5C1614BE99
:201CC00039F485BE6CF37ABD0D6D8DBD379DDF3DCA6593BCA055133E5653B6BD3A358C3E31
:201CE000B1C010BE8561903E56A4C83D5505AA3ECB66A23DD73B483EEF5E59BDC4C38A3D57
:201D000032C6C1BDD390903DBA75CE3D5B23AC3ED490CBBC654F4C3D165211BE7E75023DEA
:201D2000A0A318BE3A208F3CC168AD3DB7A4863E8EAFC7BD02D7533D400E6DBDA96C4CBD73
:201D4000AC0A66BDF86D08BD0849283D5086963E58F8B6BCB045873D7310A9BD73DF95BD18
:201D6000A5D1F73AB785C23C558A33BC60D87B3D568446BE65ABD5BD5B8D16BE00BB4D3D43
:201D80003B2CE1BDA9EDA33D9DD974BE2B21C13D70B7DB3D9387073E555C0B3D4241433D3C
:201DA0005E1908BDB2C9383C4D971FBDFCD524BD5E4FC53DB2F0843E0894FEBB7299E3BC74
:201DC000A61313BCF32F7B3C2246D4BBC59710BD4E86F73D4F22823E345E483D9E1B443DF8
:201DE0002AFD953D78DB3EBD7A5A883D0601423D2926C73DD835453EE8215EBC7DC85F3D96
:201E000037D14B3D28CB9ABC16E0543DD688933D4E1B07BE153AD63D00984CBD8C049BBE1A
:201E20001D5B25BDCA7CF0BB247739BD6E20813D55A1BDBDF55A8A3DE0C01C3ED1ADAABA18
:201E4000B6709A3D9AEF5F3B5175563D54B07BBDB998B1BCFFBAD4BD8FB8153E3F3A043E70
:201E60008993423D344CDB3B8C98C4BB3A5280BD37CC153DFB66F53C9429583E1DEBFA3D4C
:201E80005724543D5E00023DEF9FB63CAD9C903D9C01AD3D659DB33D8C96703B3325143E13
:201EA000260BEDBC488F0B3EEC168A3DCC3FB33DCA15ED3D9889B23D3295DCBDA5ECEBBCB3
:201EC00062473CBE0D9A7FBEA9C641BDC467B3BD8A229EBD6081E03CFFBF8FBD05AE1C3D59
:201EE000FF65013E1F04AE3D1CB6D93D7E1443BC1448C83BFA0715BEEA12873D8EDA06BE99
:201F000021F96B3E5536883D8100343D1B6E523C17CBBE3D69F1BEBD4E54CB3C9273E2BDA6
:201F20009EAC7C3EE4EB3B3EEF85423D501AD53D1212923CFEE3C4BB33F4513DE06626BDB6
:201F40003DD2073EAD724D3E7171BA3D4205773D13CFFA3C201D4B3D42FF403DA8F1E03D5E
:201F60001CE110BDA96A5A3D4B8BB8BC7BFC36BEF7AB2A3DF99F043D2C88253D777B143EFC
:201F8000DA840C3D199C193E2520193D07CD3F3DEFF7273DDF497CBD6DED7BBD17E41CBE91
:201FA000889C05BDB25145BE18262A3D3023783DF40B50BCA0371336A472FABDFA2D03BEA8
:201FC000AAD4BDBD33A5C6BD7F97563DF2BA123C9F1D73BD079569BD966332BD6A7343BD98
:201FE000E76A11BE3622FEBDC68EA63C4C8CD93CBF94DCBD95A50B3D1EDAFEBDA67E9EBCEC
:2020000095660FBE20B490BDE0A33F3D6381733C360B453C8E6F8DBE3A8B393DCF61C2BD51
:20202000A913423D009EE13CE8B603BDBA3A193E0D35A33D7B5342BD1C4F3CBDAF7FFCBDC7
:20204000D54B42BD0A32D2BDA003B3BDFBE2F4BD05C4C83DD4FC81BDFFCFEFBD3D6C8BBDAE
:20206000443032BE840D76BDE55C27BE4BCDDFBDD99E0A3D8D4153BC643B2FBEDF1DADBCD2
:202080000B0B63BEA48C99BDC8FF52BE24A83DBE232DA8BDFD091F3D994C0BBEB7DCDABDF6
:2020A000A7817FBE9DCDA0BDDEBC66BE9E8AFABD114512BE5A0D4BBD9481A2BD02D88BBE2B
:2020C000835CB4BD891C99BD3DA9AEBD2E9A123D0C7B95BDD286173D9467143EF52C59BC45
:2020E000A138EC3CAE4735BDE7BB57BD20EDD8BDA90889BDA0A813BE78344A3ECB430C3D05
:20210000FBD4423CA90EBCBD36EE9DBD6C6C09BDCC39D6BBB5FB0EBEA674E33D9EB9F63D50
:20212000A19707BD19FBC83C12AFD7BD51FBFFBC788EA1BDCBCF0DBDD714313DD61D673D77
:2021400008DB95BD1358D7BCCD3C10BE2BE98EBD9C8BCBBD86DB40BDE827B1BD1F295BBE2B
:202160005BFDB03D5226D8BE5348073EE9F6DCBD00D8133DEEBC563DE3D8133D4F7AC33D7B
:2021800081EC773E92AACA3DBB35253E99931ABDAB9FB43D110AEDBDFA423E3EC328CCBD58
:2021A00048B3913E12B70C3E4AC6323E9406873C517D353EE4DDA7BD49FC363E606D07BDB5
:2021C000554C793E5F00E03D6215C33D29AAB9BCE145AA3D347B86BDC395843EE3136DBD33
:2021E000A04AD43D853C3A3D3FA0C63CE75A1E3BAA19D5BC4CD745BDA9159C3D551551BDA9
:202200006602553D2A6C01BEBCCB37BEC17CC5BDCDA8C6BC8695FEBBACB00EBEE3E112BCAF
:2022200003962CBE52467EBA1DFD803E5500EE3D98B8043ED911F33D4123383DA9DB263E86
:20224000F2490ABCC092433EFFBFD43E500C6A3B254E2C3E6592E23D138A04BCF8182F3D0D
:2022600016F73D3DFA71393D782CD23EDE0538BDAAA12E3ECBE4FABB7BE8323E5467C13CC4
:20228000F83DAF3DB98D8FBC2E1A3D3ECF4D0CBE4A63133EF55D05BEDBFAB23D526C07BE89
:2022A0009D2A773C7ACDBFBD0AFF05BE1860DD3DC3A03EBE2874F2BDE44D85BE2CA586BD51
:2022C000CDDA74BE08C58EBD24CD6EBE26F8D8BDA6B2373EA6B7683D8363513BCC07AB3D41
:2022E000ACBB03BE6799903DA9BF3EBE118A3B3DCAA6573E9E4B083D568C88BD2BAEE53C1E
:20230000241B04BEDD9C3D3C410F27BE3756A2BCC149623EE5B603BD6FD5EEBCDEC423BC36
:202320001A5491BD60142EBEA0E735BDCF9242BEC757073EC3A81ABE9E94773D4F3F00BECF
:20234000959607BD092661BE8BD67ABDC3BC94BE4AE2DFBD080D08BEC321CDBD7D0AE4BD9E
:20236000C3D5ACBA1F5E1CBD38D99FBC5BC9AFBC2D3C1BBCD8A861BBA313A03EB8F54E3E65
:20238000CE4EDC3D4579223EDE3A653DDD70F03D54B42ABD43867E3D658E883E7294073E3F
:2023A000EAD4823D9919043E06AA27BD99A5943D12434ABCE3E3F1BC4165623E5E148A3CBD
:2023C000111CDE3CF49BA6B8D92C91BC7ECF2BBDE0B9873C48EF33BD02DE96BCF8E79C3AD8
:2023E00086776F3C6AC484BDF0E118BD0DCA17BED3A2D6BD544D3BBE9D47ABBB4AB8C5BC05
:20240000AFF68CBD62080D3D4796583C41EE523DC9DAECBB57E6BFBD54423DBC98FDC9BD3E
:20242000C8DC463E6A982E3E8203133E952E373E7073483DB3C5263EFFF1623CD882DF3DB0
:20244000E58A863E7DC1273D5FF2D2BB2524A23DD316C6BDAD63A83B31AE13BD4BDACDBBE6
:20246000DA53283EEB0B27BDCC589B3DEED86A3CE56E49BD8D5143BD422C9A3CA9571A3DB5
:20248000BDBD7D3DAE3878BD4AE767BDEA5535BD0CEAC1BDB9E6F6BD29961CBE69A207BE38
:2024A0001C2351BC0459CEBB20A33CBDBD53813D11FC373CA3E36F3DA88E0DBC8F7E82BD63
:2024C000A151913D7BAAA3BDF14EF43DC79EE23D80931F3DBD25E03DBC9AB1BB9E7F2E3D0B
:2024E0003969E23D3C98043E822A1A3E2658703DED77823BC9F94F3D73F709BE869C8E3D49
:202500001C39B13B22271B3C6892173ED0364EBCBB4FE6BC8B414B3DD4B6C5BDE03D91BD04
:202520003010943B0BDBD3BC0984663C0E1110BCAE916DBD9082423D8E1B48BE959470BDFE
:20254000035B08BE2D3A92BDEE94743E92DA103D8516D0BCCB61453E13E614BD3E27803CF3
:20256000FCB362BC67A597BD4256ABBCF78515BE6DE86E3E1BA1003E69E04F3D9FD15F3D04
:20258000C115893CC255123D1869643D3D68A93DE8FC723EA8218A3D86004B3DDDEE2D3C27
:2025A000AE6689BC816D7F3DE6DB9CBC66DF3E3D7EAC9D3E8C9D1CBD6892BD3D73A643BD2B
:2025C0001DA09DBCA1CFABBD980C6F3D5830403CB711F43D32C5A7BCC83F3BB989E88FBAB1
:2025E0001C2DC6BC181B07BD285C0FBE1D17C3BD136F0FBEDF1605BEA8433F3EDBDFFA3EB3
:20260000C5AC473ED83C823EAC242A3E74FACC3D269C273E4083D83D62EB6C3EBBF0433E1F
:202620005C722E3E6D4DCC3D6DE2923D7FEF6D3D0C2A213DFD79B93D9CE8763E02BD383CFC
:20264000930A4F3C018429BCB7C3BD3CCBFE9DBC06EE30BC8C44833C2147043E75DEC6BD64
:2026600033DE52BC86E4C6BD7DDC9A3D412690BDD602FA3D00C4D8BDFFD837BD9B1062BE6C
:20268000030B3BBD9AD678BE7237FEBD1CF272BE54ECF2BDEABD80BE9183313CFB92643D69
:2026A000EBB0993DEFC8A03EAD6BAB3D50A1D23C8F5B863DC5AA85BD7F35173DF774DABDAD
:2026C00064AA463ED74DF23C2B67943D7F16213D8352953DA038033DF400F13B12D1BA3D07
:2026E000507E873E592C73BDF711073EEE3B57BDE91762BCCCBB203DFC6BC63D078C0BBC42
:202700002ACF8A3E9CFE22BE48B4D73D189006BE692A073E881F37BD2655233E761E113CD2
:20272000CDBDED3D1D6789BEC48A3C3A016063BEA8386A3C8A818DBE6E04753D6A0644BE62
:20274000B9D57ABCE7F893BD63C357BDC6F9DDBDE145E9BCA879F03DDC88D23DB90BE73D7F
:202760001D26BE3D0C8BA13D498913BD25781B3E2F0B503D5120E1BD4773D6BB00A237BE56
:20278000169DD6BC95B61EBE6ACC213D9C480C3EAE5421BD8FEE98BD14CE57BD2D49E2BD4E
:2027A000FF64D7BDFB2E6F3B1CDCB43DAAEE193E2550B7BAA3BBD3BDA27489BDFA61AF3C01
:2027C000D2CC0BBEFEF1643D163C403E56EA843DBEB1AD3CEE10AE3C554AACBCDF0439BD11
:2027E0007C63693C508CB93C6D9608BDAEE921BCA5C29B3DE4AACABE6B01EA3C6B4CABBD42
:202800003758AA3D3895F0BCD97EE93DC627123B454BB9BA4532223EF819BB3D5FCF1BBE28
:202820003A19D03DC13139BE0EADE73D2F2816BE94D2073C86F93A3EF1FFDF3B058A25BD2A
:202840000103773D0BE386BCF6E57B3C3E33323D9E57023E7719843EBBF42D3DDE6BE53C14
:202860008F9183BC47DA053D2E0305BEAED1B23D3EE01B3E5432D93D18F3AE3DD906723D9D
:20288000FEACDC3D6E06AF3DC63B943D00AF113EFB5EFA3DA68207BD8CFAAC3BB2A9233CA2
:2028A0003B4EB2BB12A7F63D3D29DE3BB8304D3E79C3E43B937EE43D7042643CD2C2963DFE
:2028C000022175BCA2C713BEB1B248BC59B014BEF2B1AE3DF15544BD061BFC3CE14A403D52
:2028E000DE096CBD60BDCDBD011592BDCF7C12BC40044EBD7292EDBB3CBBE93DDF7B78BCFD
:202900005FB98CBDF47CC6BD11BD1EBEC7B85FBDD24073BE18943F3D12DD043E8D4382BD73
:20292000294776BD7E61103D1B99DEBD28A59CBCE44417BE345D9B3DBCE746BD5FC42FBE38
:20294000034503BEC479B53DD7ED30BD7BEB253E8523C0BD0E6A963DAB88C93C3DAEC43D31
:202960009A1596BD90E2763D71A280BDB71E03BE59FFD83CBC35E5BD82AC6D3C82E491BDC0
:202980000C01223D5C4FBC3DC0AE8C3BAEFD2FBED49D91BD8964343C4FF907BD1D99613DDE
:2029A0007E02443EF7DE2C3C03149D3DA7C90FBE4DC60EBEE27822BC7AF85CBE8B6F383D98
:2029C000125EA73E9D9B653C7CEE8F3D249E77BDD5B888BD1D3A853C78C34FBE0ADA8B3DBF
:2029E0006C1854BDD3312A3DEA9CCC3D3AA8253E4E09C23DF56CB33B096F2E3E8927E6BC28
:202A000065AD6A3E9DED5DBD0D84A33D12840EBD51EBDD3DA7372BBEDBF2263E101114BE45
:202A20004A2FFB3D2171C5BD3599DD3D7D977BBD7E00453D9FBE53BDBABD623DD595B9BC3B
:202A4000BE322B3DA09D333CC9D9663E98E1F03CB971253D69047DBDA617B0BDA0501CBD61
:202A600079FE11BE37BE8E3D99A3423E724088392775553D5CE01FBCCF1D9EBD3E55AA3C1C
:202A8000A5E506BE00A3423DB2F8C13D34C3D3BD49B0013DEE3BAA3DD14B38BDD4C90DBDD8
:202AA000A89893BD7882C7BBA8502EBDA4C9AC3CF09C30BB2C0C143DAE968ABD825941BE6D
:202AC000CBCDF4BC67AFC1BD71F466BD43E283BD013E153DFA261E3D48BB53BC64434E3BDF
:202AE0006B7E20BEA93A2EBDB08402BE0C9CF63DC0B1D43DBD3B033E5858C2BD867DFFBCCA
:202B0000C43085BE5A043C3D4B6E88BEA44BDA3DD61A1D3E33C80D3EE3B5A93D6B6DEA3D94
:202B20001B3D813AF2BD2A3DC4CF05BE4B20153E0387C73D0BCA6C3D9A829C3DC384013ED1
:202B4000EC5772BBBDAEC63DA1AC31BB3713753C27FFCE3DEC1D42BCDBC4143DA2E1303E4A
:202B6000FD0BA83D21774ABD4EAEA93D2488E8BD93DD973C01DCA2BDBC0185BD0082543E04
:202B8000D45D063B4CA383BD791F40BD928E96BB89C720BE409AE53C7BF10D3D356F153EB8
:202BA0007B7590BC783E113B74CB38BEE52560BD05308ABE5033E83C9536873DDD75AC3D8D
:202BC000D67C463D9593203CABD580BDE8FD903D55C505BE5DC5F03D8507D2BDA92BCD3D08
:202BE00028D36E3D80D88C3C25D888BC7C676E3D05974FBCC50F42BD976881BCC50FA3BD56
:202C0000E6033ABD4810183E2C1CC9BBD09A35BE6089493D1745AFBD4E8746BB7A19B8BDE8
:202C20003A30F0BD42C1313E1130AEBDD9CE8ABD46E17CBC1A9D90BD859E42BED097823DC5
:202C40000E4A11BEFD69BE3D7BBCDEBDE41F42BD583D16BEF46A65BDF7969CBEA6F3CE3DA4
:202C6000FC01A73C5A78943D2CC6D6BD105C9F3CA1DFB7BD6E354BBCA231E5BDB438CF3DFA
:202C8000B10EAB3D685A773CD8900EBEC5C1AD3E80103ABEA4FC87BDB3AC0CBEAC2851BDFC
:202CA0001A1E16BE8F7B1EBD75959CBC5DAEB1BE4759223DE4C4813D9D4C50BD17A86C3D84
:202CC000A71C94BC44067E3D8776163EE2CCBABED6EC85BDBAEA963D866EA1BDF6FE62BC86
:202CE0000C4B9CBDA26619BEB596503E4F6989BEEE840B3C95CE97BB85A62ABC63D026BDD8
:202D00001B2575BDF2FD47BE9B17733E5B5C3EBE9A716E3A6F58A8BBD06285BD997445BDD7
:202D200065C830BD4EDB84BD53F9453D5A45243E723428BC9B54043F1D95E8BD30AD1A3EF8
:202D4000019BE2BCEE6580BB1BAEFC3A2587B73DBE3E153EFE7130BE41171B3DA05F263E4D
:202D60008353F13C97F3373E0DB682BCBC77003E23513A3E610E4FBED83391BCB71F923D7A
:202D8000AABB85BC846580BD58B52DBA281198BD34FB513E7AA24EBEFECE64BDA39D833D12
:202DA000B772A5BDBE9197BD3AD273BC35976FBD810E573ED63AC0BDC18170BDC284A73D68
:202DC0002BFBF7BDBF9FCA3B5815E4BD512A06BD40BF72BDD67E2F3E6256093E4FE7543EB4
:202DE0005FC4303D5CFD9EBDF5D10F3D03A8C1BDBBBCC33DA764D7BC47D8813E99E2883D21
:202E00009A2D553E1B27293E2D83043E6EAE183ECAC3B73D6501F83CD2EB553EF120A03DF2
:202E2000038C293DC394E73DB8F16B3D3A20B03B300DD23C75FAAFBDDF22173E5E7234BC50
:202E400001F2B9BC4AFB6F3D30A05EBDE7CF20BDFCE5C9BCC0710BBED1C53C3E303A8A3CFB
:202E60002E2740BD627283BC667484BD47F44ABD2A010FBEFEB98BBD236742BDE8F21DBE5B
:202E80003A091A3DCACBE13D4AF408BD6A2C25BCA5121ABDE61983BD445D213D186B3DBE21
:202EA00078C9193EBB8BE93D1D9F9B3DCF08793E9634653D26B1E13D04E6C23DCDE9523D5D
:202EC000BD958D3EF052353DA9671C3D8AEF913D5ED8E63A0DDB32BCCB738EBC465139BE2F
:202EE0007648983E15FC093DDF07253DCE4BF03DBC8F313CDA8305BD04B786BDFCE01ABED0
:202F0000AF0B873E41AFF23D196FA6BD4DC8CB3DC44AD0BD2B2BCEBCE4ADC8BD36EF97BD01
:202F2000285650BDDEA8163D6BCA95BD2F0B763D5CD5CEBD36E124BD5256EABDDE83CFBDC9
:202F400010812FBDED3726BE73AAFA3D0EE70D3ED713833D064A663E518E613D0AD8AF3D6F
:202F6000862F063E829FDE3A96FA2B3E6551093E8783993DDA3D293E7C8E693D70D1CABC54
:202F80006AD7623CBC5124BE41C2943E95B3953D49FEF63DC625063E045745BC7C7FCCBDEB
:202FA000677B0D3DFB8C12BEB7F2693EB9B5943D59A52E3D16F8FD3D3A343CBD17EC4BBCDD
:202FC0008D6D27BC0307F2BC29CE3CBC849B7DBD84C50CBE73EF09BE2C8ADABD98B607BE78
:202FE000490408BE54C20BBE71680ABE48E4F4BDB44F42BD6EB0623E1D730CBDD28D8C3E1F
:203000003E2F5CBD2A0C203EEC97573D002C1E3C9AFC003E8C91EB3DE34CBC3B4E31553EA8
:203020001E9ED53C2CF79CBB269ECE3CD56F3EBE77A7763E6EC54C3EF6938D3DEBDC0A3E4A
:20304000303B4ABD561C453B809B0CBB970535BEC12B973EB9ED343ED30D863DECBA303E0B
:20306000E4BDCB3DCE305FBC2D81B33CBC5E46BD575B39BDBF3E23BD11347FBD2E59CEBCBD
:20308000A3A60BBE20D126BD98A345BE557203BED206A4BD422F1ABE1B5D8EBA707F123E03
:2030A000A5C139BDED3F893EE10E47BD2464683DAD914ABB6AD8593C3C3A343DE1CD223E92
:2030C0008115633DEE78533E7BF4A93DCBA874BCB5DA0D3DF8C624BE51E5443E26DFE03D78
:2030E000872910BD101E303E57D3003CFB4A25BC52FA813D2A6364BE4418653E2531A93D37
:2031000046D2C0BDF509293E24FDABBD223FEF3C48EB063D8EAAD9BDB603043C2162A7BD7C
:20312000C1CE1ABE92007C3D051644BEE8D842BD2FE25CBED19401BEB5ADFFBD8C3B59BDB7
:2031400003BD36BA72701E3E4918A6BD1D095A3ED759D0BCD2D2253E52F30C3DBCB9F73C06
:203160002CA3003D130FE33D9A8094BDA401523EACBF80BDBB30093D12F1B33DD2F645BECA
:20318000377C0D3E957A0F3E3A2906BD145DEE3DF62C743CDC5A9DBDA4BC8D3D8D8E2DBE81
:2031A000A42F983D132A513E8C8218BE7B0CB43D68B223BE17BD75BAF5647FBD7FDD86BD0D
:2031C000C3E1AC3D5E6F903D64370EBD629EA9BE3F88803C0C5957BD734B1DBCA154393DFD
:2031E00091CFD33C103BB43D1D95F73C364D6A3E5B13483CE0DDAA3E4184AB3C7A68223E8F
:203200009C73E23DC79C583D4E4CDF3D8AD84B3E96F0FA3C72400E3EB8D2953D6CE4CEBCF7
:20322000F354043C94F508BE1DCB573E93FC823E8C2E133D41C42B3E86F1D5BAC6664FBD36
:203240000E789D3DA25508BE8E83683E9090803EE7C7B93DC483553DE565933D611635BDBC
:20326000779F9F3D33AF69BD3AF1BABD49EB123EDA87B63B227584BE5E4CC8BBB75654BDB8
:20328000467473BDAB0B373D51A8E5BC48AC303D29347FBD6A7D253E8BE0193C3BE7793EA3
:2032A000256D6E3D5AF5B33D6FB3863DD0F469BD4537853BCCE2273E4544BEBD280F3D3EBE
:2032C00058D3CDBA2DCF16BB4C81173D42A4E8BDBBF7B53CBC6AF13DFDD364BDC233FA3DAF
:2032E000CEB46DBD701E333CF4D996BC02E907BEF2693A3CF3C5443EA7770CBEF967C83DFE
:2033000045CE91BDFB17F0BC51DF84BD1567B6BD3065D53C01FCDD3A5A14BBBCAEE6C0BE7D
:20332000FFCA8EBCC8DC4ABE1D948CBD7B35E7BD994B363D329E89BDFB2360BC3300013E67
:203340005FFD723D2BE06D3E6CA9A13D9216E53D36EC983D85ACB3BD2360D83C4658033EE1
:2033600083F4573DC954E03D020151BC8C71943C1FCACBBBBFB9C8BDD54FA83B7A782C3E5C
:203380003D6C923D1AC31D3E8A9F073B50059BBB668A643DB47D02BE4A521A3D0B58013E50
:2033A000F392543C9398E43D6E958E3BBF0BD8BD5620A83CF9C4E3BDC18652BDAEA182BDE6
:2033C000C57303BD59AEFCBE8C32AABCF59543BED494D73C510711BE0EEBF6BC87C35ABED6
:2033E0004EA6E9BCFC80C73D4B2E8A3D6D68203E89E162BC34F0923DF726113D012842BD33
:203400004F22B63CF222143E6660F739175A0E3E39D4CFBCF7A22BBD10EF3E399A0E2DBE0E
:203420005856DC3DB36B293EBBFC25BDC535433EFC8F4A3B1B5FD83C3FDC173D5C3276BD5E
:20344000F4CEC43D6278443EDF8D81BBCEB8FB3DCE62F83B6A4F5DBDA4EB8FBC795CCABC7C
:20346000F60D8ABD3CC0BFBDD22073BDE17CFFBE4FF040BD476614BEDFC9D7BD6718DFBD3C
:20348000D9B070BC31A39DBD57B76BBD885DBA3D1AF86ABDA4E8373E24287C3C7C80093DB7
:2034A000795B323DCE1A21BEED7065BC2833E83DF7AB33BD9F9C843D15230EBD818E9FBD08
:2034C0007A035C3CAD80C8BD7D7BB03D615CF33DA7F8BBBD8FC1013E95664CBD43733ABDFC
:2034E0000CE08BBD5C29ACBD152D7C3DC7341E3E4B6CBFBD7B5EB03D585DDCBDD8429BBCA0
:20350000D2F38FBD2D1743BA48350B3D30B910BE139908BDA0F39BBE7533D7BD1F55F9BD1A
:20352000A0439DBDD14A183D79EF7A3D0A00CA3DFE6A12BDAD42883D638E57BDBB172E3E80
:203540006E6382BC39193E3D4029AD3D04671FBE7B49A1BD9C92C03D1E938FBCA1CE863D79
:203560007A88003C78903ABD9FA2943D68124EBE6032BB3D4EDBA03D277F2ABDF4A7403D41
:203580006BC27ABCBF7BC5BD98D8873BFB6607BEECC3E23D70AB0D3E4E0F03BD99426C3DDF
:2035A000CF2CB6BDB29CA8BD278DB6BC2C1C0FBEC05F95BD0DB34D3DE53995BCCD8517BF5D
:2035C000D2478CBDCDFF3FBE6FA9A1BC27B3803D3BE0353C6B6E2B3EAFFBAFBD17DF313E6B
:2035E0000D0009BC58CF583E4E6891BB42D9A53CC94B9B3DFA6E3CBEA0630BBEC9CD6B3EE5
:20360000479AC3BDB181313EA09B393D77AF00BE4822A23D511E5DBE63380BBD7335A33E54
:20362000581000BEE4D22F3E6D2606BD9251C2BDD6E35FBC25BB95BEE9D0823CB802903E83
:20364000B4F31CBEF2E0A53D7B2B99BD850153BE92CB95BD3482B1BEB0CCB2BC220ABEBD3D
:203660001EF917BB4BF811BF955AF3BD0822DABD9917A3BC18A8C73D91971C3DAB14363E67
:20368000766F1FBDC707913E09A62FBD3846793ED2EA933DD5E0473CEBB9F13D8C4F89BE44
:2036A0006BF2FC3C3771863E464006BDD6990B3E941E2FBC44FD30BEDFDB203EB317DFBEBD
:2036C0002058BE3DE056C43E174443BD594D1B3E15436A3C9F4A7DBE6C30553DD55ADDBECB
:2036E000ABF5913D0EA1A93EA3FBDA3B0D6EC83D428995BD4C6275BEAE91813C0768E5BE87
:203700001D223CBDDE6EB6BC5D6C8E39ACA5483EC4F8813CD11E66BDC799DFBCBF565EBD96
:2037200087C22E3C4EABEDBDC477873D420EF03DB6A3A73C7C85543CE54D9DBDD49DE43DCC
:20374000D024BDBD389240BDD58F3E3E71FB9B3C0DB0D03C2EAAB33DA92A90BD699B473DD8
:2037600026A788BD37DE143DB7C5333E0F8932BDB36ED03AFB388C3D252A4DBC48DEC93DB2
:203780006446D5BA2093893CC753E03D599097BD4B150DBD7FC0CBBDE915C0BDF82278BD49
:2037A00072FAB9BD79A853BCE5174B3C0144F1BC1E1F0A3ED555A53ECA2AE53D7D87063C94
:2037C00061A1A23CA27ECEBCC723763D5AF405BE8205493EB38C493DA9BCC53D4F14D2BC86
:2037E0002AB992BBAC97AC3D58A4113D5AC7ACBB7BE4053E57B693BD7AA7D5BC40F29D3CDF
:20380000FF646CBD1BC1E33DDCBB953D457F3C3DD073063E261EFABD60A104BE28F23A3DA4
:203820005B6581BCDC6C783D694B3D3C062C873D9E5451BD301449BEBD6937BE7690CBBD77
:20384000DA9841BEF5A786BC6B20E6BDC95C55BD85398DBCD97C46BDE86837BDDB38853E3B
:20386000F4A1033C3F65FFBB207BDBBA51C173BD5F04863CC6464FBC41A3CE3D82B390BDF7
:20388000C9E18B3CB0022BBD7DFE7EBD834B75BC1031D73C139D7D3CC2610F3EFA6631BEEC
:2038A00045A6A93C2303A03D76AC7CBB2CEC2C3E5327AEBC63D8BF3DD628943DC58E3EBE21
:2038C000DE11073C40A1423D25BCB93CE5F0B63D591E05BC094E813D0575BD3D902947BE39
:2038E0009CCBF2BAADF09DBDE65009BDADC3C4BC57A0863B12B5863DEEC9F6BAFB0587BDE5
:20390000AD8FA4BCEB7FAC3E9A7E32BB46D9C03D627E73BCF1325A3D673E86BB7EB32F3D4A
:203920003BD1B03DC5AAA7BDD2E4853CBC68E6BDC0FDD33CC2BA8ABDAA2BAC3CBC9C0BBE10
:203940008E68333ED9DD06BE94A8B83C040935BDBBA69DBDCC4ABB3D456D16BD0BABA23D74
:20396000B728FC3D07C537BEDB122BBDD6AA2FBDDF69BBBD63358B3D32F033BDDB22443D7D
:203980004D13E93CA2BD98BE6F2BF2BDF6B075BD2903B0BD0A01693D6935B7BD2515EC3C0E
:2039A000FBD526BC9A9893BCDBF20EBE5E7F6E3E5DED86BDEA87343D135C75BDA1CAEC3D0E
:2039C00044BB3ABC32D33E3DA24F3A3C709FBBBD980025BD657B29BE79B800BD4FEDD0BD8C
:2039E000997E90BD071CF6BCDAF3483ED22313BE223C8EBC98CFB2BC66FCE23B9C40923DCE
:203A0000143FFFBB973D9A3DB031873E0E8948BE4229273DBCFBA1BD94E540BDE244243DCA
:203A2000E8110DBD5D6259BC3FE4343EDA5B94BEE830F13C9458C1BD143E4DBDF7790E3D0D
:203A40001EBC7FBC80792BBD7A9CD8BB12533D3E951CA0BD4531643E5E7E95BDDFB31C3EA7
:203A6000BA1A97BD9ADE2A3EC61854BD80F13B3E016EFF3C565A12BD03F8ADBDD8F315BE39
:203A8000A6A591BD77D4DDBC0F8EA13BAC5FCB3BDAA3F93DE56802BE7F8CDBBB70FB6DBD29
:203AA0001DC93EBDB381AE3D093E31BC6A0B8BBB9B60303E927763BEAC9872BDFE2F0BBD1C
:203AC000C53FACBCF64C8B3D6F660DBDD126C73B1023353EB9AF81BEA5823ABD030126BE85
:203AE0006C6EF5BB01EA643C3280A73CA5BB8EBD9C1281BD6D064C3D678FBBBD00CE743E9B
:203B0000FE60FFBD7967003DCD83B4BD7DCED93D7BA1D9BC378BAD3D56C3CE3C12D59DBD8B
:203B2000B9FE21BD29D831BE111B96BD388E37BD605FB5BD1D86ADBD171A803D5F2421BE39
:203B4000BC810BBCC03201BDF531DABD579F983D2C6662BDAB46813DDE50543E3C1386BE76
:203B6000B9036FBDD82B57BDD33F7439D17E073D50D49ABB02AC13BD9A8FAD3D930DA0BEEC
:203B8000DE0681BC15FC0CBE0F3331BCD34D98BBF974BA3D59F45FBD71F5843D32C384BB5F
:203BA000EE3F08BEA6D28F3E79A561BDE01B053DADF95FBD2A93B03D6C0B233D76B9DA3DCB
:203BC00042A9E63C758640BD4A81B0BDC7C4A8BD1E80DBBD46F8A33C826783BDA346BEBCD9
:203BE000D946103E0A814DBE54D0B2BC6075D23C09AC31BD5A11D73D63E1083D3B11BC3C5E
:203C0000F010503E4D8B91BE42FAB9BB84C715BD3A7A03BBC3A9F53C537A063CA5C2B63DAA
:203C20001B2C373ED6C8C5BED97643BDD4140FBE44A7233C828CCCB8E856473D714BA6BBE8
:203C40002269733D89A967BD0EDFE03DACF98BBD0A83AA3D33570FBD7CF3083D785402BDD3
:203C60006726803D5865023C8F6C1B3B0A61973EB055113D4FF9A63CE097C73D0E9128BDF2
:203C8000CB75B93DC62C1CBC72E97EBD1572883EEBD68B3DEC0FB23D43D608BC29A136BD34
:203CA000241CC5BD29BDB03C90BBC93DB4551F3E0A428C3D7F0094BD1CC415BE5247EEBCDE
:203CC0007FE6FABD305F443DA5A4FD3D41568DBC215CF2BA5A99A0BDF3B001BE805A05BEDD
:203CE000EF88F0BC3F6EB2BD81C5CFBDF4F3183EEE90863D7AAE233D7AFF363D2DA7FF3CB2
:203D000022EBEC3DBD40973D8192143E08B76B3DBE4AADBC274CB93E5D0E0ABD53259D3D71
:203D2000B9C2B53D0F591FBD5138A63DC0B6FEBB0539BEBD9221893EFF5938BD0B81073DE7
:203D4000C4C837BD17985EBD92BD38BD7FFB30BD7FE7D3BC4CE8243E48F79BBC3C0FC5BD80
:203D6000B16E50BE423586BD7EDA51BEC8CC153CA044773D999933BD3A6DC4BD15A7D2BDE3
:203D8000D307F6BDB5879CBDD21F69BD852EAD3ACB76143DE9910F3D422C513E773A853E87
:203DA000A62BEE3DBA47103E7114923D832E0F3DF061A43DCAAF143DD8E8AFBAA526B93E80
:203DC00012C9893DA3EB73BCE8859B3D211C3EBD7550653DF928CBBC5E195EBDFDE9693EDA
:203DE000EE72AC3C1E6D20BD0F8F043D2B6A82BD5A83C5BDB90E08BD27DC003DF469583D43
:203E00008BF8A3BD146B8FBD0E4152BE38D361BD814775BE8EBA69BAB1BEB83D759924BDB3
:203E2000412400BE4482E7BD6C1C24BE20B800BE9259ABBDD5A8B0BD2B23D83D6EEAD5BD6B
:203E4000153C1C3E8801B33E590B993DC2DB633E34CAA03DC922A13D74B7D13D06FA113E99
:203E60006EB9E4BC7CE79B3E90C93F3AA2CB373D33559F3D60E260BDA5B68E3D68A784BD53
:203E80004D9577BD4EE0843E512F88BC17BFA8BD28798FBC3E984EBDF34BADBD2F2E8DBB03
:203EA000515EF6BC27D4193E618F06BE640F2CBE2C3946BE1137E4BDEEC891BE6AFB68BD5D
:203EC000CD748B3D05ED27BD0A76CEBDC208E3BD4BAD45BE545638BE425E72BE44C6C9BD93
:203EE000FE2F83BDE89CC83D3246B73D8070A33E12AE0C3D9444923DC41D0F3DE51EA8BD4A
:203F000063FE1C3D2F57CFBC20989BBDB584623E6BAEE63DD685EFBC3CBB213E6D5CCEBD01
:203F2000AFDCC93D4D7C37BD36250FBE7D8E773EAF6AB43CD12375BD14B6923D569BF3BCE3
:203F40002C0E25BD31BC5FBCEB4083BDCE02C43D662C0EBD34198BBD4F5E25BECD68B8BDD5
:203F6000DAD630BE09C601BD247F293DCC1B293DDD6DB0BDC4A119BE83D310BE304B04BE6C
:203F800031C5D5BDE29F62BD2FE1D73DDAEB82BDF8F67B3D168A2D3E6883A23DA40A4E3D1D
:203FA000F45E0A3DD84DCDBC3E41FA3CF68089BD11B69CBD8718833E0A16DDBB44768BBD0F
:203FC0006E2BE33DD5D6C6BDEFEE883D105AC13BDD3416BE797D903EA28E613DDC5E37BD4D
:203FE000FE4BCB3C2E8357BDD142C0BD8300573D5326B1BC238B1E3E2C925B3C1A2F75BD45
:2040000021D416BEBAD29CBD3E6D8DBE01C2E3BB235B883CE43F473DAC4590BD9108B5BD69
:204020004944BDBC4A6FADBD50145BBD1CD358BD5776A83E844592BCDD7BB63D0058653EC7
:20404000E271D4BB3F92943DD94332BD41EABCBC6DF8323D3A8A583CEF520C3D778B963EA2
:20406000AA1A553D03F8CA3BC480483D07C8A9BDCCD6013D50A8D33CA26B8C3CD0E35D3EE2
:204080005BCCA73C491645BCA4B3B33C2077BCBCD86123BD0E1D6E3DB80A313CBA0B0B3E35
:2040A000879C073DC6158EBD4890FCBD82A9A5BD03B689BECA200D3C9EBDD43D1462A4BDDF
:2040C000DB01C33B9219D8BD6DB686BC3044EEBD7ED3813CFE0858BD8AC646BDDCB8083EEC
:2040E0001340893C08867ABB52D71ABD5CFC87BD53703EBA504F4FBD4E3F3F3D964F02BE35
:20410000AFCD5EBD4108C73E3A10AC3C9624BDBC924BD03D076862BC45A15B3DB3635EBD2F
:204120000C3D88BC0DB8BF3E5DAAA6BB1E2B94BD0C713D3D0B8D82BD36CEC6BD2E31253D18
:20414000E75B9CBC2C55423EB42F553BB2B883BDA2D208BEF1A877BD93415BBE4AC9D83D8B
:20416000205BAEBC82F9B63D6474A4BD5447DEBD1E4A84BC2622D7BD086832BC37F891BB20
:204180005008923B3FEE7FBDB6BAE1BCDAFC50BE1D09A53DF65528BEFE9AA13D2DC714BE2B
:2041A000F2474B3D45BDA5BDAA03183D12FAB6BD2F5A933D1A026A3D97944E3D14FC3F3AFE
:2041C0000618CA3D7A41C93DCC688D3DA60B3DBD0085143E0F0CD1BC0B5F243ED44592BD9D
:2041E000090A153E5379253D5DA0093D9602A13D183CF73D4502A2BCBC1A153EC5F5BBBDEA
:2042000048E5463EB941483CF597B93D49EB2B3E792CDA3D8C1CF93DC20D313E88A7BF3D4D
:2042200033F4253EC2D9F33C1942C7BD000011BDCBD495BD7C82A5BD891F14BC277902BD55
:2042400004A1393C05432ABD6671B33C87BBE23C715C60BC2894913DEDAF173E22A4AB3DDD
:204260005094FF3D5D1392BC2326BC3D3FC4CCBC14C5343DFABB013EA616FD3D00CE0D3C48
:20428000CA3A453E56FE18BE8850343EDA2CC5BD305F043E2DE00C3EDEFDEA3DD125F2BCCD
:2042A000F4CE473EE0380DBE3FEE1A3ECF0025BEDD8CC33DB4E97B3E16CB903D24C4F73C15
:2042C0003B7AD13DBAAB06BD1AB8113E28E224BE13A1DD3DE958AE3C6893DDBCCC0473BD59
:2042E000D89ED9BD46A7953DD2D5A1BDEB43B93DBBB230BD41529C3D3BF057BDA23B743D37
:204300005EDE76BB3251D03C9A8DF3BC0AB98ABDFB2DDCBD853D07BE481A13BD5DE0BD3C11
:20432000236762BD5427BEBDDB2210BE179F62BE5AA400BE64638EBED4BCD8BC399DF23D45
:204340005741ABBD573CEFBDA13609BE89FF6ABE17E72DBED88678BEB1B6EABC1939EC3DCB
:204360007E8F6DBDC1CDAEBD165918BEF8F718BEC740C3BD9A4990BEC00A6A3D19E3C1BD60
:204380007E430CBE144BB3BDC6F62FBDD1F1DD3C94D456BDBBC1443D049A0FBEA2C8303D86
:2043A00093F07CBD62CE123BEE0BB6BD5471933DF7E9EFBDD1660FBC8D6F24BE539D8BBC20
:2043C0002B5219BDD7C4C73D8D5A8EBCF71463BC7D0312BE004331BEAE5B89BE3D470ABE72
:2043E0003547C0BD923B683D463719BEFC14CBBDC2858FBE849995BDA6119FBE7A7E45BD55
:204400004A3B54BC28E1563E2D89F0BDE166B9BAD7297EBEEECFC0BD98849CBE77D37CBDDE
:204420001CEAE03C61D126BCAF0EA9BB535A22BE074DA2BC13F985BDE4980EBD332063BCDF
:20444000892DD7BDA9C3CFBCB17C443CDBEF133CB0674D3BFA34AE3DB402B1BCCE1A873DCE
:204460001BE8E0BD1C15093EF5AC1E3B46466B3D128851BD8AD6313D3604E2BDB222243D72
:20448000CE4A11BEE3D80F3E9FB185BD4989B93DA83306BDBD6ACD3C9B9C2FBEE7EF2E3DA0
:2044A000697A7BBE5D96673E8B040BBC201F023E4E7524BE0ECD213ED94957BE9102473E45
:2044C000044690BE560E6A3E66D718BED78862BEC7A278BDE83BE4BD2C9013BDF06EAEBDEF
:2044E000E7305EBDB5D328BEF51C00BD3011B0BD89658C3C378286BDA75AA23C9225FB3D20
:204500007667213D07C2E73DC7DBD43CEFCE523E06229EBCE8F1A7BDA7C9733D9BFCABBC97
:204520008AA1D23DAB04B33D80E7823D6E0D5D3ED0BBEC3C48D608BC905A003E0E4DDE3C34
:20454000CD910A3E73810A3EC24CE93CE59C843E86E3CA3CE4200D3D40797A3DE2112ABBFE
:20456000D513AD3D9060083E3306A43DE3573E3EF1803EBE6AE882BD37E863BD89CEBD3DD5
:20458000160DB53B07A3AF3D994AD0BCEB3487BCF908C7BC95A48BBBF004933D03539BBC2D
:2045A0000422DA3D7657D93DC70F883DF36EC93DDA7D6A3DB856E73D05E7B73DC15793BD61
:2045C000EA451B3EE727A83BDE25363E39608CBC5A24213ECD57DE3DFC75DB3D0DE50CBEA9
:2045E00095B0F03D511E84BD53853D3EC136BB3CC167643EA9394E3DC59DB93DD51CB9BD62
:20460000802FC33D9B0D60BD8A36F93DDC49433CD440B33DA480913DD1D958BD3E64CEBCAB
:20462000E20C9D3BEBE9573E68D7423DB7DC703ECD9FFC3C62122C3E5863793C63B6063EFD
:2046400065964F3DBCE0FABC925D03BDB148BB3D9EC32BBC54E8CDBCC7C8D1BD197E26BD3D
:20466000627C4BBDC698C1BDFCE488BD0CFBC6BD41DFC4BA5809E6BD6206D6BD65A5A4BCC2
:2046800082CB7BBDAC2707BE77A28ABD06330CBEB62DEFBD282C37BEF4021DBEBA02C1BDB7
:2046A0008F9711BD6A5D6CBD57346BBD5BB2B2BD34A02DBE227AEEBD2A0E18BE5F3F6FBD09
:2046C0005029663D5D86583D856DB0BD65CF58BE5983C5BD2AB317BC4181A4BD17B2BB3DAB
:2046E0003D92353DA24E693E01D12BBD6231C83CD824023C2BA1F83D7FF7213DC186D93D25
:20470000D1178F3D99ED5F3E38B821BE509AC23D015D3ABD469A3BBC0221693D5867903D89
:20472000CC7D0A3EB34ECB3DCFA91DBE97817A3E33BA0CBE5AB5E43C86625E3D334A943D05
:204740002379393E5A59C23D492AC4BDD5F19A3E67F88ABD36FA1C3E5C0D2E3EEF53DF3D9F
:204760009F6E8D3E69768D3DEDAED6BD82D310BEF6E86C3DCAE061BE2FD8D6BC1FB08EBD64
:204780000CC19F3C76902F3BCD9E493D5C03093E070C4FBC1F1DFE3CF44217BD6500793DB1
:2047A0000D8A56BC33EED03D1F4169BC3A65AB3D3F07313CAC039C3CA2279DBD12792F3DC2
:2047C00018D61B3DB915A7BD0400783D2971D4BCB4B087BD156B493E8C1A86BD6EA0A5BC77
:2047E0009D152F3D2C45C2BDE9E2853D976482BB8191B4BD0341623E8BACAEBD4B00D53D80
:204800008ED94C3DCAC979BD5837623E8428E03CDE3AAF3DE513D03DCC8DB5BCB0770FBE21
:20482000F7D1C43C891278BD8388633D513C473DE5C4D63DB57BDF3D8F21ADBDD216F1BD6C
:2048400048CDD7BBD4F7D1BC014C143C22D28ABC603A8C3C08A2CC3DDB1F06BE8A8D21BDBA
:204860004D6896BD844C99BD6BD810BD6FBB29BD42548D3DE5C1C83CDE6C0DBE7623CDBBAA
:20488000453FF2BDEBA388BD1BA5203D12CFB6BD9175F33D0BD710BD6BA8CABDE6C1663DD8
:2048A00002B0B4BDBEA8013D4412583D8B1D383B06420F3E0BF083BC46DA843CE0512B3DE3
:2048C000905D5DBDA3BD83BE365CA93CC203CCBDA8A4893DFFA7D9BD0C03C73D72F68BBD5A
:2048E000285BDABDC3DFD7BDD2C072BD8BDA013B0A6E7CBCEF0B693D1FF4C93C6D30193DAB
:2049000078DAF7BDF32C64BCF709B3BDC66BA1BD6D1B91BD2D685EBDA0E08C3C5B995D3DF7
:2049200043DB14BEFBDC393DD9D1FDBDE6C869BBF756D3BB89FE8FBC96A81F3D28F30C3C5A
:20494000FCEBAFBDA9D8673D9182FDBDC6B7EFBCB2E635BD59AA1F3CAA65C73D163A43BD9F
:20496000403F8B3CB54EA73DEB4DA53C30494FBE5E6C93BBCCB6E5BDA039503DF41E203D5A
:20498000D38D1D3ED411C8BCA90ACBBD102597BD5F083E3D4B33B43D9D5A87BC1B7EBC3D12
:2049A0001959A03A61016D3D405722BEA16D833DD87C80BD4E42043D9A955F3B401E58BABF
:2049C000FE28B43D1C5E103D5D8AD1BDD1F2103E6F3414BC6EB8E6BB1F381A3CA0951DBD7D
:2049E000C5B7BB3D0482413D075842BDE83D553E9C0ED1BC6926073DD158263DAC76B93C7C
:204A00003E5ADE3DE794CABCB8AFDDBDF5E3243DBE4B1FBDCA3D38BD5447833B1B7FA83CF0
:204A2000FBBEF23C47D8AC3D4A5FA43D674B893DD3F227BE741BBBBC5638C7BD39B61B3E7B
:204A4000987F5FBDE6A79C3D90C9843CD2DFB73DFD24D3BDA987C53D6D39ADBD1F0E2F3D73
:204A600053D2713DD9DFCF3DC399E53D7A92CB3DC3E014BDC40EAB3DB207BEBC9064153D66
:204A8000C230813D30DA303DCFC8A53D8B11FF3DC57C99BD9DB7EA3DA123CF3C4820DEBBBC
:204AA0006318E13D8185CEBD1B734D3E373EA5BD19633E3DD0A247BC13213EBC848EC7BDAC
:204AC000F0B5123D0D03A9BD52A5723DACB4213DF4CE053EF3C45B3D5EDCB2BDE50702BE5F
:204AE0006BD616BDFB8311BB152C0ABD6AB4083E68E77BBDC624EC3D7370CDBC8DE9AFBD04
:204B0000FA34A1BD7A93653C3998C8BC48C4893D29BBC43DEA0E383EEFBD1BBC011B0CBD79
:204B2000BF7C943C86A3253DE93A833D9E81703DEDE0903D30A6683E2FC75F3D1C9F883D08
:204B4000797B3F3C26951EBCA2AE8D3D4238C93C6141163EDCD5923DE439BABD7559C7BD5C
:204B6000FBACAF3D8EB599BDF1DF9D3DB2338F3C6204F73D0DF94D3D320D003EC721C33D20
:204B8000CE88BD3CA740D5BD524D5DBD6C2E4C3DEB8EAABC1CB2123E7D057A3C1D0E333EA0
:204BA00027BC483DA91D09BEBAAA7F3C3C4C473D8D81BE3DE1F7F93D1D90063E0E130F3E5F
:204BC000EC16393D00EAE9BD795B003D74EB3BBCE90E593D2DCEE63D8F84133E17D8293E01
:204BE000A3DAC23CB39B943D3287DA3BE627243D1072AB3D014881BB16FD173E79FA833D55
:204C0000951B153B8ADD51BD20326E3DF134AEBE3D85843BEDF25BBEDCCDD7BCFDCC19BE3C
:204C200046E108BD23F4F2BD5AFA5F3CBF7D893E9D65E83D96D4AFBD656E7D3D86EDAFBD67
:204C40001A29033E0C0D0FBEDB47D6BD19B3D43E8BA511BD41E12B3C64E914BCC84C3BBDA7
:204C600083C2873C9FE58ABD45CBFCBDB2F3AE3E01D388BD1DDC4F3D90EE78BD3ED70BBDD9
:204C80009BA7A6BC91E7C03DAA3DA8BD3136B03EB1CDF6BD606F2A3E663920BEFCC57F3DF8
:204CA0001D2919BEEB99003E532A813C06F6C9BCFFE7B3BDFFBB4DBDD69AB9BDF6FD06BCA5
:204CC0004735AFBC707CF5BC60E483BD946F91BDDF5FD3BD746CA13EAB51853CAFFBB23C99
:204CE00059D2EA3D548715BE009F8E3D6C7453BE14747FBD1D68A53E9020123DDA616D3D49
:204D000034D4ED3D728DB7BD890D2D3E4D06EBBD4F3415BDE108B43EAC2F13BD4266793DB9
:204D200090BDAF3DC0D15139B0AE0D3EDD0594BD00EA013D717A493E062052BC6A55C13CB9
:204D4000CD7E9E3D326E2E3D166A123E28F3373D60E2B23D1E69213E84AA4D3DFAB7273EDE
:204D600069B37EBBEB76F43DB671F939730F5F3DD8E4CABC40A500BDDCB389BDC9E57E3EB2
:204D800070928A3D949F16BC7636E83DD2A9F0BD5DF3153ECD0C28BEA8EAFF3C346B333E0D
:204DA0006A00FB3D143AFDBCFF67443E20DFC8BD2E8D843E7B7901BE25610E3EE1A7093E0D
:204DC00097998F3DC55741BDB9FB5A3E3D8E05BE6823803E7C81BBBDA73E383EEE9891BDF6
:204DE0000D8DD43DDBFC80BDA1881A3E12EEA6BD68C7FF3D3F896CBB97A1913B366A963D3F
:204E00002E21783C3EC796BB43ACE93CBD0C13BED9079F3CEADEF2BDCEC4CE3C9122E3BD6A
:204E2000068C85BD7AF3A5BD8DF5B13DAC4B85BE8D791B3E32B050BE8D38003E3EF975BE69
:204E40001E80093CC26413BDD584803DCB905EBE88F1063DBA6544BE4894DF3DB95924BE23
:204E60009A24F03C50AB9E3B0DD594BD3B28CABD87F2F2BAD511EFBD634EB23B97AD62BD9F
:204E8000D9A1A13DBA7D09BE53E8B6BDDD2D1CBD4F5F00BEC602B73C50E50ABEEF93243E23
:204EA00059764DBDB3DB0B3D6AE404BD0D3EE93D5A8CE2BC1DD8E43B35C5F5BDB6A4B2BDB6
:204EC0009388C0BD25F768BD6EA010BE8142D6BC25B1ECBB5882E9BDD8BE803C3FCE99BD16
:204EE0001D862EBDB1B5CBBDB6B731BE6D40123D2A2A90BD413654BD087CD2BD95DBA3BDD2
:204F0000A3E38CBDD494EE3A37D2DDBDB7A2573D390FB9BCF29B3D3C9AEA71BD1926513C61
:204F2000BF81CBBD9982AB3C47D29CBCA296873C8980C03C04A9A83D9193AABD0A6CC93D9D
:204F4000E83EEDBDBAC3203E4D9204BD137ECF3D05B693BD430F333EB9EA05BEA329C23D6A
:204F6000108D24BE7BCA8C3C74AA31BE0CBE003CFC2AEFBDEF10443E9D1E68BD5F5BE4BD04
:204F8000E547453D962900BED043E43CBA019ABD278F2DBE7663C63D0E8B2F3D1902FDBD4A
:204FA000B8C2A4BCAE26A7BC348BB6BCC7AE323D51CBD8BCDA72AA3DCE93AE3C2E0773BD38
:204FC000740AC23C6E1752BD594CF3BCD9FB8DBCBF97BD3D1361A1BC619DBB3DF80EA4BDD2
:204FE000AC8E21BC90568CBD90B173BD3DE5B03D82D6ACBCF4E6BFBC5DF4D13CDC6E8D3E63
:205000008787153D4669893EE28F02BD080A4D3EC009953D3CA9613DA035E13B2C7B4D3EAC
:20502000318DFE3DFEE269BD5F9F3A3D1D2CAEBD155E1C3E5AD924BCE35395BDD1A1093E27
:205040001BE1A73D53C4BBBD2673753C1FA091BD3EB46E3C8DDF8DBC5BDCFFBC020AAB3D53
:205060009A39073B3C2E73BC4E7AC5BD57036BBDE41AD7BDC9F43C3CC91B443D6E05BBBD9F
:205080000F40A5BD90860ABEF31B28BE445C49BD799572BE22E6EF3CAC62CEBDD41E2FBDFF
:2050A00010BD89BC0DE348BDFD7EF5BC55EBDD3DAD64AABC5866593D5C251A3DE393863C88
:2050C0006A1753BCA97C943EF7A0313D816814BDB8379B3D88D1123CC620133E172BD0BC17
:2050E000ECBF93BD02BA8C3E1FE0BE3DBA0B41BDDD6E803D1BD84FBDEC6CBA3D48DE00BD39
:20510000663A1EBD97140E3E56B8B83C41BCDF3B84F72A3D32D0BC3C200D853B6CF1533D4E
:20512000CB16ABB976DEFE3D59F97E3D6F3B163D7EE80BBDF5FA453DDC9655BD395B273D76
:2051400053474FBC86DAC7BDDE165C3D3E8EF43D4F9EB83C464FC73DB99D20BDF32D003E31
:20516000749E67BDB2DDEC3D1609ADBC46B99DBDDE5738BD84B9523D71AEEBBD8A2CA93D07
:205180007BC240BE476DAB3D64EF9FBDDC7817BEFA6EE9BDB8D719BD3EEF20BE8B0060BC3B
:2051A00044908DBDC648063DAA611BBE8841CEBDF2A2D3BD37FFF8BDDE5648BCC39902BDE6
:2051C000106D2D3D587516BD1714E8BDB3FD3B3C264F313DAFE5C3BA4C48D73DF82C84BD50
:2051E00057E6CC3C359090BDC339A13D4C5002BEC171AC3D381B4DBED0B03C3DC1DEA23B34
:20520000A03D86BD684D1EBD352AC3BCB24A25BDB5798C3D5006A9BDBB37D83B64B9343DDC
:2052200030C6DCBD152DEC3D6ED4F3BD2FB3DE3DF54C3F3DFD9686BDE71B0ABC92E2F03B8B
:2052400099E396BCC0EFE33CAEDE483B2114193E802A88BDAB0226BC42B54DBD1C332C3CE1
:205260002554EB3C7721423D79068C3D1F00A23C794AC1BD09EC8F3D786CB73DCE0E5C3CE4
:2052800070C2423E2B1981BD478C333E484EFA3CE1213BBE02DC003EA92311BB6260403EDB
:2052A00023518D3D1A5B303E02EDB0BBC142303E564DFA380C285B3E5A17AE3D46820DBE71
:2052C000D943B0BC4B7F35BD25411ABE879B0D3D6AB850BEC09AA73DCE2480BDCE70F8BD50
:2052E000D751D6BD1AF29ABDA08484BD07EB67BDFE3721BD723CFFBBB4430EBEC04719BEF9
:205300006C5E0CBDE2F81EBE49F52E3C6DF67EBD8788E63DE078D3BD968D06BEC8089EBDD2
:205320007B4AA6BB5B567EBD4940DB3DB44A09BED608323E91DC8DBD3308A63DA50E5A3E87
:20534000FB96993D60F1D23DBA20183D8723253E0420253C094C243E5A2FCEBD7D992C3E7A
:205360009F83493DAC44E33CDD930EBE975C453D14D430BEED491A3DEB8F1CBED207573DA1
:20538000242E543B81B8533D0339C4BD59E1A53CAEAAAABDB3C6C7BBFACA34BDFC1D63BDE3
:2053A00076140EBE55BE523C0475AABD45B1E6BDE942983C74491ABEFF939E3BE6C8FABD19
:2053C0007E5757BEACD7213D0FDD3E3D907B41BD752F3D3E2DFEB5BDA8A5413EAB9E4EBEB5
:2053E00051E607BD06DEC1BD1FA4B93D39954D3EEC34D93D7312683EBFB9773D1E0B783ED2
:20540000146E483DB541623E066A833DD164003E6F19A7BD336A0E3EA9E8D1BD8493E33D21
:20542000E210ECBD795B0F3EDE1C733D34C8FF3DF0EFB6BD4F2150BD98AD27BD482121BD8F
:205440002FC0B6BD35B8F6BCD3DD8ABC1BD4463D49DF11BC85A704BEEF86133EB38B2ABE14
:20546000102BD73D3199E5BDCEDECABD99BB0E3DA5203F3EA73AC5BDFF488D3EB2A72CBEA5
:205480008008A43E68766EBECBE6733DAF1C993D0AF7723CA56E683E6016393D330A383E8F
:2054A0002DF4213C6022513EC84BC73D8AAB2E3EAD12043E6207A03CAE3DAFB9165AAE3DB1
:2054C000BC96A9B8EECDD43C5C2DC5BD8C2BBB3D87CEFB3D8F05DB3CEFC97C3C1BF76DBDB0
:2054E000491EA83C36EBE0BC68CA3A3D443C523D1D052B3DACE68FBC4CFB473CACC14FBD42
:2055000086D44F3E31E5D3BDA0DF933E2A0B55BD886215BE5E733B3D200B123E4743A8BDF7
:205520009FC4643E2CC121BE2F0A9E3E0DCB09BE90DF1BBE345880BD13D0063ECF94F63E17
:2055400072F02C3ECE7AB93E90D8E33D88A0903ED92B543D2225983EB408023E206AF43D59
:2055600080C9CFBCE8E31D3E4C6080B8EF5A063E934C87BD944C143EC4F9AC3DE67B3DBD6A
:2055800066D3E2BC212B9CBC20E52F3D2C73483D37713D3D7C97F23D748915BDC6521D3C57
:2055A00086655C3C9C730ABD256A273EC81783BD2B2C993E2A0EF8BC15683EBE29D00B3BAD
:2055C00020FCBF3D580728BD3F135E3E034390BD44F2C53EB4FF8FBDCA8BEA3CC7A7473E48
:2055E000FE9B0F3E52238D3E263E2F3EC4B9A33E97539E3D2280843E22E4203E0CA05F3E80
:20560000CA19373EBEA6C4BC55C939BAABFC83BDD863EC387CC0243DE08D123C5897F73D7C
:2056200056DBC43D1EE2D6BD1E2BF83CEA67D3BDA05FB43D041382BD38DB423E08D98A3DC6
:2056400063A48A3CF146DABDF8DF803DAC190ABE47AD7A3EABDC67BCD0D1A53E84D5B7BCE8
:20566000775A1DBEDFC785BC4254A63DF9C985B90B64923E599F3ABD770AB13E5117C3BD98
:2056800051B98B3C3EEC24BC887D8DBD58FC613C40CCD1BD73AFC03C462719BE6E6B80BDDD
:2056A000BD2F81BEA3C872BDD510233BBB55453E1ABB113DA2E9F8BD7B1B6C3D44BF19BED3
:2056C0000348CB3D877B3BBCBB6974BDD09C3C3EA6D3DABC7882F1BD19D9E73B7A442D3C51
:2056E0000E7EBC3DBD1D5F3D3881C4BDA7D9043E0A1F293CA85815BE636E49BCEEA67BBDB0
:2057000065E77E3DE0A7D83C52FEC5BDDE25B0BB284F0DBEC3B214BEF70A66BE238897BCFB
:20572000E52185BE03C4F2BC6A3176BD3811A83D52B726BD078557BEF0D5883A1520CFBDDA
:20574000976EF9BC29FCC9BC784E04BE7CADA2BD05C9E73C27EA773E55CDCC3DB3E4B23C6E
:20576000EAE5053E354E76BDB5BB173EEB5FC03C9A3E213C37D7AA3E8B43B2BB370417BDE1
:20578000B820A3BCF885993D8229703D280C883DCB2FD4BA89EA4E3EB57AC4BC28B96A3D70
:2057A000371384BDA1E2383DAA16063D9544803D803230BDFD050D3E232904BEAC873BBCA9
:2057C000B19302BE643C71BC7A1058BED0EF5D3D517ED0BCFB2127BDCE1BC4BB135C98BD78
:2057E000FF364FBDB983B63D777D83BDF1E7F53A87F2DBBDD52C913C1F1C613C2A82913ECC
:20580000218F0C3D14C533BBDBE4D33D824D9F3C798AB83C9764363D65E31DBD3FEF5A3E02
:205820007302903C17027ABC32883F3D1B4D11BD309EDC3D8B238B3D26F1DABC8C3F333E26
:20584000D422D1BCCD16A4BDE1BB713D071567BDFBA3663D678CCC3CC944A4BD7DFDA33CF4
:20586000A0D2D4BD045CAEBDBDB679BD1593E1BB76C097BC6092863D16CFA43B1B0A123EF6
:205880005AF83FBC2F0BA43D4B3B6BBDED99913CDCADF6BD827EC0BD7B2474BEDAA896BD40
:2058A00040A144BD24FF663E9B7C50BCB95B00BEBEEA83BDCB09CCBCC62E89BC2A8098BCCF
:2058C000B202E7BDDFC7623E2858203D6DAB31BD97C85C3D76C9DB3C1A40CDBC537CFB3C10
:2058E000999D3CBEA356233EABEA34BC8213A5BD9392053D2E9AC0BD8968A93BEB040A3DEB
:20590000992A5CBEB2653B3D076B2CBE690FD9BC68ADFCBD75382CBD5932A9BDAD99643D76
:2059200031CA91BCCB6D643CB717493C8537F23EA96AAFBD259A5E3E4C6DB4BD3811773C08
:205940005A0A1DBE7C46123D94B617BDBE248A3E9DD070BD0185D5BC55FA433D677F9CBC71
:205960004FCC7C3D1A350A3CB5ABF73C10BC453E522F6D3DCF7A9EBD886BA53DF84CC5BB74
:20598000E3952B3E4EE2713D667B52BDC716A13D4732443DAE8C77BD240B4E3E8F1BA5BD6E
:2059A000ECB8943E952F9B3D9DF67FBD86E8ACBDBB9EB8BD74BA0DBE9D6AA4BCC2B4EABCE5
:2059C00060AD073E3369B33C9B5F933D5115A53C63B4C3BCBC9B9A3EEF0DE0BC1F7BC93DDC
:2059E000B92A3B3D2D803FBD6F24823D1EB910BE150F0F3E066E103E364DE33D8BA04ABEA3
:205A0000EBDFF33DEFDA17BE7C65203EB770143D079EE23D5FBEF73CBED82F3EAB720DBE38
:205A2000285A4B3E568E8EBD72655E3EE44D5A3DB9B38F3D1257A03CDF088C3D5882DFBD4E
:205A40008189153E5E3EDDBDF010843E96D35B3C8BA28EBDFB4919BE4E9AB2BD7B1F3EBE71
:205A6000519081BCB708F7BDC406A03DCE14173D1BDD54BD7A03A03D189026BD49108E3EA5
:205A80005D2D01BEB6081E3C80AAA4BD50D15CBD2A98BCBD366547BDCCD7ACBD31FF2B3E61
:205AA000320B47BCC0CB6CBD881D9D3A102946BC3874C93D10658E3C0CBD783CD5C6183EDC
:205AC00082A7D73A817807BEDD40B13D6DADA9BCCD8CE73D3005EF3C48FD4A3DE896053EDA
:205AE000F8ED6A3C6FDBFEBD865F143E71A1FBBC57EA2B3EBFF1433DEB9043BD74530ABD33
:205B0000F4A10CBCA8DBC7BD1A6AC3BC19E006BD583F113CDD2AA03D547B0B3EA1E8CA3DF2
:205B2000ADF74ABEDE113D3E1FDA2CBE45229C3CE93515BE3A8BB5BD680338BEF3021EBED3
:205B400067B0B1BD4BFE6E3EE7703F3D9810BCBDCE52F23D06AE5FBD0A51433EF867073C3A
:205B60004CDFCE3CCC3E343EA4A63F3D1C7908BECBC70C3EC4044BBD987C403EF9EA883D6D
:205B80007481C13C0628393E5EEEE73DCB301FBE2F3D493EEE17E0BCDAA5303EC3BD6D3D7B
:205BA00025B4773D6292F13C0BB7A0BC6AEBD7BD3544CEBCE8D5143D13FCB5BDC8BA013EDD
:205BC000A21CE3BC41EAAA3C5C6A2ABEF7BEEF3D20E9AFBD737ED83D82D74BBE39A9BBBD91
:205BE000C6D78BBE685DF2BD155123BC8B1F693ECA1A2BBD95648CBCE015ABBD423F8FBD7E
:205C00000BABDEBD74732BBD2970CE3D3AA6573E013D2ABD5F7665BD88671BBD499EB4BD10
:205C2000064A633DF482F9BC9D69153E44DA8C3DF94E4D3D361ADEBD0FE3E23D15B5DDBDD8
:205C4000DA1D183EE2134BBB17580F3D390584BD8142543D69BA29BEF7B7A53DEF7E17BE92
:205C60006B09923DB16FD9BC08CCCE3D86DD323D3E2800BD2C1491BD8C8424BDB90333BD2D
:205C800091BFB3BD14049E3CBC0345BEE50C98BD03D7133E997B7F3E87B60FBD8E45743DC1
:205CA0003E4577BDC6C392BC307A91BDA5C09E3C20333A3E9933443E4F0D67BD05DDD1BA19
:205CC0009D67733ABA106F3D7C1CB7BCDD40D93C3D97093E873CBA3D56E946BCD690A43C04
:205CE0009D38003CF0AACD3C36EA953DDCC21F3D058E093D351A10BD19751FBD07AADDBC5B
:205D0000BDA8953B38EE79BD612DD2BC81B20EBDD5E1C5BD17FE15BC07B6CF3C2E8314BD70
:205D2000102A803DC7DFCF3C258AB83CDC9244BD55E02FBD72C682BD6A4DF33D95E5AE3EC4
:205D40007AF78F3C0350423DA3F885BCE19C8ABCD564D4BC3E43863CE250DD3D6C846F3EA1
:205D6000446F0C3CB8DC9ABD1DE747BC5DB8F03B3E986B3DB792BEBB01C3403C92E1E43DE2
:205D8000869B9DBB9F3F4DBD02F7643D813846BC03EAF43CCA7DA03D208967BD72BF77BDDA
:205DA0006A7EF0BB9E2622BE580C06BD12150EBD598F96BD5C7EE2BCCC6743BD3395183E8F
:205DC0006CE7C1BD2557763EA1E573BD72E3013D729D0FBEB49CB5BDEC9ADEBDC7428CBD68
:205DE000637EF43D5618C43E96CF5D3D391142BDF97B33BDBD008BBD1FC9F4BD092591BD5B
:205E000085DD233E5606713EF9BE1BBD460DC9BC8C96AEB9D30A1BBE423751BD268633BDEB
:205E2000984D233DA2E9BE3DCA3B5D3D99F807BE90AB773D0935E0BD42C12C3DDCD97DBD7D
:205E40004BD295BD97A802BEAC1D88BD578318BE7295CB3CE3B722BEBB4B33BCAD344BBDB0
:205E60003788B43C25781C3E1EE4EEBD12D1B63E825966BD03C91D3EA7696EBDEEC30EBD1C
:205E80003B219FBDACBF59BD9AD93E3D6BCB9B3E0A3994BDC7D0B23B501493BD3C0C9DBD5E
:205EA0004E3710BEFADFA0BD6F0A263E2206833E7A8014BD843DCDBA2F6D8FBDC48D153CF6
:205EC0007909E03C00395E3C4F186B3DF67B4D3EA270ECBC292EBEBDDF1E663DD5C781BD40
:205EE000754BA33DBB5B2C3D8622F43AAE8C243D9AA3443B9CC014BDFD9923BC32CB8FBD6B
:205F0000586E723D23A010BCA029973DE4A82CBE215307BE01E5A73EBF8D40BD78C2413E64
:205F20001EBFFDBC8619B23C5DC36ABC20B098BCDCC25C3E3793893EED9E723DCEF8ADBDA1
:205F40006F8FBEBD29A9EDBC26E3A7BCB7BC22BDE56D783E84C4953E1293293D10F72AB878
:205F600028653E3DFA53CEBDF618453D8F27843DBDF9823EF4E32A3E0B48EC3DADC698BC42
:205F8000D0F0D93D989C1EBD8152103EE468323D977E583DDC54013D950F0C3E7F13FB3C71
:205FA000EE2A3B3D4FC9513C5EE8A33C88D4CC3DE002C3BD97D173BDF70011BE55F7C63E12
:205FC00023B8CEBD948B143EDC5284BD96CDD93BAC0A37BD368394BD9F28623E5B40803E90
:205FE000A5EA9D3D4DE369BD99FAEDBB6A98EEBD2E181EBCC166A5BD92068C3E9B9F3D3E3A
:206000009453C33DE278B4BD07C68CBC7DC01ABDABA2783DA833B5BC07AF733EBD1BB33D28
:206020005F44CF3D88CF4CBD2F22E83D37FEF2BC71B4253E716FCABB6B08893DA954A3BD75
:20604000F585933D14D4AEBD84AD8C3DA5A872BC4C24373D219C553D8B32503E77EF833D8A
:206060009C5062BE43B5743E834244BE3BB3A63C2D014DBEB7391EBD87EA1ABEE709C3BD16
:20608000BE6C313DC27A8E3E9A93293DB256E1BC393784BC99DDB33BE18C99BD44F558BD03
:2060A000DB08803E7DB1613E2829C43D9A1D80BD35D1983BC6DA10BD2D6FCE3DED97F3BB0D
:2060C0004DD6423E7422283E7F2FC53D4FF7E1BC9460143E2BBA6B3CB560413E6750B03D84
:2060E000FD72FE3DFCD8EE3CAFEA193EC5BE25BD1B1D6C3CCBE6223D4C5B763DB65B0B3EFF
:2061000030604DBD50C8E6BB6F6E42BDA8FE14BD6C1792BDB2099ABCD3209ABDBF55BF3D9C
:206120004F84983B07491C3E22CE38BD2E3B9FBD92659B3A937E1BBD31FB5DBD51C416BD82
:2061400053A284BD1C493C3D983E86BD549BA4BDE87B4BBBEEA3F0BC912B58BD15FE88BCF4
:20616000C3C12FBC651C503AD1E87F3DE428B5BC3DBD653B34E2B5BDFEA193BD634BB9BD7E
:20618000AAD290BD745CC8BD0DAD3D3D37A8C63DE830913D375E9D3DB5EA813D2A4C6C3DFA
:2061A000BD2A22BD3F38553BD0E360BCA044EC3BD7B8BBBDA779113E88BA853BA026A83D15
:2061C0003E3D97BDC731443DB0BE7A3A0E5F033E1F3784BD8EDE0ABDBEACD1BD8B8612BD05
:2061E0006DA6C4BDD9D1793D9D7CC3BDD9EA053EA1FE30BD645344BC53BA8CBDBABED2BD6C
:20620000015CA9BDB8000ABD714A25BEE539D93B7ACB35BD264B233D76ADBCBDF12C9CBD52
:20622000D1A1AFBDC435E4BD470730BE9B66C5BD0316E73C06400D3D9E2C73BB499A79BC4B
:2062400043BAB4BDFC8E4DBDE78D37BD9C1407BE1C13AFBCCF70C1BDA1FBE33D4F80A43D9C
:20626000F023F73DFBB57A3D8DC7A43D45F5E53C7B827F3D1A02423D0F5C793D7806E3BD4D
:206280002AD55E3D69252EBC16CE1ABD831FBE3D815672BC75E16C3E2BBAACBCC6096EBB4A
:2062A00022D36DBD79C36BBDAC0E4FBD831D2C3CEBACCDBCC000D63D7FD697BD8B5775BDDD
:2062C000E6EAF9BD3778413B33685ABD57FC5B3C2A06C8BC95EB7F3D6A6B9ABDD7B924BDE4
:2062E000FAAEF0BD0C1789BD75C765BD2DB6933CF81AA7BD3CDC943DF7922BBD71D4123D6C
:20630000725BBC3D741FFEBCDCA08D3D58CDACBDBE898D3DDF9A09BEB763223E05C0443D85
:206320009A83D23D7E5C1BBCDD207A3CD965D53D092D403D9FBD753E63459B3D9D32913E9D
:20634000FD1916BC3AF49F3A77A5CABC12EDE53DD454C23DE7541F3EC6FB2B3E8C34A23E02
:206360000012FE3C2468383D192E803DDAC50B3E0177653DAAE46A3E1A74213ED684983E77
:206380001FD0BABD29172D3DE3DAE83C2001363D132B153EFC29233EAC6BED3D693E8D3EAE
:2063A0001296CDBB1871F23DC39F8C3D335BC13D253FCCBB13C0F1BC69C7AEBC9B7AC5BDA2
:2063C00054B1BC3D9890C93CA85C403D681B4FBC826C49BBF80D963C01529E3CF5BAC23DDF
:2063E000C6F38B3D391E3E3E5EDB983D4B5D9EBB9BC4EF3C5F65743C0736653DCF62883D67
:206400000A93B73D28E1EB3DF3C0D53D5254473B535DA63DDB56883CF3BFD23D6D1D463C78
:20642000BDFD353E4061503D6F226F3C952E923D08E3A33D116D5A3DDACA7F3E49F7EF3C87
:20644000666E9E3E19825C3DE09F22BE562FF7BC5AC879BD5E0BA83D64333EBD239E013D8A
:2064600074D2DEBB18A5483C50B9343D4B46213D2C0FA53CF1AD2C3D66BC8E3CD519743CE6
:20648000184F6C3D20C8C2BD37FEC33DB0D20ABECEC0AC3DD534193D93E8CE3DB0B9EEBD96
:2064A0002752A03D051886BEB7430F3E030B4BBE2F390A3EDB9DE23BE9D0D43DAFCD48BE36
:2064C000EC4E333E22B7B9BE2970493E544DA1BE648EC83DE8E222BD9584093EE81784BE60
:2064E00080639F3EE3CD9BBE023D9C3EC9848DBEA187063E42AB2B3E7526523DE597BC3CC2
:2065000080091A3DC12467BD3918A93CA01DF7BDD14F403D90AB23BDFA6F583CCC49CF3C16
:20652000C586243CB1A784BDB42090BCAEDFBFBD304ADA3CE6D882BD15C59D3CB9144B3D59
:206540005FC75CBD7A7BBCBDBE5ACA3CD09BDABDDED02B3C587B1ABE99807E3DE525213D72
:206560005E1F9B3C4CBD06BEE20D3EBC8DB60EBEEDC8233D48DCFFBD298C2C3DE8EE603D7C
:20658000BCF0AF3D4302A2BD29DB083E7B96BEBD0B1FE03DE41ABBBDB21C3FBD74956EBD2E
:2065A0006416013E0A27B43D170910BD772DCBBDAEC160BDFE59F1BDDE0C573D807A1E3D83
:2065C000F92504BD130E1EBDDA42EFBD250604BD3E80A9BD72C8043D5FD8DDBD30A6B63DF3
:2065E0005D166BBD8DF2CC3C3D3830BE9153873DE7FA44BEFB5C6E3D5BDD80BE2F251E3E63
:206600006B0EB1BC66AC803D46D15CBE52579ABCA363A1BEFBDE7B3D4F4F8CBE1B86B63D23
:206620001F618FBD8378AA3D666C00BEA6D19B3D31DF81BE70BC513D36A871BE34711C3EB8
:206640000ED953BD29C6F3BD19B81E3E6F051EBEAF191B3E3D3E583D2E9D1C3EE0399B3DE0
:20666000ED0B813E2294473E9CAE173E8102D8BCD3019A3D4096A7BDE159F23D2DA6B2BBE4
:2066800017170F3E6B2E1E3D82DDDB3D58B06ABDA47AA9BDB92435BE646E583D489038BE5C
:2066A000ECB2AF3D9BD982BD8378AABD970883BDDA9E92BD17070ABE743601BD51E8EBBD66
:2066C0008CF6F33DC0A1D53C4E2883BD7EE7913D977199BD1A2710BDD4E59D3D8943A3BD82
:2066E00033A5483E11CA223D4CF0A03DF0629C3D566A113ECA475DBEDD11923D3B5A40BD34
:206700001FB8043EB8D9353E631E423EE9745E3E39E4823DB4BFFDBD1C3E28BB3663ACBD1A
:206720000299193D117D103D6947233D031E633DBE4406BDC05E2FBCB94290BD24BBD5BD35
:2067400029E868BDF3FFE9BD4122593B01B619BDAA779BBD87C06E3D638200BEFD296DBD89
:20676000972033BCC25991BD91DB0E3D32680EBDF5CD21BD5842223ECE4CE3BDB088423DE3
:20678000DBE34EBC3112193BB139873DC9635E3D15F81ABDF04108BE64086A3DE0E865BE4C
:2067A000AD14193C36D2303CF37B883D4F7C593E89E63D3EF9FD633EB3EF38BD11C721BEEB
:2067C000B8340B3C436F9BBC2EF58F3D901ADB3B0C70E13D7AB8423D223C19BD429522BE98
:2067E00019A82FBE8084F4BCE110CBBCB1F6EEBCE6C302BC251B913B7A5504BE178805BD09
:206800004C5016BE748F24BA2ADE5FBD6A3A27BD3016BF39C40600BD38675ABC0538103E76
:20682000CDF18FBD82FAA23DE5FA42BDC610EC3DE71C943DD476FF3D6805C43CE703973E90
:20684000BB0CA43CA0814ABE6D50EBBC3A7DFFBC26DEA43C720DFC3D89C1373DBF514D3E9D
:206860009F8A50BC9E1915BE74A4363CEB75163DB700A93D6845F93D3278CB3C23ED8E3D10
:20688000B358B53C9EF7FFBD4B8CC9BDB580FBBC059608BD1101F9BAA387873D6897D53C3F
:2068A0009B1E963D232CFDBC3B0E51BD4DF7283D652564BD1DA9C93C486FB2BCA21FDFBC4D
:2068C000826B873DF41B143E48E093BCC21EF23D745596BCDE5EF53D7E03BEBC6E50953C0D
:2068E00072E9113E7D05DE3DD3189EBC82541EBECB06F2BC1D3CF23D70D789BD5DB6303E45
:2069000091A0CC3D27E8733EA2B9433C1CDA33BEEA3246BB908051BDA9AC403D76E88C3D88
:206920007A3A8F3C246F0B3EDF3760BDC3B412BE29668DBDB10DF1BD7C0DB0BCFB52A1BD9D
:20694000E623A1BBC0739ABC3299943C1ACA12BDFF1FD9BD862343BDB19F8CBD1EEC86BDB8
:2069600096D5FEBD8125BABDBCEACD3D4C7D133DB4071ABD9B1E043DFE1CAABCEE28DE3BD0
:206980008A3A7FBDED1D0B3D42B399BD4E382EBD02B01ABC1DB306BDD2D88DBD47F5E43D7D
:2069A0003076FFBCD802413E5E3F38BC11256F3ED416C03C73A6FABD1D67F83C63A1093CF2
:2069C000D5EC65BD05A6403D4EC60B3D07723A3E089279BB5F872FBEB295DABD970E02BD7C
:2069E0001394AFBDB99DBE3CC26F6CBD9F8687BC3F683F3D882FB8BD1BCAD3BD7D2F97BDAE
:206A00002FD5AABDEB3E83BDEFB5F5BCD077BA3CEA79D73D98D354BD6D6B983DA36334BD79
:206A2000044CB43C7B4795BCDBC7B4BA5E053D3DC8855EBD81A88FBD7365A9BC07EDAC3D1F
:206A4000D177283BEF97443EC96DDF3BF03E943EABC7D43B44F07F3E927B813D3F481ABE97
:206A6000A0F339BA80E4C93C725CDD3B9451863DD843FC3C7B198A3D70ED4E3D220FC5BD50
:206A8000637DEABD052090BD20DAEF3CA08E29BCA068183DFC96C33CA5A5B63DEE9413BD48
:206AA000F8D9E3BB06EA5EBD563C2BBD54CE083D44D26BBDEA70A1BD0578043EDC92AEBBEF
:206AC0002DFB073D551115BC29B77DBBFB53AB3CDF47943DB6BE81BD74791B3DB6E4AB3C57
:206AE000337CB6BD40624D3DF06FF6BDCEAC423EF4E41CBEEA66903E82305CBCE2AD973E3E
:206B00005C8D6C3DDC4362BD6E6DF43C13ACDE3C07C900BDCCE4BE3C9CDB873D7B24093E69
:206B2000623B373E595822BE8B9A81BD14A41CBC26AA0EBD340C633D4C7A0A3C1031EC3CCF
:206B400015AF603E4B402ABE5278843D2788BCBD342E23BC93CDC93B6657433D4E1C8C3D98
:206B60006538853EF41010BE3C760D3E9ED414BE6AF0833D979F0CBE8D64CB3D44D2BDBDFF
:206B80005ECF21BEF7E44E3C895338BE4033D03DF14C10BEB4C924BD1BC885BEB3BBF3BD85
:206BA0003A5C76BEC468F0BC5A870B3DE61F5C3E6015F3BD92B9283EB35D70BDD230A73C73
:206BC000E4B5CBBD2ED953BD834FBD3CFCB3393EDCCE30BD412383BC9EC96BBCB80DB8BD8A
:206BE000A7BFA03D428CE8BD1B28873DD914F73DB09AF63DE9DCDCBD6DEA313EFB6668BD90
:206C00008E924A3E1324BABD1D6BBFBC649E3E3C8518983D7D6E37BE5E191B3EC792EDBD7A
:206C2000D3BA593E16F70CBE2258B83DE35A8C3DB29A683C175847BD8F99B8BDBA9153BB8B
:206C4000FC012BBE17CAB9BC14CB34BE81E17F3DFB26313E3573613E2EAE7FBCA742AF3D46
:206C60007272F9BD8B48D83DC6C901BE426BEB3DAD420F3E84EE693E8EA1063D07853BBB26
:206C800021D50A3DE8A9FA3C758E493DB88183BAB1E3573DE513213E7236033DE8D0B0BC66
:206CA000DF6C143E414B95BD4CF8EF3DED90AABC7FDC30BD497095BD9AEB2DBC9C54C4BDD4
:206CC00092DD7C3DA4201CBEC4DCB13D8A6151BD3EB26ABC58BCF5BDF91E08BE62DA493EEB
:206CE000348449BEAEF9103E771531BEB48C8E3D9C924EBEE1EDF93C4F98C9BC21AE533E51
:206D0000D31D12BE827AC33DE28438BED158103D24910BBE938D953D97D33BBDE719203EB5
:206D200097C4F3BD1C0CA3BDFCCB403940E3FBBDE7BD33BCBE4974BD2AD8A0BD26E8E2BCCF
:206D40007857C2BC106844BE052D713D14A91EBE9E98083EB32E02BEFFE4BDBD8E9E73BE1C
:206D60009413AF3C589B8BBEF0490A3D63F09BBED878C93C739D4BBED55D893D1404063E57
:206D8000D88730BD1E4A313E3629393CE5D2ED3DEC87A1BD6C64C13C4C733EBD7A379E3D37
:206DA000A8253E3EBD4BD23EB2B43E3C4BC9233EAD64C7BD99612D3EAC874ABD5E4B993D6A
:206DC0009EDE143E7DAE863E32DBE13D2D3B8C3CF4818BBC716451BDE750FB3CD3EA75BCA0
:206DE000482E8E3D6D653C3ECFADB13D293CBFBDC231B83D9645F4BDDB71493EE8F0A7BD38
:206E000089CA0BBD5D4F7CBDDB0E8C3D80A5FEBD0791473D26B928BEAA780D3DAD8E48BE52
:206E20003440C1BD0C9DEC3D21FEE23CFE59423ECBF2133DE77A5F3D3A26853C7021713C11
:206E40004C91ADBD93F5BDBC06060D3EB9D5D33EB3EB04BD56A4343EA4A1FEBD5F608A3DA3
:206E60001E74CCBD7CFA293D2FAC143EBD68963EFE6D69BD79E1703DD28BE23B614B56BD24
:206E8000A7E484BBBD88EE3B2E8CD3BC2583783E7DC2BA3C0AAC65BDC9F53F3D0B14DABD16
:206EA0003BBC123E806513BDEA0317BEC0DE913D2BB1E1393E698DBDB771113DBED60CBEED
:206EC0002D918C3DEBE6EDBDD049543E1B0E2FBE182B71BC75C7E53D1B3E40BD9BADBE3B8A
:206EE000E6F14D3D426405BCB65B833D2B1ABBBDA3A9243E70B6D53E1069C23BC415D43DF5
:206F0000A42030BBFF57403C526581BCF68C2C3DB31D113E8A8FB33EFF0FB03C8E81C53DDD
:206F2000CDDCD0BA5363A6BC608D953DFBDEA5BC6359403D48D87D3E66CD293D782D7FBC80
:206F4000787D173E6373FDBCB6F84E3E1C3BFBBC539A79BDCE61433EAE530EBD6A989E3C95
:206F600064F98E3CB46480BDB51708BDF6BD17BC7BE182BD3C027BBCE5340F3D4A1F753EED
:206F8000ECA57F3DD88B263EE190BBBC06AE753D106108BD6970ED3BD2C3163E3639C93EF9
:206FA00069C29B3C75BAA43D6C72E9BDE616143D660499BDA74A533CB74A3B3E862AA03EA6
:206FC000EE2C323CD09827BCA520033DD989EBBDDC2F013E4DA0CEBD6CFAAF3C8F7CBF3DB5
:206FE000964D203D390D94BDA296143E7EE9FCBDE3C6243E7772CEBD7A4723BEF8AEA6BDE6
:207000008AC892BCCBC06CBE5658A13D2DC24CBE0A63CE3D0A6FDCBDAEB10A3DE12CDC3C41
:207020007569C8BD2A62A73D1DDB0CBE292770BD10E7C9BDEB86EDBD398B24BED475DEBD1C
:207040004007453DB2FD883EE696B2BD5FA3183D44C389BD075F82BB2E174A3D886D9CBBA8
:207060002739F23D2A863E3E93AADC3BAF396DBDD8D8B73DCBBF3DBD6CFD463E5E876D3D4B
:207080001BA6C43DA877093ECC0A933D009894BD2937223E74ACBBBC06D9633E93CBDFBC69
:2070A0002BC75FBDAF11053D9214C13DED5637BD3F8C123E7FC00CBD1784063E9DC53ABD8A
:2070C0009FF8BA3A3874553D0E3AE03D3BA9DB3D81F7323E5AF7773EE7B2303E957C7E3EC4
:2070E0004E48BB3DE0CD463E0F78FF3DC367843E9685CB3C6A49843CD62B63BD64C592BDF4
:207100009475A5BC98B906BD0E30DD3D00357E3E4F63A4BDE7BAB1BD33B08EBDE8D013BDD0
:20712000E5A3C5BC132E793C6B0B09BCD6C0433ED7E7D7BC8C09B4BDFB57E03C08F81DBC60
:207140008B18DF3D72BE7E3C61A3FCBDEA60BD3D72CD613CC0B3CABDA1F8D63D63A204BE3C
:20716000B5D6213EC79FC0BDAB1E0A3C4B87943B172893BD3CA2E23BE005BC3BA6563C3EB6
:2071800055362E3DEB77643EB4814A3DFD66703EBC2EB63DEE43423EFA0CDABD719C893D2A
:2071A000B07E0CBE2B0A4F3CD688A6BDE1FD193D2FEFB03D92746E3E7BF916BDC8F4F0BCB6
:2071C0001CF28D3DFF5D063CA9D2033E2C3F863DF422923D6C80DF3DA1411D3C414E84BD57
:2071E000ABF0223E5A1C67BC9187233EC9958B3C185ADA3D7C981E3CDD9F9C3DA10FACBCF9
:2072000051A42F3E896268BD87B2323E3CBE6CBDF1DCBEBC04BE0D3E01D3D3BCC2E8CFBC44
:20722000DAB55C3DC51C273EA55E003D3A3DAF3DE1E4CB3D2672303D32AFC23DBEB84F3D89
:20724000F4C56E3DEA4A4EBDA860753DA46B66BDAFF911BC77CC053DEA1A633E584F0F3E0C
:207260008316A03DA97A09BE8316903DD99AD93CFD580F3EB352B03CAABA503E40EE153EBA
:2072800067B4073EE89D79BC3A113F3E7FDC883D3ED8663E24E3F73C88948C3C7947603DB7
:2072A000006F573D944CE5BCCEE9BB3D73F500BCB118343E5C0FEF3D30BE79BD3DFC063D05
:2072C000311A92BD117A27BEE412FBBC96E47E3C30C2063DFAF0C43C23D373BC7B781E3D31
:2072E000F46FD9BCAF745F3E26C674BD6DDBA73C45E126BEF81845BD09B43CBEBA8522BD9D
:2073000099818FBC0090943EE73500BE3C6B953C61E413BEF4A5F9BC321701BE20B0CF3D0C
:207320006B0AE2BDABFD6E3E99E7FFBD13156A3DB23005BD661C263D1DE7B9BD5B1636BB75
:2073400000CA78BEBD47253E549133BD9BFF78BCAE0320BEB5DE94BD76FBBFBD1DA3093DBD
:20736000AE1A11BD0A08CFBD28DC48BEA73EEABC607BEBBD4C96223E050CCBBD033BFB3D70
:20738000858EC3BDFA7A103E7EA8B5BDDB65313EFB9FCEBD9091B2BC539615BE25D8B0BD77
:2073A00058FB3EBE9DE981BDD429F4BC7F052B3EC77304BEF2A3CFBC150BC8BDE0A187BD9A
:2073C0002F111FBE9C4C093CAB3A0FBEF92B883E34760FBC0D180E3D396847BDB16359BD13
:2073E0004F3BFABCE1365C3D3B0DD6BDD004963DF32EBCBC4A9C803CB7EB213C78AF1DBDE0
:207400002EE0EEBC5F675BBD31AD87BD65C60ABE115018BE48B3FCBD77E6FCBD19F1C5BD34
:20742000B1356FBD90CF8BBCE7401ABEA36F81BD940B0B3D421395BCDBFE82BDBC510EBEC7
:20744000BDE7DCBD8552C3BD8CCD08BE33ABF2BD506C9D3A6F4C8B3D52F45BBD8BDAAABDAC
:2074600001DEB0BD28A829BD267EDABD99F74FBDC07FF2BCE1394B3D5CEC87BD97263ABD64
:207480004CF1253D8ECDA2BD6F9D2E3DBAC5A63BAD46C7BD4977013D1C9B5BBD6BE027BD49
:2074A000CBC2943DD598D9BCBBEBAA3C5BF7743CFD1CA2BCEACD12BC43B4583C29D909BE8E
:2074C000B914DF3DFB5751BC7B291D3E98127ABDAD1BFF3DCFA6C9BD28A1023E25A6B13CC4
:2074E000B4DAF53CC99DF8BD0E3666BCE1509DBDB440B7BD68D989BDE761AC3D3CCFA83DB1
:20750000B00B89BDA1081EBEF11273BD87BD9ABDB7415BBDBFA726BD890822BE1B5B353C66
:2075200080D405BD0FE61CBD8650093DCF8B113D6CF4783D8C9F973DB53A65BEFEE9513D08
:2075400069DC92BDEA2B84BD962D673CE861BF3DF3DA3D3DB700BF3DE235833D240A3ABCA1
:207560004D1B80BDF3F8AFBE80209C3D469F62BEC979C3BCC65B1ABECAF9D3BCA1E8F0BD4E
:2075800059116C3D8E17D9BB9AFB41BDF49D26BED9A6F1BDB50A38BE53B300BE90D41CBEB3
:2075A000C671C43D29154E3D913D8DBCE56320BE914EF23BA1AE0CBE8DBF4B3D2AB1DDBD1F
:2075C00011A639BC8DF8FB3DE525CBBB20CD85BD5228A33D0EFA6CBD67846D3ED56D06BC5E
:2075E000A333D1BDB956C63D9D96933D94FE29BCFBC2A43DE208023E14D3353ED2CD253E77
:20760000E951D6BBBD47A23D3016273D9B84C33DB87EAD3DB65B1F3EADA4CE3D3C0A3A3E4B
:207620009728983D7AAC083E0C6B7C3D33A2833EF14ACF3DF55FB6BDAC35823D68B7C2BD38
:20764000C7A38E3D84FBBCBD17BCBE3D9D25633EAA4B263E7802ED3C45F3263D0F098D3C54
:207660004430B2BDC53D583DBEC4793DF98E263EAFFDCC3D56BBF33C67EA94BD4770BF3C24
:207680006D4B4DBD88C1003E8C46A13DE05ED03D92254F3D6065ABBD825330BD83AC953C74
:2076A0001406E9BD254E553D10744E3D1A6AFF3C64217E3D253136BB4BA9E53DF6EE33BDC6
:2076C0004EA5033E6109B1BD989F063EA68213BE5AD102BC998FE53CA26E443EFD3971BE01
:2076E0001836193E022879BE7D6B9A3D3A897ABEEA88B63D8DF7083DCD28563EAAB20ABEEF
:207700003C61563D1DD9B7BD6C751ABC2BEB7BBDA6E1843D57E8CC3DD20E223E2117A0BD65
:207720004B4DF2BBD752D7BDE253F2BC290B353D2249113E8D744FBCAAD12F3ECA20EBBD7E
:20774000BEA0B03D48F0E5BC71A93BBDCBC57CBD36C39E3B0CB16D3C1501CF3D429E0D39AA
:20776000CA449A3D16B8813CCDFFDE3D9428953890D1D33D11F505BD3E89813CD3EA823DF0
:2077800094EB1D3EFB715ABEB64EEB3DC32AF5BD5D90A73D8ACEE9BD29CCF9BB6713BA3DD7
:2077A000140B9A3D4B8F59BD302890BB717BC03C2CD517BE75A5E53D44971CBBB53FD53D8E
:2077C0005EBFAF3DC9F4223B6BF71ABD9448C43D836B2FBECE88C33D11A6923D08CA763D34
:2077E0008911733DEB58273D7190A4BD1515F53DF85300BEEE82FB3DC6B9CD3D6E2FB63C11
:20780000A42CBF3D7AF39B3D9C2C723D00460F3E12CB833C112B143E007EA5BC9209FA3D72
:207820008BF0833C56E9983C2C731B3E5A5417BEA4562F3DB8244ABEFD4D13BC549E0BBE62
:20784000C7134ABC04A4993CF0DA063E1426F8BD6587A3BDBEB49B3CD3D830BEA5BFCF3D30
:20786000D5EF253BD18E203C935F1E3EE533BBBC99FFFABCF592883D9D0924BE3C7DBC3D78
:20788000C905F93D0103373D26E0213E1689E0BB90EC863CBDC4903D425200BE018F7F3DA3
:2078A0007FFEF73D8D2807BE48363D3DFF145D3E1CA2C83C7073103E8A56DB3AFDE6223ECC
:2078C000F30520BD742E453E7747C0BD61DEFBBBA3C3BA3D0DD567BE3FB3F9BBE59C2CBE09
:2078E0000D15323B43E88CBDCED53BBDD208D2BABB84E13DB1BEFFBD08C39BBD5FFCC13D80
:207900000587ECBD47E3DE3D35C307BCA5DF743B14C10D3E2ECD38BD9BA2B6BC2EC0963D7F
:20792000C478B5BDDD74843D55C0743CE0E1DDBC2A0FE03DE69A85BD9725153D0428C83D11
:20794000B5171BBC6D38903D3D9A02BB894707BC6263CCBCA8C6803E774BD0BD1C63743EF2
:2079600076156EBC9738373E3E525DBD0C14583ED0F4ACBDE148EDBC4EF5423D09E145BE00
:20798000184386BCF159FBBD9A87FBBC88F6C4BDF57BD3BD0682A3BC518930BC332A10BE99
:2079A000C55FA6BC0B5C253D4A9ECEBD4F8CA93D268C643C6958ADBD024E0B3EA3E196BC58
:2079C0008133BE3CA36EA43D6251C5BCBD14223E1FBC893D27A3F4BD61E70B3E24ACCE3C1B
:2079E00007D2633DE57D473D2B53443D26DB8D3D2566463EA06DA03DF0E33FBC67E7163EF5
:207A00005AC824BDAD61F33DA9201EBD3A4B123E5886C3BDE437AF3DEBA723BE539CEABC3F
:207A20003BDA983B943857BE4C82CEBDE79F47BE0A0BBDBD798C42BE28E30ABEA2D5C63BBA
:207A40002309A0BA20B430BEDFEA4DBD33CF76BBEB9B98BD123E553D98EE5CBDADA8E53C06
:207A600072F67E3DC64A0CBE0FF51E3CF34DA13D70705ABD04FF8F3D90397F3D950F3C3C26
:207A8000D5C0E73DC5085FBD58E3603D56648ABD563C6C3DD203493DC809FB3C66D639BD9B
:207AA0009AB7113E486BA23D3475443DC3F4473E638986BB644F4A3EB4843ABBDD7A1F3EE5
:207AC0005C4E69BDE84A153DD0B999BBF535C9BDDB226F3C48165ABDD82F02BB5FAAC7BC58
:207AE000696B39BE5E23C03D3E64D43D7D6E44BD19BD823C0530AE3D7AFE933CB9551A3E3D
:207B0000B31F3FBDC183A13DE798F43DE4DB1ABC5723D93D00AD723D53752D3D42633C3EF3
:207B2000E3723DBD750428BD3418AA3D324783BD8D6AED3DD9AF543D22C3B43D6531B73D12
:207B4000180BB3BDF27F1D3EC8DCF8BDE0BAF83DCD2114BEC6448A3E9C2DD7BDC890B43E65
:207B6000699377BE3E2BA33E4634C2BD04BA393C531E0EBCF10EC83DCABF10BECAC9463DB2
:207B8000C08C2BBED16BE53D7C0E9B3DA4490DBD921BCE3D5DDD22BD68F632BCC763E8BD4D
:207BA00078A915BD572AC7BCB4FEB93DECD8583D14671A3E118AB13CDFABD73C2E1508BDCD
:207BC000C8BA4B3D6CA4EEBD94E3753DAF3B273EAEFCAA3DD7E7773DC3D46ABB4F20103DED
:207BE0002FC354BD738D893D06E750BDCBFF24BC80E3543DDE4729BEA842373DE114EF3C9A
:207C00006957FBBC613D1A3E3532EDBD78DC323E16DEE93DBCB805BEF605BD3DE27D25BD9B
:207C2000D63D813D34BFD9BC56303CBD2080A73C76B46F3ECE309DBD81F6273EB74AE7BD39
:207C400076D6D03DD5765FBDCCFC633D59E199BDAF79D33DBBF0ED3D730D513E7A938EBCF9
:207C6000BDBA5D3D32EE78BDFE42B93BBF486FBCC4A811BDC724AD3E7BE827BD8911463EC3
:207C8000D67690BD5BE3763DA68005BD6E280A3E9CFE20BE7AB4BF3C0796A7BD551A72BE53
:207CA000310C173D3B0DD43B1AEF66BCB90F5C3EB3F401BEE278393E99740E3E977294BD65
:207CC0006C2E243D05FA5BBD33A0A8BDDCB3F03C3CFCEFBDD43492BDA504583EFE8A3EBDA2
:207CE00038D8013E0394A6BCE8A01B3DAFCF82BD6B77E23CFF87D6BD7BB8543E8BF36B3D9B
:207D00003732223EE180B43C91EA893D3F2C65BD71D11A3DDF2910BE85F8D83C2732863E5E
:207D2000919F7B3DCD9F1A3E689BF13C6213033D999F48BDD4DB073D763A0DBEDA791D3C5B
:207D4000BE2C57BDE836ADBE7CF0F73B33A771BD443EE0BDF7A48B3DEFDC38BE279CFE3DB5
:207D60006F9912BDD3B6CDBDEAFD7FBDC1028FBD2AB800BEF88A02BE2EF7FABD25501BBEDB
:207D80006BB1883D1DE0B7BC0CAAC73D8E418DBD44DF07BDB30E47BEF30F0ABE271A02BE47
:207DA0002B2208BCED73583D14ACFE3DD06FF6BC985544BD68A068BD1D8B80BD4F67E3BD7B
:207DC00079CA49BD2435543E56B779BDF43D903DD7DECBBDF27998BCE3DCAEBDC57CF63B96
:207DE000542586BC53CF98BDE92C38BCC26C87BEC2362ABCF7FDFA3C893F84BDA140673E3E
:207E0000CF0D31BE77074E3ED722763DB53FBEBDEC32093D1862043DC41AF1BDC9D17BBDF5
:207E20009DA9F0BD2F1BB9BDA11A593D79EEBDBB1722193ED6C76ABD222A143DA168B0BDF8
:207E4000ED652DBCD654E4BD3DCA213EF5BA143BD669293E7CD50FBD9BEEEC3CF30404BD8C
:207E60001F8F88BCEBE22BBD5E71003D52D9563E7B65F73D7447C53DF9E69B3D9FF07FBC3E
:207E80005981413DFB633E3C0C8FA13D6632BA3D0F028DBD6BAE6DBE592BB7BDE1DB913D89
:207EA0001BFADCBD086D423E69B85BBE5727823EE8E64A3CE66B67BDFD44D63CA55D1D3E2E
:207EC000F0FBC4BD83F7CF3D691392BD00AAB03DD4CA8B3DD3ED0D3DB63CE83D0A81D03B31
:207EE00095DCE43D0AD8DABBDB062E3D5323C9BCB1094B3D43E3063E8183203EAB15E63D41
:207F000041090F3E839A2DBC6D17C23D3B4222BCCC838FBDC8E6803E14C3443C418D2C3E50
:207F20007BD3283C0E8C403DF207973D5640193DB943ABBD317E11BDD17BA1BD7F648CBE07
:207F400085E2E53C34E313BC2A29B6BD774A2A3E7302CCBD08B75A3E04ED46BD0F9B3FBDD5
:207F600019FE353D15FA8A3D2A3C0DBDBE3A16BDBDF488BD330C833C44DEACBCAFAF04BE09
:207F8000D4A5023E2D72093C72F5463D11A44BBD7C186ABCBFC59CBDEE0E433D189B3F3D5B
:207FA0007F56123E68ED483D4A6C023E4FE40B3CAFA6DC3C3E1B94BD638161BD1DADAC3D86
:207FC000017C4CBD7FDAEB3D9D7F43BD62A2A63C95CEBFBDC06F5D3C212B8C3D0162C7BDF5
:207FE0000E0B863D6B4F9EBE078D9A3D3239BF3C7D78873D4CCEF23DC288183CEC49803E2B
:20800000B2BDC23D529922BE5E6D223DBC4DDDBB0ED12E3D2FAF98BD47E3B1BDD14006BE72
:2080200050566F3D0C57DABDA1962C3EACF7A33CB284F93B696550BD7DF6BE3B4D04DEBD34
:20804000BF683EBD53AED7BD2FDABA3D07F7873DE3DB373DD20458BC3C186F3DD2D89CBD88
:208060009F045EBE6AE1CF3DEAE1DBBD9D0AE93D0252AEBDE1CA403DF72724BDAAB837BC7F
:208080006AE2093D9470C0BDA2338F3D2FAE54BD0469CB3CBE3B7EBBF0A61C3E7FDC113EFE
:2080A000D550193E84D2733E43A5B73B54B3C73D69CE953CA899DA3DF439003E676D903DEC
:2080C000AC71963DF7DF563E7EEA53BDAAD6F33D4CBABFBD5D1F92BCE3EE2CBDAF6397BDB2
:2080E00064B2B13D9CE2463D6D45633D4891283EDA3980BD429197BB5D183FBCD4E088BD0C
:20810000FDDE983D90F58BBD3F922F3DB7BE873ED009D4BCDB4718BC0C7C193D49E14FBDF8
:20812000CC4E873DDE0AEDBCC4013A3DA14CF5BBDCD6C23D778BB9BDABC3B53DD848883D89
:20814000D206F53DA1B4E53D9EDF4A3EF2EB243ED68814BB78FAA1BC533F1CBDD7CBFD3D17
:208160002F6B203B5DC1033E0C20743D0A944C3EAA70963AC09F1A3D85561CBE308E343D22
:20818000871D0CBD27FE45BD89A49CBCCC0A213D97080EBD8985083E06805DBEECAADD3C84
:2081A0002283BDBD411705BCD802B8BC80D728BC03E5DABBD3CD8C3E4D642BBE14BFF73D76
:2081C000DD7227BEA5B390BC1B46E5BD820A7FBC8CA4BA3D6C81023C623F88BD3ABFAFBD60
:2081E000F6E7B5BDA307D83C42149CBC8FC3023E907A7F3DB987703E78AEF5BC4DCF92BD3C
:20820000CB99CB3BBF41213D015F3BBA61F48F3C7FAE423CB13FC63D691908BECCCA1EBDCA
:208220003B5E25BE575660BD4FC109BEED022BBC1323ACBD3E2332BD0639E8BDD4F9D53D99
:20824000BF2D48BE6FB995BDF74652BEC29C9ABDDA19AFBD0D6D0EBEE1E929BDE6ACCA3DC2
:20826000A98135BED4479F3CC9005EBEF1ED833B5D4C2ABE47BFC4BDE5283E3D39AF263E7E
:208280002437923DF620A9BD2E7DD93D6AC105BA6624243E2F647F3D2132353E1F6AFC3DCA
:2082A000DF82423D1E730BBE5354CD3D8A2871BC0CE7113EB50B9FBCFA17DF3DF9B9A53DD6
:2082C0002EC054BDCAB1A9BDC826A2BDB81FC0BDE798E1BA98E6E7BD580FC33D5174B3BD45
:2082E00059D6AD3C4376A3BBFBE837BD82312ABDF65536BD66E7F8BD96278F3B76AAC8BD72
:208300009EA3503DAE775C3D101914BD6B1A4F3CF07231BDBFF0773C6086EBBDF2E6FABCF9
:208320001E1B063ECEEEAABD359E42BCDBEE17BE5CF5263DC70D7EBC0D8DB83D833BF13DF1
:2083400062C0253EF0AF9B3D7160433BB9E1FFBD3C64C13C514C71BDEFEE4F3D9C96823DBA
:20836000B0A90B3E16A2EB3DCB39ADBD3CF001BE7C30C3BD4B63F0BDE80A2C3D437E49BD79
:2083800066AC653DAB68B93A38C15EBCB5D98E3B0B5D03BEFC3BBEBCE95CA3BBBEAB9C3CFB
:2083A0004D160C3DBA6DF7BC9E0F423D8AF33D3E82110CBC4FEBD23D6A08BF3C2457883DC2
:2083C0006E788BBD13ABC43D4E5109BD8A7F7F3DEED0F8BC6C6827BE9E38FABC7F6B18BD10
:2083E00087DE5C3D0AF3793DF327233E2620D93D5BD213BDCECB96BD586C22BDDC8A8F3C38
:20840000CECD013D811F1C3D5504F53D7C80BA3DE596193D875B83BC0D779BBD954483BC26
:208420003BCD88BD97623DBD5DB4A83D3389E4BC7226B6BC6A47123C936CFCBD63D790BD62
:208440007A7D4ABD712C0EBD1B11B9BCE0B4B2BD111EC03D0CBB393EC2D908BD7F02B43DD6
:208460005E8D87BD75EE82BBDA248ABC409711BBFD9348BCA335CBBD0C58733DDB604BBEFA
:208480000C6D833DA2CA35BD2D4B263D57F1A33D60B2453EC71DE93D45EA44BC8749D2BD15
:2084A000A810353DE14141BBA9556D3CBCD9133DF34C223D1E342B3D8E9C673DBBECBCBDA2
:2084C000E8EFB7BDB6B2B4BD40F96BBD3D46E1BD4CC55DBAAD203DBD3F01383DE0D521BDBF
:2084E0002529BABD52BF03BD77C1CABD44DA1BBDF6899EBDBB1381BD7E5B9A3DB62BD93DA4
:20850000A161C0BC1A287D3D394FACBC7E3B59BDD29CEFBAC591AABC5EC43DBE1080CBBD1A
:20852000394705BD2F91C2BE7927ECBC9F359ABD6C4B983BC754FB3D09BDF13D98100F3E80
:20854000678281BBBD653ABE8619253C981E8CBDDB54B33D0CA51E3D67ECDC3D2A65BE3DBC
:20856000F91E8EBAA1C016BEFFD4CEBD020D63BA2073023C5BC81B3DB86DAA3CA54EF73D5F
:2085800038DE0D3E5523BFBD0D6CB9BD4B10543D0C478EBCD91BD23DD5F08D3D7E98163E12
:2085A000B08C643E33FD1A3E61089E3DF2493F3E0514843DDE5EED3DBFE79C3D9C84063E36
:2085C00041C118BC35B487BC0F01CCBDC714833C908F02BE9CD426BEC56346BE427747BE49
:2085E0002C693BBE4A9A33BE7DFA49BD80C445BE47D635BEA39286BD824455BE11637ABD48
:20860000414E86BED7B7EFBD8F2422BE2D9120BEBACF2FBE78962CBEFEFF62BEEC9B26BE28
:2086200048EF70BE5BAD18BE54630ABE551903BEB5D244BE11FC38BEBA2FF5BD1FB129BE6B
:2086400079F18CBDCD0652BECF5092BD48EBD3BDD7378EBD8206D3BDD347BEBD4DB614BE78
:2086600025CA21BD0B6A6CBE3DAAE4BD562A94BD27AFDCBD9DE3C83DFA7A1CBEFCD34BBC1D
:208680003D170ABE3C0BFEBC04280ABE79EDD2BB364A093C62001EBE6E6081BD8DC15BBD61
:2086A000F4E248BEA2F8BCBD31C84ABE27CD94BD19A1B5BC69C2A4BDA46B06BE8A9A15BE04
:2086C0008D6376BDBFC101BEE76D25BD11D026BEE201003D2604E9BD9BA1783D304703BE24
:2086E000D6FA3CBC11701FBEEE0BCD3DC71B64BE746ED13C85C252BDC5D1813D86DB89BD0D
:20870000B0B6373EE928F8BD4A75063E09ED55BE6D6270BE6605043E708BACBDD78A473EB8
:20872000B55F09BD6CF8603D446007BD4421993DC5E5E3BC0499A73D2B7FA73D7991C6BCD7
:208740002CB301BDF7A6A23C4C3DA1BD141B77BC16CBC9BD3FF8FCBB18E1A53DD05F8CBD10
:208760009677A6BD4B2FB8BC689385BD2ECDF8BD0AA9FA3CC6A922BD7F072D3DBBA393BDD9
:2087800048A3863D43D546BCD950BB3DE5F670BD4E7FFA3D4DA403BE25A25DBD1F8BBA3CB1
:2087A000A995093EF64B12BD3AF0E23D5BB5A03CE8103F3ECED91FBDA38CE4BC4482013E23
:2087C000A1E0E43D1F55323E9AC8003ED8F3193DD565C13DAAC415BD2114F13CBFC8963D1E
:2087E00031B7BB3D0C2A06BCE05F04BDCA4F4C3C2C92573C1E4C933DBE1750BA3E979F3DE5
:208800006382CC3CDBD1C53C224851BDC390C1BC7F8C17BDFF630DBC2FF4893DE0A248BDFC
:2088200017C164BB6AB38DBBAB135DBDC5B1B7BD9788D53BF67DBDBCA937803D5CF215BD42
:20884000F8BFF7BD1B0C043C325249BDB1C58EBCDBE6DC3D65E967BDCADBDF3D9BDF59BC60
:20886000E765D93C583C033EF421D23D7314223D3E932F3E0E3097BD27BA023E1EDF26BCE8
:20888000F8DF543EC3ED28BD75ECF73D5A2D373D69BEB33DC08E5A3D7D48FF3CC86ED83D03
:2088A00055316C3C96D4DD3D1A82533DF12ABDBC52D642BD15CEBFBCCE59593C903704BD7D
:2088C000F07DDB3D5E4B2C3DC88A4DBDE0218D3DC3527BBD69CBE9BB2DFCA53CFFB7AEBC8B
:2088E000615A093E0D8E833DAEB625BEEE1FC43DA2B69ABD222E963D7964243D3C947E3D2B
:208900000062973D291B7E3D7A068E3C245F32BE543F903D7B78DD3D6C54293EB80E1D3CB2
:208920000C3B943DD8A08DBD796D023E2FF5FB3CB0FEE73D71C8C53C03F8AA3D39060F3E62
:20894000D44C983D9140E83DDB8ACC3D5700633E2EE2453DBDD46B3DE02374BD3718593DE2
:20896000B52F073DBB333E3DBBC2903DE4E14F3EEDCE863C881ADE3D30350EBD1ABB0C3D42
:20898000BF20B4BC088D893DA158BF3DE913443E8F3D7FBD18CB973DA65FBFBC253E733D68
:2089A000F909893CB8BEC03D403992BC7496113E081FB5BDD08B333D7B16543D1EB9D53DEE
:2089C00070D1AF3DDE7D723DE246F13D777ADCBC60412B3EEF80F03B68240D3EC1A7D73D8A
:2089E0002781303D192B363EE044B93C278C403E9E306A3DE3E0673E322B0E3C0F7FB73D5A
:208A0000E685183C4BB4F13D2300943C72A3583E7F3CF43DB30C6B3E38A8B83A4A8CD23DC1
:208A2000D32987BDF7DDCD3D0455A83CDFD5593EBCA0AE3D35A4733E13DD01BE6F5BE33D26
:208A4000D9BF843C88A09D3D1BC7683DEAB3E33D62C1663DFEA0283E226A093D664E4C3E9E
:208A6000100973BD57428E3E035D43BDD7F7AA3D22BB94BCF9E229BC59AA1A3D6A9E51BDD6
:208A80008F763CBADB68173D8E3AFBBCC754673DCF28C5BC8F87593CDA058F3DC9FFDC3D57
:208AA000E62F223C15BC9B3DBA6606BD199D6B3D7B766A3DCB7F943BF6CFE93DB140AF3CE1
:208AC000F65185BDEECBAA3DF676303DC14D82BD8AED383DB0E7E33C537AA83DB2F65A3DB4
:208AE000637009BE30CB463CBE7488BCB2158DBCE4E26C3DB97F6DBD9E8E103EF8BE6BBCB1
:208B000082483CBE24FE133E38C755BD3739583D28E291BD38016C3EA169F7BDE320833E4B
:208B20002E0F5CBE03CC963EC16C903DF87F7B3E832711BD7B73BF3D074FB4BD6E9FAE3DF0
:208B40006EBF0ABD16AFDB3DFCE6EA3DA5D97C3E48D1CEBDF7939D3DE2399C3C29516D3DE4
:208B6000E131683DEB7B563DDAFFCE3BB81E5D3E45653ABCDBF9883D6759F7BA9AC9213D87
:208B80007DDC1D3E88ABBFBB5D7A78BDC785F33D3E665EBC44D8003DF3065C3D2D8881BC51
:208BA000B82A1D3E28BE0BBC103CEABB648BEB3CB2B607BE28FD6ABC8E0FCCBD09AF373EF9
:208BC000BA4C28BE4F0F873EA95338BEF8513C3ED5A2DC3DD4FACC3D7BC19ABD7CFD0D3D14
:208BE000B06388BD0BFE98BC9540FC3CE0E1BFBB76B7D43D230EB23D0E2F54BBD764C5BC12
:208C00005D8B253DD79DBBBCEB42083EB605A5BC245A2B3DDCD1AF3DBE0129BB827E6C3DC5
:208C2000D8890F3EE832283DEC64483EDF86943CE6E02A3CE601253EFEA626BC6395F93CD3
:208C4000E9A0133E289DE6BC795B943E3B3F503DC291B5BDE6A22ABBAE86C0BD7A060EBEF7
:208C6000E1AFD7BDB8D6CA3D530214BE4ED6FB3D036C04BE5A4F373EB9EA533D60F983BAA0
:208C800038DECABC3797553D50A0563CF3E550BC59994BBD7E22F63C450C723D16F429BDB6
:208CA00044B2AB3CBFA4F43C98B4823C2A9727BCDBE5683D45714E3D3AE9B33D9FF77E3C8D
:208CC000707685BD1BFE8F3DAB812CBD930EEE3C9D005B3DB06B953CBDDBA1BD7FC39D3D74
:208CE000B320F4BD293C973C8FEBA33C472DBB3CE47DF93D1691763DBF8C2BBD3072A8BDC9
:208D0000F04AACBEB0560CBE5D6F55BE2D4F3B3DCCE635BECCE0233EF3788EBE7F531C3E77
:208D20009BE51BBD7101E33C4207E6BD007C3E3D22D3C6BDCCF490BCC2E9E3BDE869063D04
:208D40002B69093C3124D2BC325CC6BDD331EDBCB18638BD0BF0743DBF707E3D4FE5623C05
:208D6000BA3E143DBCB9643D1FD281BDE6C39E3C45B1873D8F88543D8F542F3EEFD16EBD45
:208D8000D50FD1BAAD81B33D106A82BD5ACA883DA12DAF3D45FAC4BCD506673E6AA5BD3CA3
:208DA000DD1AEB3CF0A4D6BD94AA25BEC15D86BED2D6C8BD6DF026BDC60E25BE9280D13DA7
:208DC00044B3FBBDE927073E4F39423D5BEC97BDC55D90BDE782E8BCA196EFBB4964183D8E
:208DE00086E1063CB9F800BDA8A8CB3D36AF98BDF495D03CD939BF3CB2870F3DEC75033B04
:208E0000C3C1DE3D67790D3D34BB4F3DEF5F863D4840093C77A6D43DEC6D023DB94C503DD8
:208E20000784693E8A2E0D3D456DB83BFAD2733DA42368BD3F7D813D4CADD03DFCF67A3CC9
:208E4000A6A90D3EFD9CDE3CF14684BA221184BD7AE564BD96FA72BEFF6015BDA60C55BDA7
:208E6000E1DB803D386EDF3B6E8F6BBDC008733DBFA6063E2B7AF1BD0D6D473D4CAC793C75
:208E80004EB3EE3CD6CB56BC6F4ADD3DA3FB87BDF750C03D4C18A4BD2C3F0E3D51AC2ABD9C
:208EA000E5EC8A3DFDD229BDCA08003EBBAFD5BD3D57023DC49B95BD1CC695BBA51426BD07
:208EC000A1C7683DA8A42B3CB40B3F3E5C76F7BDE225B5BD349BB8BD521D3FBE4364D1BDB2
:208EE00067AA13BD95B69CBC8FA5523B4B38A13B1D8E04BDBA2FE8BD8148F1BCA4CE16BF17
:208F00006CEA353D610692BE248CF8BCAE5F03BECA0F5E3C9094FDBD891C313E1D912CBEA3
:208F20000DDF483D7453B2BD9E2B50BCA6827ABD025E9D3B87E213BEB161143EFA2DAEBCEF
:208F400013D867BDEC39EF3C193DE8BB3FF74CBDA582053BDB42DDBD6921763BB196F1BB2E
:208F6000FF721FBEFB49323DE97506BEC04F1CBD0EC3D33C325BA8BDD50A05BE01529A3D48
:208F80003B4EB3BEF9A8493D282D7CBE0F477DBB07C94BBEE05ACA3BD4E684BDAE2AF8BDF3
:208FA000C976793D2EFD1CBF86EBA3BC391B9BBED79420BDF9077BBD46F941BD7E4218BDE7
:208FC00005170A3EDB6818BD9E0F5F3D2C378CBD475A01BDBD0AE3BD2E3B493CF415C0BDE6
:208FE0000687FD3D9D01E43C673694BB4EDB573D449E273B2A5709BDC4097E3C5D0A38BED4
:209000009A019739D923F93D0BFBDFBD86434B3DDAFBC2BDEFB69D3C2BBC92BDB13A96BD7A
:20902000B1B40CBEE9A5C23D649B94BECD49813D937B88BE7A0A513BC0066FBE7A5094BCDE
:2090400043E1583D37F114BDE1D01E3E8DEDF2BDF250C93D2807A9BD6336043EE89733BC02
:20906000722A753E8EE89DBD6C59D1BB7125613EAD64A2BCE79DA5BC3F3F37BD0B9638BDEF
:20908000327F54BC91C17EBD5AC0683D7C0E2E3E4A83D5BDA83D503DCC0407BE431EE5BC65
:2090A000036654BE70FFD43D316FFD3DB797323E1EF35ABB938057BD43203CBE021DE63C32
:2090C000C3D72DBE8854893DA089193E4C6CA03DAE08273AE228EF3CCCA0DF3CDAA5A5BDA0
:2090E00040DA7ABDFE54813CACF3203D80611DBD0A08753EB4AD67BDFE4AF73DD0AB6F3D6C
:20910000AFEF093EE2785C3D323A433E87CF843D5145733D3036923E658A59BC8476FE3CBF
:209120000381BF3C7AAA73BDF4C82FBD43DAEABCF743063D7188933EF4319FBD2CDF32BD2F
:2091400024EBF6BD33E98CBDF99D88BDFD2A18BD6DA68C3DFB2D103E33DD6EBDA7560DBDBD
:2091600073C34CBEA4021ABD5A0386BEBFC2913C849D313EB24A6CBCFFE51E3DB7104DBD7F
:2091800092138DBD332400BEF57485BD0C1EDEBD1554A23D62693CBC20273E3E1C2A723E97
:2091A000491A803DAA80F83DD25D7C3D41E7BD3D97D5193E1865C53DEC92003DD660FD3DB9
:2091C00022D934BD0D90E2BD9F31C2BD4D3DC7BD071374BD399068BD5A229ABDE784B63CA1
:2091E000E8FE0BBE8B5419BE416E42BE965937BD7E245ABE297982BB21164CBD35495D3D87
:20920000591221BE02F6B4BD49D4A2BE8BD47BBDB0A298BE592524BD00E692BD3DB1F9BDA7
:20922000683846BE8AFE8BBD822D4ABE5733C4BC9A1A7FBE4FD4E2BC3B9A8DBD1D93CFBCED
:209240005035043DB40D533EFD44993CBA80EC3D9803653C7796483D043333BD8D5EB93DA7
:209260009AD185BD4B692D3E9342A7BD7E3EFEBC4C48D3BDC9321EBD1151D2BD7029AB3D07
:2092800002780A3C7A00313E7E210ABE179464BD73CA18BED1B5173D01E466BECE68863D03
:2092A000C756453D2193173EC97BF2BDD966BBBC2C3862BEFF917DBC358B9CBEE564643D0C
:2092C000F903203EF8D49BBC16DC2BBD0B1A01BDD97A55BDA4027CBD678227BEBB6B803B61
:2092E00004DFD8BD03B18C3C478C943CCCDF773E6A7F6F3D2BB06E3DB927DD3CD60C3FBC86
:20930000E4BD093E833CBEBC056DCB3DC270813C4E17BB3C26AE09BEB54A0A3BA3570FBDC2
:2093200044E115BDDD3332BCA9C1D33D1A07EC3D26F127BDF4A5CBBC5D359CBC1DBCC63C94
:2093400021B7A0BD6B96893D1005FB3DE59D58BC983317BD929F95BD3BDA8ABD3E7BBBBD7F
:2093600013D5E4BDE87D38BB5B0FFF3DA50EA0BD9BCAAB3C74E6D0BD04A2083D0B01B0BDBF
:20938000108F88BD8A0348BAD75FDDBD19CB0DBE01E6163CE6DFBF3EAD246B3B78BE373EBE
:2093A0003EB4543C9AC0973CE6FDE23CFD31343D4153E63D7D79323E1C40B9B91CA7B03BC5
:2093C000DF39BCBC9D2694BB0AD51BBBE21EC83D5E31D93D0CC2113EDB1826BD031C2EBC90
:2093E000096612BD8871233D0E1529BD8671173EFB363F3E92B26C3DC7A82C3D462272BD77
:20940000107B87BD036252BC170B82BD1734DA3DCF6E373EB75977BD45C33C3DBA8BD7BDF7
:20942000CB5D063E9829B0BD949E133E42EE333DDA8C673EE175193D4272B63D8E45543EAC
:2094400088839D3D5CB11CBCFCFFE33D5B8CD0BD34B0B03DB13FD2BD1BB3023ED3C8173E65
:20946000036A673D009AEABDB0504A3ADBBD9EBD44B8BB3C656C40BC6FAC883DE461093EF7
:20948000135A16BD74AA29BDB09FAABCE06B14BDE67D0FBED52E763DB19FCF3D22FCF03D2A
:2094A0006E128C3C1E66A2BD798CA7BCB11F8BBCE606F9BDDACFC03CCEC1053E871D19BB71
:2094C000E89A373C8C3DB4BC5E4E0C3ED54CFD3B55380A3E921F3C3D3427D33CB89C103E04
:2094E000A43BA03D3934D0BC6B43243EE3C3ACBDC5B6D23D09C520BE6C30203E811B38BED6
:20950000C18D0E3EB324443E719B533D1D7D03BE0446763B18A308BEFE36043B896DEFBCD1
:209520002A35FD3DADEF9C3E31779F3D194724BD2C605C3DFB2285BD5ED1673C00675C3C02
:209540000940B03DFD34353EB350A13D7EEB0BBD0DEC5BBD4AE4583C29D118BE5393933DC6
:20956000FCB03E3C1D5FF83D064F36BD1122233CB927D0BC24FE46BD9229983DFEEEA83D48
:2095800054278E3D44EB413D19860CBEE2FF793EF9349BBDC94EB43E32EA02BE335EE13EBD
:2095A00010D51EBE4B03C43EA8B366BDE952BE3B144529BD7EAF1C3D9FA00ABE2AE2663D6D
:2095C000FA69E0BD2092573BD660573D1422013DA10F973D000E06BE715B92BC7A130FBE3F
:2095E0009B942ABD4780B5BD0EF14A3EDA05C83D6701633E4CC400BE042EA13D8B9BD9BD0E
:20960000B1C0663DE8A644BD5DFA153E6F704E3E2BFA213E043B3B3DA7D6C63D35F8FF3873
:20962000B6E4ECBB102E053D8FB8A03D4D0D30BD4A8111BDBEDF643D0F75363C8BE7623E1F
:2096400094C27A3C2B1DAE3E9AE712BE780E983E1278273E3949A5BD1C70333C95FD663D1A
:209660001DB2B4BC099A9A3D89931EBD6A17BD3DE39C263E31A298BCE7BA013EB0DFE7BAA5
:209680000024C73DA40F7ABD091E623D2B5B1CBD9383853EAF9FC03D20372A3EF54EC53C6C
:2096A0007358F83DC444F1BC1FF9A03D54A3E3BC5536C13DFC0E9A3E1A3CB23D579E233E64
:2096C0001758813D10013C3E8E9BA7BD3FD5053EB415DDBD0C10E23BDB04A7BDA46B37BE0B
:2096E0003A161EBD80B3023EFA7AFE3C4D108F3EC4A860BD142B893EC0FE073E473D57BCCB
:20970000241E19BD422C073D4176A9BD7C8CBBBDBF5C97BD845DA8BD97F8503E6D8751BC0F
:209720001955243E31294EBC5D6D9CBC2EECE2BD3271D2BCDCCD0BBEB7FF653E0CFEB13D26
:209740005B80FA3D010D1C3D7585013D4DF807BD6485C1BCB16CC6BD7F0C983D03F9953E1A
:20976000141D2A3D97541C3E2E8591BD834A4B3D112081BC624C053D0D75ECBDA1A3AD3A02
:20978000005889BD469454BE21C62D3BCB70823B0462923B8DD07A3E811ED5BDDD5E5F3EA7
:2097A000E680D93D66D289BD3A568BBCAA6C08BDCB4420BEA5EB46BD0FA22CBE079A16BE6D
:2097C0003497183EEC0AAC3B43C2D43D1F309CBDA4B90B3D837310BE6E0D8CBDE0D4C8BD67
:2097E0000E152E3E0B26C83D7F350F3E5F6CC43A3B759F3D8938A8BD5901323DFAA1A8BD5F
:209800005F70DB3DEFD8AA3EE6E0903DD4292A3E481CACBBD459A73C4CDC973CCFB9F83C28
:20982000E6ED94BDD4B4BBBDBAB390BC9BE6ACBEFF8779BD55C08C3CC1FE05BC3579563E05
:20984000CAD0FCBDC0F2743E942CEB3D12E115BD753411BDFEF3E2BCE692CCBDD939A9BD25
:2098600097F4DEBD65B071BDAC15003EE92698BD0042293DA98656BD3E0322BD34D7F7BD53
:209880007C01C2BCE2C813BE8FB9073ED7C0FD3DC3C1223E7FE5A23A6B2E733DF99BA6BD90
:2098A0003BBB003DB416E1BD04E3683D767C983ED1B5613DFEF7F83D1E069F3D250027BD62
:2098C0007614713D21B469BD2F6300BEC36C6A3DC6A7BFBD09529CBE533A683D51C89FBDEA
:2098E000F2256FBD68660E3EF016FEBDC56D453E8395313D272BED3CBCBB183D8329443D9B
:20990000D5B488BD2FA7EABB45C751BD088960BDBD52E53D525EFA3CB105D53DE3698C3C43
:20992000F8C8473D1012D2BDA7BE2CBDBE367CBD8816FD3D5D7EE23D7F63D03D18A6403DBB
:209940001929DD3CC94808BD1E574EBC2CC9F2BDD411A1BD369DAB3EE9F6F63CFB094A3E17
:209960009906013D59585D3D9DA8013D749E9E3CC61285BDC187A2BDDBCF82BCA209CCBE72
:209980003367B93DB46CAFBD2993D53D3D84FB3D46E43FBD1BE8C13D038EC13D3D0AE3BC48
:2099A0004A2C4B3D0E94113D265E423D0AC7BA3B6F238DBC1EEDF2BCBF470D3EC54DD83CE5
:2099C000FF211B3E69CCECBA5CED873DDA15C3BC43CC143D3E2E22BD0321503CE9109D3D8A
:2099E0006848D83D3B0C66BCFF33653DCA87B5BC2B0F9F3D7A16423D43FB8CBD9DBF023E5B
:209A00000252653C0EF10C3E0E0D88BDE140333C205FD0BBE8D5CC3D4328093EA25B28BEB3
:209A20007408FEBC8FF7B9BE2E380C393F659EBD6F44183D4738B03DEFE3ECBD0196B83DCE
:209A40007E54883D843CDABDE420C1BBFDAA88BD769B1CBE173B80BD1B8E64BE3E4CB5BD6B
:209A600063E44CBB9F42B4BD848B49BC64CB74BD62BAF9BDC4BC5BBCA4B3F8BD1AAEAFBD29
:209A80004A9CE8BD317CDDBBE310863D709537BC42ED53BD4C0C3CBC0B39AEBD2E363FBDAA
:209AA000F94039BE9BECB03DF8CDEABDA11D103E91DCDCBDCEC6033D5F80C8BD39F9033ED9
:209AC0006F4956BDC92BFE3B1B51BE3D04AE8E3B786C5D3D3072933C5339203EA2E87ABD12
:209AE000B1CEF33D4E9A2ABD228B6B3D829DA23E980A8CBD39134F3D0FE36FBC8F2DCABD71
:209B00004A938ABDC9B9D2BDBFC6F63C8A1CB63ED4BECB3C0C6E8E3AC278843C40DCFCBD15
:209B2000A7CD13BBBEA998BD60E60ABDE651873EA9A802BDF51035BD62C47B3D279884BD39
:209B400029C1453D806607BD27050BBE78D2A03D930C56BCBE3814BD8C9E113EA8AA8DBD46
:209B600032D6833E149C14BDDFFAA43DC20296BCD706223E258D50BE2BB1A43D1B5400BEE4
:209B80006D19B33C36C600BEB9FBAA3DFACF6DBE3BC4713D44BE993EA00116BD3382FA3C22
:209BA000B17017BED2C3D3BC31A104BE64BEE9BD5809813D9FD0C63E059180BC0694033DF1
:209BC000EC9C95BDB6500FBD3E2CC6BDB410AFBD9CDA163D4795973E22D7B1BDC8AF37BC71
:209BE000FE052E3D22200E3D7E568ABD60A751BD0447B83CE7A7403E144E133D82223A3D22
:209C00005190183E423A54BCC57D8E3DD856413DEFAA1A3ED7025A3E270A983DFECF93BE42
:209C20003D6B0F3DE19958BE27EA563C5A982FBED6BB103D45E285BE4772BC3DC78A9D3EF8
:209C400080E66DBC4F549ABD0A900FBCCCA4EBBD1F5810BDF81F09BE6267F13D9F9D933ED8
:209C600037A0783DA0B93F3D1229303DE45CE7BC280955BD1E118BBD3B86063D17BE6C3EBB
:209C800022F3F3BB0B15253DF204D3BA9BA46FBD815BE9BD9EE8CBBCF903C7BDA0E6353E89
:209CA000C773963BE674093E25B6003CBAC49F3D441FA83C7D8A803D0C97493C027115B913
:209CC000C8DA183DBAF2EABD7AE4D93C316CDFBD0C62BB3CE6103ABE57F90B3C4060D9BD6E
:209CE00090F48A3A39B9573E0AE9A1BD6B49DFBDCA7429BE4BAF97BDC418FCBDFED424BE38
:209D0000DBC563BBE08C543E23F710BE1C2027BDD80360BE159610BE78266FBEA0F981BD6B
:209D200017CD0CBE6CF1693E97FF09BE98531BBD1EAE45BE5259D9BD906D41BE8784B1BCCD
:209D4000C64A81BEDD27723DC4BF27BE097FD9BCC4FF13BE50A2973D069A28BE4D10A73D5B
:209D6000CBFE02BC74C888BB40F5C1BD91A688BEB08097BDCC0A83BED616CDBD3CAC40BEB6
:209D8000B04E57BD949B05BE2C0F15BD7618503A9F1E3ABEC382D0BD920030BED49837BE32
:209DA000817E3FBED5FE0DBE275E0ABEA2335A3D7477D3BDCAA4F4BD92BBCDBD53EDF2BDF0
:209DC00015B33ABE011E40BD0CE908BE7DD3AA3DC1C3AFBD4FBB97BDABD0E8BD3AB4F6BDA6
:209DE000434211BEFD42C9BD32131BBDBCBA883DD5FC973DBE122EBD1B4CE33CAF3564BC08
:209E0000B214D43DB212BF3BE1016ABDB11B823D71D2823DDFD9393D4675AC3D667D8EBD17
:209E2000BFB5A53D15F01CBDD61EDA3C3A53DCBD7AB2F23C9F119E3D907BADBD544284BD8D
:209E40007C1A13BE51DE24BCCEBF3FBE50CE5DBA64B4733CD6A9273E3E7E01BE363787BDF6
:209E6000969207BE881AB9BC8EBB12BE2DAD1D3DE72CFBBD2299083E3FDAD8BD75C511BD0F
:209E8000709E09BE179F9F3A884DB7BD74F4833C117837BE6171A0BCD1AA0ABE75B569BDAF
:209EA000ABACF8BDF4F8963D1AC8BBBD7237053E6DCCD03DF618903D310C353D2BCC7A3D13
:209EC000A5E9A33D4D3E8A3CFC38193D61D906BE1B86143E983CA4BC9CC9283ED2D50C3E58
:209EE000E763C63C3CB3B9BD797B80BB823BBFBD868A28BB1DDFBE3CED23203E1180F13D33
:209F00003B6F71BC4E9FB9BD3FC1533D14693FBD81C7C53D87143F3D0D393D3E3FC38F3D0E
:209F2000EC09A93D318B27BD5514A53D9E25E2BC5BDC2C3DA510C03DA807A43D35DD10BC3A
:209F400048ADAC3DA30C6CBC6A032C3E18EC9E3D8BF62F3E58671D3EE8154F3D6EBE543E47
:209F6000C619213EC109323E85FEC33D203CFF3D8930C13D9C0DC53B6A73BC3DDED5BBBDED
:209F8000A989403E8142583E4521BE3D7AED4B3C91D58B3B19B4373D75E0843C6108503DF1
:209FA0004AE7423E23C9603EB845663D86BDCDBCC9E2E43CEDD6AABD685FBF3D94098C3DDC
:209FC000670A123E065C403ED5E8B93CAA53ABBD4C77463DC878D23B24DCA53D17ADE53C6F
:209FE0002B3D8BBDD223B03D5754B4BC957AAABC5CE9003EB838863B06D64D3EB005953D1D
:20A0000046578E3D112048BC860F133D9B8A38BEA9840FBD7852503D00C24A3D4D52CD3D61
:20A02000F402053EFF58173E09939BBD015AD53D3FEDC7BA9D26473DCA62913D4F009A3CC7
:20A04000A531153ED8448C3BC6A5A6BDCECA8A3D4D00D23B6FB3023C83C0233EB6C018BD1E
:20A060004B4B9E3EDF14C2BCFCB6163C3AB6C83DEE8C8A3D5539A73CD2C6863EC7C6D5BBD9
:20A0800007FEC03EB1FE06BDF096A6BC263A243EC722333E3A80803D0C549C3E31EE8C3DAE
:20A0A0001771FD3E258B0B3D06E0203CD16B483EFC1FED3D7BFB9ABDB09F023DC307973DA3
:20A0C000B3171A3EAD2C9F3D2FD6273E6888F93D30DAE1BD9C667BBB15B4FEBC67DE1E3D16
:20A0E0006C0F54BC5CAF333D0633A43D17BFCA3C7CC701BE361BD13D7BD2213D83499DBD32
:20A100006635EF3D64969BBD2C1F223E9E8732BDD8E3C1BD7B63503DE55437BC08AE40BCE5
:20A12000A0F8083E4272D8BD7226473E5D1AD8BD555C97BDC86CB13DD4A25E3DDEF695BD71
:20A14000BCD9303E11CB90BD48A0A93E769290BD985601BEE24DC33C0DE9903D56B35EBDED
:20A160009C78EB3CB06E21BDA314C43D017CA63D3F0CB23D4A350E3DC96703BE3B304F3DA4
:20A18000F9F3E5BDB806A23C845B13BC757D48BC814D62BC2260EA3B047C4EBE7AFDBA3D64
:20A1A000FCE337BD834B31BD12FB913D690C54BD1F986A3DBE38103D5FA70EBEF67BCC3DC2
:20A1C0005F9280BDF378A3BDB9E4C73D6E4704BD2BAC103EE4CF7E3CB8663ABD8588DD3DA1
:20A1E0004A37223B15201A3DDCE8E53DC37FD53C2474433EDF15823C63EBAA3C0B65203EEF
:20A20000275EF5BA3972C63C19C821BCAD18443D80A4823DC841233DF5D6AB3D085B5E3D5C
:20A22000324032BE36F9093C4EA8CABD38293FBD30B9AE3C7677F6BCE3AE713D41C56C3D0E
:20A24000B1F8CFBD742BCD3D8D2F35BBBF19ADBDD10DCCBB704A57BD9E568E3D7E1313BDDF
:20A26000A424CABD31212A3D82D3FBBC44DB08BDF71D503D9783BEBD4626B63DF05F0BBE39
:20A280001D5D6DBC4D24DE3DAA0A9F3D02A596BD478E773C317F74BD697FF53D86F7F9BD4F
:20A2A000DB3AB5BDDF042ABDF86EA73CF43A38BDD998243DFBC03CBC2587933D9749A83D1B
:20A2C000E7EA2F3E6D723B3D0F9545BB1421313D8AB469BC4940B5BC6EDDA83C93A67EBDA2
:20A2E00047FB683DF2B818BDC601B3BD916C993D68CFACBB4934B7BC359A653D253E83BD4C
:20A30000E6FE063E21C61ABD6B32623C1B759A3D2C50A5BC666172BD84A0B43BDD420ABEE8
:20A320008A67893D8EC0FDBD345BBCBB894E9E3D8F90E3BC8F60E1BC9ED12CBD5012BCBD29
:20A34000F1A5893CEA4CB1BC58FFBBBC433105BD980706BE8D9DFB3DAD2184BD65510A3E29
:20A36000534CB33BCC0F073E3F40E5BAC077053E866363BD1A4D673ACD71DFBCE52BF8BBEB
:20A3800026EF08BD8FBD24BD114EB0BCF6DCE8BC665A34BDECB0DC3C20DDDC3CD5D24CBD4B
:20A3A000468B173D467F77BC09737A3D5B170EBC77FE09BDA411A53D2A15093D6A5843BDF8
:20A3C0007B7E04BB6E501ABDF449833D0596B5BDAA04083B4C6F7D3DB9461E3C5E1FA2BD8B
:20A3E000F6C5B43C8FDE7CBD616DD53CCEBD5A3D2B20003E20E796BCAD2F6EBDC2F8F13D3A
:20A4000025BA1DBC4D53063E3749583C5BD5D63D3801AA3CA430363E729B19BED738C83CEB
:20A4200022C1B6BDC1DA803C2BCC4EBD74E22F3A610403BDAEB8E6BA0EF8A6BD8B018B3BC8
:20A44000A9118ABDD0F6B7BCCC2AA6BD085369BDE1F896BD8C42BBBDD4F815BE6E87983D0D
:20A46000D59138BD55B1C2BD79CFDABD779D7EBD78DCDEBC9B97A8BD770B4E3BAF800A3EC7
:20A480008BC51A3D963C833C8BCFC1BB1A932B3C9FFE7EBD48DB1DBD3417C1BB9DB71F3E4D
:20A4A0002F7D9ABCD429493EF988BEBD14ACAD3D4E44BFBD46DA443E150B52BD2576373E81
:20A4C000521D2FBE817E34BD41F02EBE91CE95BDB272D9BDAC356FBD5CBF32BEA2F55CBDE0
:20A4E000F5D285BE9F7D06BDC19B22BE6A3BD1BD536221BEB24D01BE24C861BEE2ACFCBD60
:20A50000E7865EBEBC9EEBBC56773EBE33E99EBD6AFD80BEFD6E8CBD3E3371BE6653DCBD26
:20A52000319A93BD3A3F69BC91A6F7BD1D2ADFBD8494BABD48D56CBD5DF724BE267BD1BC5B
:20A540009CC00BBE877B5CBCB2547D3CCB4F81BE6206A8BC1187C4BDBE5E2BBE920D47BE16
:20A56000D42C77BE4CD57FBE247CA83D9000B73CEC4BDF3D376746BE092EF63DBA0C58BE05
:20A580005E1B033E6C3284BE1C49B23DAFEEB53DE0E1123DEEFAAEBCFB7B10BD111B113B21
:20A5A000B836A0BCDE2981BD090FFF3C1CA8DE3C34F9F4BCF8BB693C6AB1EABD28A99F3B39
:20A5C00044540CBD4CB7B2BCADE6DA3C1B44EFBC869014BE9F90453B2F933ABE02308CBB2C
:20A5E00030E070BEE26E383CD11EA3BC6D3A943C864481BCD4D807BDAE942ABDC36019BDFB
:20A600005E0C21BE138A2FBC826425BECA5204BEE1D4EB3D6740A7BC2A5A213EEF1760BED4
:20A62000771A2A3D192E29BEEAA0173D81C040BED41B2A3EA67FC0BC72652BBC6B3085BD44
:20A640000F4003BEA6D4E6BC2419CEBDA5FD8DBD67F0263E56DD603B7309043CDF9D1ABD82
:20A66000A2FAEABD4F9137BB350502BE8404053D1B4B193EEC2133BE2032DABD57B805BE8B
:20A6800092A217BECD0A183DB4C890BE05079D3D6C7E0ABADAEBCE3D2210953D9B0018BCE4
:20A6A0007F83743DA8B7743D5B8A813CD258C03A73F6FA3BC9D58CBC6A023D3E28038A3DB4
:20A6C000D6E3533EBF6324BE499BA03DBD22E5BDFD8DA13DD3AB15BE17B8583EEDF78D3C1F
:20A6E000B516BF3D2F89B6BDB5EBC2BDEF65B7BC63656EBD5BCB243D553FC93DF605D03A69
:20A70000747E9D3B962C093D9416FCBD7B8A823D920B87BD8A7E653D97C7943D036201BD63
:20A720007DA820BD49A73CBC91115FBE1A5E033D7DCA91BEB9F4A23DB48E3CBD5219153D9E
:20A7400014AAFF3C321E603E0AC9A3BDE815243E2357DEBDA7BAA53D459A95BDA1A2063E70
:20A760005BD02F3E43C3853CE0B9683EF3D8E0BD59671D3ED90204BEA143653DCFF113BE04
:20A780007AF87B3E9BD0443C09AB073D617C52BD7F96AB3C0739E3BCC88FCCBCFA336C3D2F
:20A7A0007819673E30EA8EBDF937263D2BF0BBBDD48990BCCC340CBD1B1907BE838CD8BCCA
:20A7C000E1EA003EA6221BBE3E7E4EBDEFFD15BEC02618BE7538ACBD020926BE01C5413D44
:20A7E000C5D21F3DC2C111BDEF99C5BD791D323EB2E4A7BDC6333C3E696041BE4D81D33DF2
:20A8000082AF3DBE1043643D1F29BA3D1AD8BB3D51C5A63D3EE643BEC368553D55960ABE61
:20A820007D2B9E3DD2C92EBE2E55303EFE76D83DC43D573DC38AE9BAD34BA8BDA575423CF4
:20A8400083A273BCFC31BE3D74D13E3EB664503DEE5784BBC0F7B5BCC8A941BDA4663F3D73
:20A86000D5C600BE44CF9F3D9F0F073E47579BBACBCB89BDEB4396BC3C63D4BD3DC5173CC9
:20A88000A00650BEA774F03D6DF50B3E54C56C3C177E87BD4650193E955A56BDC3B2403E95
:20A8A00025BD4EBD127A253E016122BEA4A1C53DF72B443E043EC53D6BAC183ED594F1BDC7
:20A8C00043ABB83D241AC9BD23547F3DC8CCB4BDBF11613E5406D13D8A151ABBAA90BBBB9E
:20A8E0000F349DBD3F47F43C67CB4FBD55C69C3D31E82C3E3DA0013EF4BB9E3CD68DB43D57
:20A900002F1898BDBBBBDD3D28967BBD2BAF1B3E95CA223E592FDC3DCEB7BABD8D51C13DAA
:20A9200081AFFBBD3D14853DF62AF2BD0F989E3D7E30C0BD23F7573E2ADAE6BCA744B73D6C
:20A9400093CE11BE005ACB3D9697F0BD5284A83D191634BE5194DA3D21D1E63DBEAC4F3EA7
:20A960005056063EE23DA2BDEF16AA3DE487C9BD69969B3DC38599BDBD7F713EAC44603EA4
:20A9800091389F3C8F77D93CBF429EBD71A3123D41AA983CBF067FBC90593C3EDA6C2D3E66
:20A9A0003C4D0E3B366F913DC40AA9BDE6270DBCBD0C14BDAD3743BD4C662F3E438FC63DD6
:20A9C000332DFDBB1D9D873B7A7EB9BD16DE90BC6946E8BDFF53803C07AAC8BDD5FB553E3A
:20A9E000D911B9BCF935833DA28738BD9DECBF3D05C516BED864993DF7EF06BEC5CD083E35
:20AA0000866D3A3E694C953E7783E13DB9594C3DAADC3D3EE82FEE3B0FB9073E035213BD1D
:20AA2000FAB8833EDDB3503ECD83DC3D4282A03DECD17C3D859BD03A0004EA3DB7B1DCBCB0
:20AA4000D31EB93EC904813E12FB2A3E6E80923D8364253E616C01BCBC32463E5CD648BBD5
:20AA6000C6F5873E6691243D1689BD3DBCA222BDD0B74B3D26E3AEBD6D7620BDA739BFBD89
:20AA80007E760E3E99707FBD3AB9303DB33B8E3E1D420E3D6705C73DD4D6EC3C1FDF11BD5F
:20AAA0008545163DAB4CC9BD59E3693D74FF753E1F6097BCEF80423D6CC8D1BD93272FBACF
:20AAC000ED7113BE0D2ABDBD91473D3E9717633EC7D30E3B9502DC3CB9D3DABDF66641BDE5
:20AAE000D5EF17BEBAA4E4BD536C1D3E3488093EE33BAA3B6C017E3C1EFF04BE4C5687BCB3
:20AB0000303F41BE4DC4D6BD10C6163E308A373DBB31E13C6F1201BDDF2D87BD8789F7BD6F
:20AB20005B0EF4BD005705BE6066003C526D783D0D01BA3CAFEB693E516C0F3DBB98D63DB7
:20AB40005015353D0B80533C675220BCED4523BECC97A53D7DEBB53DD7B809BD171E843C73
:20AB6000861958BD7D9A76BD435AD9BDF0D1B7BD7FD05A3EB007123E2351A3BCEF5D6BBC3B
:20AB80000C84EEBD8F8CE03AB0689CBD426FAEBD76AB1A3E4993E83B2050833D08E411BD56
:20ABA000862E37BDBBEE76BD45BFB6BD374961BA3DFD2F3E917674BD9ED9B23D917CCCBD24
:20ABC00060FED6BD4F25B1BD1EEF0BBE528341BD66F30ABDA0D348BDB348D23DBBFA923ED2
:20ABE000B84C383C5EDF2D3ECF0C383C65B95A3DF9F5573C9630353D967BEA3D3D55B03DC1
:20AC00003D5A453D73CE07BD5B8A4B3AE6FA863C4F0868BD7E1A1DBD74FEC83D320C993C92
:20AC2000ED4A9B3DBCDDAB3C63270CBDF1D0833B5EAF84BD4E77633DFDA5223E89D68B3DD7
:20AC40000D60D03DD9E5643D4C433EBDCE62983DCDE3A6BD9C6906BD8B67983E9420C3BBB7
:20AC60004C21093E81E163BA17D6FA3C88DE22BDCE5B72BC652B7D3C62FA78BD03839EBD27
:20AC800073C8F63DFD3F633E3AC0993D3BAC103EBCECF63DD071D03D791AEE3D8FAB4F3DB7
:20ACA0005045543EA54ED53C857D073EE3943EBDB1EB40BD8C99C1BC14C7B0BC7C04E8BD09
:20ACC000F0FF8C3EF6E8853C88856F3DABDC413C8412F1BC5DF4B93D7B0922BE5DF6D3BC8F
:20ACE000EE12123ED927223D6249B03DFEFD673D28F695BD84CC223D408ACEBD9931063DED
:20AD000029C21F3E08EEF4BC8F4AFDB8795C4B3D091CE7BD8D7EBC3D27D76ABE56E9993B54
:20AD20006EBCA6BD26171CBD4DF2F23D9E60513EA7ABCD3DE170133EB575DB3D4DF4AC3D0B
:20AD400061EB823D08C652BDB7818A3EFA2BA3BD63E6573E132AF2BDC98221BC514FBABD7D
:20AD600062E329BDD5718FBD0E52883EC44BC0BD9765133E14DCA8BD55C195BCF363CC3DFC
:20AD8000992FB8BD3E1ED43D286B6E3EB3223ABE80A1943DA93D9E39272CD2BD1D92C73DB9
:20ADA000F0F41EBE59826D3D8A3A903ECEE62CBE8C02C63D61270CBE96A930BD4E4A873DB3
:20ADC000E5E541BE07B4563DDC9237BD5EED913D06E6593EB8CE393EB063A33DF996503D52
:20ADE000E274C43DC109A53D0A96993D49A3803D52467C3E9683CABD7E1A3E3EF96129BEEA
:20AE0000C8F0BF3DCAEAA8BD54DC843A07F657BDAB11973E3ECB21BE550CA03DDA6996BD19
:20AE200015553BBD4045943DF0C8B8BDA9ED5F3DDC4E633E12FB3BBEA1A8D43DA4CB61BD43
:20AE4000A326EBBD05C23E3D82B712BE24D582BBE570113E38AF29BE9E3D603D0DE92FBD34
:20AE6000F0B0CABC440900BDF38230BEC5E4713D97DB4EBD4C1E523DFA18C33DEA46073EEB
:20AE80004641893DA1DEBE3D8077A23D59C0783D3FCF953D1895DA39E85EE33D9D196ABD64
:20AEA000FD93033E3A5901BE1B9E813CD0A708BDF438C1BD002AB1BD6EC04C3E2DC680BD93
:20AEC000965F793DA34DF53CCE5646BDB8708C3D065516BE026E073D781F7F3ED58A98BDA3
:20AEE000E8810F3ED145B43CD42E80BDE624783D580523BE6611813D0589963E04E229BEF6
:20AF000055ED223E579752BD706E9FBC39D6CB3C7B484DBD416E253C17C0013D5F3672BC8E
:20AF20004200533EE5B2B73D779BDE3B607E06BDEECCF2BB5B5B06BD88238F3D8A068DBDB6
:20AF40003D6D243EC5F729BD2935193D865205BE405AD0BDD0F6C9BD57D42CBE4D7FF3BDF0
:20AF600048CD213E4E6456BDE3082C3C005697BAB7E028BE0AC2D0BCFDDA30BE1A6CC83C7A
:20AF800066CAED3DF60A9EBD5B76843D1695E4BCCDB6EABD8078E03C152D39BE7C3D0EBD24
:20AFA000B5A4363E9EE70FBE4F34B63DA85802BE37F3E6BCFA0CFDBD073197BDDE1F04BE65
:20AFC00054085D3C9A15E63CD75D143ED228CFBBC7E30E3DB4D6143E6F94B13DDA4E783E01
:20AFE000EA006E3E6A1F893E6FFDCF3C586B343E0020AB3D6CAE0ABDC778093E84EE913B12
:20B000003D59713DB65EEF3B00ACF73DE5E7543E80CF19BD769297BB78972BBD17D5A03C32
:20B020002B7760BD4435563D09AF083E2A220D3ED2739CBDE0C139BDD019C2BD8CE733BDB0
:20B040003972E3BDC6B8CCBA7786423E96D0403D4DAE643C680592BC014303BE841CD8BDB1
:20B060001F9C79BE111150BDDCBB9B3DA202E4BD0FB3233D839F833CC4A4633DB84E6A3E42
:20B080009B46A73CE758C43E5357673E624AA13E11B17FBD9DCEAE3CC44103BD7F0D1CBA57
:20B0A0001F140A3DF39524BC2B17B13DB73CB83C2E2E28BCDC46943CABB490BD0F99A4BCB1
:20B0C000F0AB59BDEB7EF2BC8F16B4BDA45FA93D9998333D0284963D93A37CBDCC01473DEF
:20B0E00076582BBEE4741B3D6FA50EBEFF59A93CE081803EC0EEC33D5DEB70BCDA45F0BCC0
:20B10000BFEBB6BDC1EE45BC689E64BE7729733D08D3C8BC6EA6EEBC9582ABBCD8C325BED1
:20B120001453013D5F8CAD3CEE9B043D192E263EBC48053E4A42343E4EBA7ABCC9ABC0BDAD
:20B14000318CE03B89510DBE1898FA3D55097ABDD160023EC13E36BD32A3EB3C9E85B13C87
:20B1600018480DBD2A1392BDA19B3EBCB2637A3D0D2B01BEED2AA13C3741D0BCAF90363C77
:20B180003956F3BDF8626ABCB21E20BE84A8F93DB76744BE9422933DFC7E4A3E61BF6C3D6F
:20B1A000A154653C328E0F3D82944DBDC278673D0E1933BE8A5C1C3E9FB446BD1FBBDE3C4D
:20B1C000E15CA23D50955FBD874187BD4DE12D3E4876073D7A328B3EAA2DEF3DE099843EF8
:20B1E0006AEB74BDF2C30CBEB76CA53D0A9FA5BD881F4A3EF3C3D0BD3DC7593E6730A03BBB
:20B200003CFB823D9ED6C9BD73CF003C5E8CD9BDA68D8C3D2396B03C9E13763CB7334C3DC9
:20B22000ECA6963D646F89BD7DC4793DF6540F3D556409BD8A200E3CE07A98BCA0A8C83D95
:20B240009CD6923EFB2320BDD46BFB3D5829F7BA88A73C3D1A559E3D33B648BC2935973DF7
:20B260005B34E73D7FE475BDC200053C0FC43DBE92E41BBDF83920BD5DCD123DAA91303E37
:20B28000A222BB3DA2A8463E5083473BC3C52DBE7641673DD9F7DCBDFD6A123ED8B0CBBDD1
:20B2A00020EEC93D9F67A8BDAEAE453D615AC2BD022E56BD560D72BD3B828CBD529CDCBB97
:20B2C000BF6CE8BC016D963C5042F03D4D6EADBD7CF3043D8C640ABB8FA7FFBD693AD23C73
:20B2E00024B718BEF6139FBA28CC6B3E18785CBB309D4B3D5350DB3C11ADA73C1368063D89
:20B30000902FB8BDB134943DA3B812BE4E3AD93D28408B3D9B21D2BE5DDE8FBBBDBC2ABE18
:20B32000017C9D3D1CE715BC90688C3D199BF73D3550053D17F586BD3CF9F43C196A58BD26
:20B3400080082D3D6883AEBD92C0B13D839399BDBCC29B3D1B421FBD60E9E1BD7AA065BA4A
:20B36000ACE944BD2DC9B6BCEACCF7BDB06445BDCB7EBE3D8676EF3C7A8591BDAFAC493BB8
:20B380001169CBBD6801FEB94AD12FBE07654D3DCCCF613ED45BAF3DD6085A3D1479DA3D1F
:20B3A000E8B064BD1B70A53CC9490EBE89C7AA3D6C032B3C3DE2013DBB952D3DCC1907BFBB
:20B3C000D73AB9BD132868BEE50C523C452B413B1D480C3EB2B5BE3C2A830B3C31952FBE63
:20B3E0006093A63CCBAFF0BDCEA60A3DCA75A0BD81EF833D8BCC2BBEC37C8F3D61ED3FBD35
:20B4000006D8DFBC58FFFFBC06ED74BDBDFDF63BFAE0B5BDEE0C9BBDC4C3893DE02EE3BCFA
:20B420008E53393D7D0B293D20E380BD9DE8EABCE9A569BD19D24BBD0574673EFA20063D3A
:20B440006931D03DE35EED3C9ACC9D3C981BA23D8C8996BD302ED03DEB63E0BD6B3518BDD7
:20B460003CF2883C473523BFB43519BE3738F5BD58E35BBDB158013D854B7DBDA2FE303EE9
:20B4800023AE70BB4C5DDCBDDBECD6BA34B2BEBDD044443D7B6F7DBDC968943D5BD3F8BC19
:20B4A000C1DEB83DD4EF06BE261FE53C281F2DBD00695FBC6FBD8B3B13A00DBD39C709BD21
:20B4C0001C2E443E2D208BBD61CABE3C639FADBB46EF9A3C5606B93DD23A8BBDBF23BD3DEF
:20B4E000E598B33E02DBFDBD8C9B3B3E9F20553DF8E52B3EB02A183D54C2C63D5BC1043E6A
:20B50000581705BD3C50AEBBD5F3163DDE02F43D6437943DD15F713CC7E6B43DDFB9F9BDA4
:20B52000A886F03D649C09BEFF13FBBD8A10D23EA673213CAD61933E87CEE23D644DE63DD8
:20B540005ED3FB3D1E89C93D66366DBDB306B93E631D063E9A2C173EFFF0973DAE5BD13DA6
:20B560008107C43D184D0D3D7E66653D89A7CA3EDD15483EBC4C393E7D2B2E3E6E820C3D91
:20B5800094CB053EE32E20BDBDD6083E6D976E3ED3EBA13EC014D23CD7AC823E4FA935BDE6
:20B5A000B963463EBCB703BE3539A3BD6829E83CBB69193DAA866A3EE287BABCE10FDB3DFB
:20B5C00063F99E3C039702BD8CE31A3D280C62BDBCD918BEA087843EEB33C4BC3DCF493E3E
:20B5E0007A664B3D168BF43D43DDA63B6D81153DD17D4EBEE746973E0F03BA3D02ACCC3DB4
:20B60000769A3A3D48D5D73D71B2EABC89C3043C9FFA28BE78E32E3E66CAB03CE38BB53D5B
:20B6200045F6843D8BCF113D4B98BEBC2004263CDF31E7BDDBCE533D2B4CF33DCB7BE2398E
:20B64000049BF03C3E3624BDD2DCE2BD2B095CBDA968D43D8C4F0DBEC1ABAE3D84055B3DF0
:20B6600026D8023D3016BABCC8BFD23C36E629BE9449833D68C1F7BDD4C08EBD1C4A193E23
:20B6800078B316BC0758983D5CF0983CDE21C73C640C5C3DC0F4E7BCC1493FBEF5E5623E76
:20B6A000253F573DFFACD83D208A563DBF75E3BB56392DBDE62AE9BCD7C990BE64BCE73D63
:20B6C000B0EA9F3DFA28D53DE34C793D2CAD7E3D998468BC42E846BDB6B31ABEA6D5AA3D36
:20B6E0008EA96A3C166994BDD1C8D0BCA3DCB1BD5608E3BD74089BBDE5729EBD27391CBECD
:20B70000A7869E3DD44A283D6797673D736BF8BA85270A3ECAFC9C3BDFCE8C3D9DDB85BDAB
:20B72000173BE9BDA43A0D3E413D8A3D03D78E3DFCF7E83DC3087D3D8E5E8C3D5BF6853C9A
:20B740007D94F5BDBD200B3EA05AE13DB2FD163E55D0023D04E34F3DF90031BBAE4B693D8A
:20B760008CE508BED290B43DFA3BBD3DB9B18C3DD4F3CE3D0147733D92F6B23C840312BC48
:20B780009C7AC1BCC1776B3DAB19833D0876923C5ABF3E3D0DB7E83CFEA6E8BC7F6CB7BC44
:20B7A000F54100BE13A0F1BD3C672A3EB30ACBBB0C4DD33DC7F320BCD8E81B3E0BD5833D2E
:20B7C000F28D983D52E8173B6C4689BDE06E963D20AB65BDD92D103D4C42B23C2D6279BDEF
:20B7E00019471B3D026416BE8D132FBE35AC203EB0113BBD896D053EE2B269BC62E724BCB7
:20B80000CA3659BDCC952FBC804394BEEF21B23D8D26C6BC44E1603D8070113C30DBB63C81
:20B82000638AB6BD588DBE3BDC7C4BBE133468BC31EE343DEC051CBDC705AEBD9C2C85BD63
:20B840007105FEBD1511E3BDD1BE43BE6D828DBD36403E3D59F60B3D9BFAB53DBC168BBC00
:20B86000F740B63DDCF3F7BCE72AD53D2038B9BD8248C8BDF99CDEBC75BA583D45BAD13CDD
:20B88000C6E8863D80DCE8BDB5B5893C89C735BEC036B3BDE25C6F3C0925993CF705DBBBE0
:20B8A0006072113DE4E3F4BC08DA88BC6E8C01BE9FFB0BBEB8974CBD8E75BA3DA5B2103DB9
:20B8C0003B04BC3DC6ABF2BC861E0A3D998166BD93F71BBD5ACDB0BDCC03DC3D12AEF5BD99
:20B8E000C45D113EFB8AC8BDC34A1D3E81DD25BE32EDD53B608D8DBDD2577ABEA36ED4BBBE
:20B900001AEEC6BDF79D8B3D8D13FFBD13E60B3D22AC19BE2B28EA3CCB4766BE1F192A3DB0
:20B92000BC41BBBDDEE37A3DB94E45BD5CB6D1BD83F6A5BD683321BE963F8CBEB05C533C62
:20B940000B479C3D3F69BF3D9C4ADC3DAE9B6CBC439BA53DC9EA04BEB23176BD0A88493D45
:20B960001700513E9D7615BD7927343E53519ABD271C0B3E72B934BE8A8E7D3C812D62BDE8
:20B9800042E9723E7F46BDBD0520933E0A331CBE46F2963EB1F275BE5965BFBC41D676BC1C
:20B9A000FAF3C6BC79221BBE0B0FCABD8D19B2BC4E45B9BC968DAD3D5F1B11BE9AC5C33C33
:20B9C000051E93BE0F3CB03DC67DEABD283758BCA87AE6BD9A42C9BD50691FBE909016BEAD
:20B9E000EBEAB8BE69E4E63DDE2EAFBD35F29A3DED1F70BD7AA1EEBD57FD94BDA4E381BEAC
:20BA0000AD5D91BE988BAA3DB20C8B3D7A4914BD6F148ABC54C122BEC417373C48AF8EBE5A
:20BA200062213CBEE58313BD05AE763DA0BAF5BD6442BF3DBD1078BE5DD1983D59F3C2BE6B
:20BA4000BFADB93D041704BCDC82783EE5D8DF3E82CE3F3EBE13D83CFDDC813E4BF656BD1D
:20BA60001FAC6F3EA9D51FBEA5F2423D2236D1BB0BE58DBB485C703D093A82BD8B2C143DE6
:20BA8000703DCBBCEE3E233DE1E9D7BD638D02BEE07F25BCBCE088BCBBE432BD4AD6B6BD97
:20BAA000434620BD707CA6BD340848BE640373BEAE3795BC332B1DBE631A9DBD0B3307BEAE
:20BAC0004A7CD3BD800A1ABE449A94BE0212BEBE7CCBABBDE3DA8ABEDFF2C9BCBD8D5ABE82
:20BAE000B29BE23DB96CE8BD548AB53B1F2EC23DC467C83CA454C03EC64889BBE9F3BA3DAC
:20BB00006412B63D0C162D3D0807FC3CE5F8F9BCA97B58BD1C33603D05F0E4BD106D9C3D46
:20BB200029F2E1BD66D22B3E1ECDEBBDBC313A3E6193F9BD66ED1DBD4FF890BD078C163D62
:20BB40007E90A93C87F2183C3391433C5C453ABDA59F12BED34134BE66B8DA3C7193A9BD92
:20BB600059D140BD27A242BD5B3856BD0F534CBD9FDA4DBE7D9789BEE3CAFDBC77742EBEA9
:20BB80007A8D0F3D18D446BDBBC1873CF26F8DBDE5CC35BD471F483D2D6DADBD0061833DC6
:20BBA000F4518EBC8E1385BEACD9F8BB57762DBE9A8546BD69CD4BBED9C59EBDA136623E51
:20BBC000E0DAE6BD3E13053E0522B9BD5BBA7C3DEE8E01BE6214E83D7C94F8BD18ED4B3EE0
:20BBE00024ECA3BD5D15A8BCBE9F97BDDEFCAEBA1B3D06BDD656B8BD63D018BE97D21C3D85
:20BC00009121CCB959AE373C2CBB30BC6B4C88BD620F40BDFD4A32BDA04600BE17FCBABDD2
:20BC20003861093CBFF810BE695DD93D5F3AFDBD6E86BA3D5AFF5ABD95A4A3BD6A892FBE9E
:20BC40009B54E83D2AB0C5BC1775813DD3553CBE7754133E89C548BE7680543B5190F3BD83
:20BC60003EA59FBD6C78793E74F69EBCD7A9523E17EDDCBD0657363E011C3CBD3BF1013E27
:20BC8000AD7FD0BD35C2643E46DE823CB6CF263EC9E22FBD4651593D1508A8BDBE549CBDD6
:20BCA000D4CA61BEBC7E7D3D486C86BDAE9AB83DA9B6F8BC5449453DBB1595BCC259AEBDC6
:20BCC000E0F195BEE2B48BBCD404CDBD3CA45B3CF2333FBDF0FEB83D2E53453DDC15D5BB02
:20BCE00059B968BDC8F5A43D3D4B8F3D4DBE173D197A683D33D54DBE438DD23D5D366FBED2
:20BD0000A6DEB13DE1057FBEC8D05FBB6385AE3E7B38A7BCEC9F273E6DE5073CD6C2333E64
:20BD20005FF1CABDE1722F3EE22C11BD61928A3E9071503CE424A53D20E740BC0C15363DC7
:20BD40005508A5BD87FD893C782E1EBE2375403E8D72ECBB79F5263BC5DDBA3CB67C2F3D98
:20BD6000F1CC103DB4DAB7BBEAD507BE188BAC3D2D4FC93C284E26BD6C28863CD17A38BD39
:20BD800027C4103D3DD71C3D78CB01BE0BEAA83D6ABC263E7AE818BE15C6B83D81D1AABED6
:20BDA00025081B3E3C04A8BE6E8CB73D995383BE4ADDE53CE4E8803E0C97C53D5D1C153EF9
:20BDC000DBB2EE3C1C9A563EC25AAFBD988FF33DCC06F9BB2DFA793EEFCB213D78598F3D6A
:20BDE00089F41E3CC194093D0CB1BCBD8EE02ABD110EB0BD8033EB3D69CA743B77B9293C68
:20BE00008C0DB1BC2D98C53C274503BEBA995FBCBDEB20BE342606BD1CE1043D5FA867BDAF
:20BE200079E4C0BC4381C7BCE9F201BC40C13C3CABD0243EEEB9CDBD7ADFB9BBC99730BDA9
:20BE40008566953B492746BE84B9163D1A6276BE7F73353D143145BE57A49C3DD862BA3EC1
:20BE60006E833D3C4592383E817FF83C65EC273EFD9FD9BDBDB1173DED1A273DC40BA93E0C
:20BE800044260A3E98DE9B3D0EC32E3D11D0343D2DE1D7BCBE911EBCE6D0A1BDD4EA613ED9
:20BEA0003167163EE35A5B3DA0F04B3D2C819DBC9B33C9BD87C24EBDEA7AFBBB1194D13D2E
:20BEC00026E91C3E950983BB8927E23D15F68FBDEB51213E9A4E013DF122873E2195D53C97
:20BEE000E7ABE63DA34C24BED8E9123EE56F71BE68A9303E6C5196BE6000F43D37BD9CBEB9
:20BF0000F33D3B3E4CDC9F3E14AD293E151F2C3E8372FF3D895A203E55952A3CE6FEF83DD2
:20BF20007BCAE53D6E208C3E173C523E0573703DB75E273C67ECF73C483E82BDA355C6BDFC
:20BF40008FCCD63C17B5423EE9CB073E9F28C93DE794533C45EB77BDDE15B8BDA4C0A8BDC3
:20BF6000DC86B8BCB845303E3DB2DD3D037AC9BCF74BBE3D03179DBC3FBCD53DB92C15BD01
:20BF8000BB27CFBD7DC458BD1999CE3D33CFD73D12C3E43CC2F4B23C2933203D6A5D2DBE06
:20BFA000D92BD8BD059826BEF4BB04BE73FC9A3E2447CD3BC0936B3EEB439DBD4AE8C23D87
:20BFC000A713D3BD06127FBD28502FBE3F07D13E819A593D63C9533E49BE13BD2A9EBA3D05
:20BFE000B167BCBD24F86FBCB71936BEDBC2DE3E81EFD13D952B773ECF7EAE3B7712843D79
:20C00000469305BE264283BD2CB934BEF617893E0296AF3DEB4E8E3D9D9D783DDEDF2ABC17
:20C0200063B387BB36F641BE6F9503BD8A6578BDB69FD23D9EB8243E375E933D003DA5BD75
:20C040000389A53DC3BE21BE791D6BBB34587DBEE866E6BDE34D093E1BC84C3CE1DD303D91
:20C06000C80F433DEEB5683D207D963C7C966ABD96F61EBE305A863EB45C343D5C23FD3D89
:20C08000CF34833D1B24803DAD7C23BDBF61A2BD28DD4CBEE1B85A3E241A953D186D293E1D
:20C0A000797E723DBD7EE33B1F59A6BC6A3759BD7FC406BE822C363EB91C003E77AF7C3DD5
:20C0C0004C88253E9936C4BDD4611D3D2DFE3DBEC7D7913D082C6FBB86E0713D9ED9203E71
:20C0E0006457B13D7AE013BD508DB9BC8917EDBD83E568BD66F14CBE0309F0BD38C4B83D39
:20C10000499E463D1F7CDA3D892B0FBD64F9993DAAC239BB297416BD4B8232BEE871373EF5
:20C120000043C33B92482A3EED20FF3CE76B923DBBDD38BD879F63BD631596BE12A5EB3D95
:20C14000404EB2BA304CBB3DA293353D6955803D1025ABBD818EBABD6B0184BE649833BB94
:20C1600009BC02BC083CAABB685E923D6828A9BD356657BBE8FEFCBDD0F9C3BDFA69263DAD
:20C1800010C9C73DFD6C4F3E08CA873D8070573D073A093D49F07CBC63578EBCA7DE17BE5C
:20C1A0009D6A9FBDCAEA083DAC91B5BC2D6791BB29C883BC4F2107BD1D0C893DE87C9BBD86
:20C1C000123351BEF6CB9F3D4C66CE3C84E59D3DFFB3003C4768053DC0C39FBCBEA10ABD8C
:20C1E000AB683ABEE9BE183E8F47883D4EF30F3ECADC5B3D4B87D43DB5BA173D70C7D5BC62
:20C20000EA03D9BD2706D63DFB19BA3D8D538E3D902D1E3E4D4C24BD14D4033D643C3EBD4F
:20C22000BEB925BE25D4093C8033053EB6F4313E4B87AD3DAD27D63D2B5452BBEE4C0BBC27
:20C24000BA6442BD1641BABCCB0818BD9AD2C83C8FE7603DB28605BDCED5493D165AA2BDD7
:20C26000D0528C3CC7962EBE85F417BE9E7EA33D8B74893DB807003E96A81EBB9FD8643D50
:20C280004DA1B7BD24D2803C9A438FBE1BFA2DBC4173E03DF4B0E13C911F9EBCABF7903D57
:20C2A0001A4847BD4132BFBD23D08FBE3C660EBE9FD2503C301E373C5D4C013C3613E9BDE8
:20C2C000DF0027BD30A502BE4F723F3DFE42103E68ACCA3DF7228E3E99036D3DD61E213EA2
:20C2E000F024833DFBA5063D72D8133C9334063C5D4F0FBE93EE18BD2669C83C99CEE0BC80
:20C30000BF5E183DBDCF323CADAF0B3DFE2AA4BCFFF393BED35B1EBDFD850D3E93F0003EAB
:20C32000B796343D019BB63BA38089BD92BBA8BB283764BE2957C8BD2C9FBB3D8C53363DFE
:20C340007B27B13DC6A82B3D9A5FB7BDDFD312BE4DC383BEABED0EBE47B33F3D0FE5C2BDEA
:20C36000D069B63DABB415BE762B23BC054433BE1B5858BDD9D9DFBD0D88D43DFFAD6F3ED0
:20C380002603C23DF3270C3E3AE44A3DE2439B3D0B5E9A3DCF36DA3D3BCAD8BB82DB1BBD46
:20C3A000565C9D3D0D0258BD1CA3933DDCAF84BC6C288F3DCE7C07BD6C280ABE416980BDC2
:20C3C0001C8B4F3E22B1263D91C6EB3DC97DD03D79CDC8BDF56B9E3C085C66BE4A6309BE20
:20C3E0006D061D3E326C4DBCD16FD03D81E6463C8748CABDF6E3FBBD2A8F37BEC9DDBEBEDB
:20C40000696ED23D2BEAF8BD7C940A3EA5CA54BE61CC513D9C6B95BE6BAA543C6810C1BBE5
:20C42000839B573ECD153F3E1B04313EA641CA3DA1E03F3EF95917BC9DAEA63D9D7A4EBDFB
:20C44000A0B7A6BD6BA21C3D2B85013E6A047B3D7E91833DF9157E3D6BB6D23C858019BD05
:20C46000B85D7BBE95A53B3BAC48F13D7F174F3DFDEEEE3D37E6603C11EB92BDD625F0BCB9
:20C48000256471BE619438BD7F38383E27E8FB3CF71CB33D5CDDA8BDCF551A3D764C23BEC8
:20C4A00056E04BBE3B99A2BEAD85E53DA75D46BE75F4313EEAD28DBED705043D9A37B4BE6E
:20C4C000F0779A3CE54153BC4A7EC9BC691EB23E3BB3ADBD87812A3D61F35BBCDD7A43BD9D
:20C4E00075DF34BDCCF0B5BD4F4F08BE6ED0F7BD6DEA9EBDFE2A6FBB2C0E46BDA88BBC3D06
:20C50000BF2D8D3DFBC7873DC7046ABE5F734BBE2747033D4AAC023E558CFE3CF375573E15
:20C520003FC022BD9222713C3F9FC0BD50988ABEF7FE3A3DD67E313CA99A2E3D4452AB3DD8
:20C5400095EB72BC459AD33DEB829CBD7912B6BEF605153E7A4AF9BD01FE353E966E68BD16
:20C56000E5F80C3E1749A9BD84171D3E4999CCBD48B38EBDC10BDB3E38268ABD5EDA143D14
:20C5800076034ABDBF21DDBD09D2B03A752DAFBD52F4DABD8C32DEBDC090D9BDB7C3B13C4B
:20C5A00015B64DBDAA27803C3A5814BDFF2B813D586081BE627F52BE57A3533B084DF93CD4
:20C5C000D19B863DB14FDC3D2A97503D488C00BCCBCD39BEDC8597BEEF26043D96998BBD23
:20C5E000FB4CA73DDF81A63D57C7123DCE0D323DC876EFBD81569ABE9802EC3DB9E1D3BD10
:20C60000DF87E93DA70155BD5D83FC3CDF06D43C5323DB3DC23B9C3C9455F4BD7F4C813E40
:20C6200055CCADBDCCE806BD9027AFBCE8FB7ABDA33229BD8258A9BDEEC02FBE95B4FEBD22
:20C640007E4DC3BD61A8283C7B9C223D0385483D32E26A3C6726023D4B7B2EBE77DA62BEF6
:20C660000A1C973C220CA63D2121AA3D49E42E3EB221CE3CFF2BFF3C5A7A47BE9D4FA6BE83
:20C68000EF648F3C42D4BC3CBCC3BB3D55CB993D8E6C3F3C4CF4883D3C05C4BDD66B9CBE2A
:20C6A0009161713D5B9CF3BD4F4C343DA2B4993A4B401EBC01C6683C9DAF61BC196D52BD30
:20C6C00075F9B53CFC15923E5D6812BD8AFD5C3DF0F5273D90F084BC1C8B66BC056673BDF9
:20C6E0005A48B7BD8BEFA5BDFF15A3BB1F9D113DA850793DBEC95CBBF440C3BB206A19BD6E
:20C7000044D759BE067D5DBECFEC43BCB059A237D3F68C3D7875223E92531B3D43AB6F3CF8
:20C7200039D2DFBD1EE0A2BE24872DBA2ADF303D2B876D3D9AF6723DE668C83C422CE43C71
:20C74000F601AABD7A469EBEE8DACB3DE3992CBD2211E23CE1704D3DF4DF5A3D41D7A4BC22
:20C760008BF62EBE2C9E1DBDDE60B03D7BC2A53EDE8CA5BC3144BDBCFB87073DC1B073BD3D
:20C78000DE693DBA4AE9BA39DB35B7BDFDCBE4BD62EA77BD83D5C7BC5265753DE0E5843704
:20C7A0003C74003D8A738ABC016E1BBE44EF5ABE8448983D7188B8BC2B05C33D83DF0C3ECC
:20C7C0005545233D8287C63D811AD6BD939997BE30F2DCBB90370D3D34782F3C9A45883D1F
:20C7E000A9A7C0BDECCAD03C8B3B88BD0EE9AEBECB38613DE9B0FFBD01FDD23A0605493DAB
:20C8000088BAFC3B39A136BC3AF4E03D4AC2393EC0B4383EF09B7A3EA015523D8B5FF5BCF9
:20C820005C8D823D124207BE9C63CB3CF4F2D3BD98BB803C8BCE063D91624C3D8E4E90BD6B
:20C8400078C6B33D9F6B22BD516BE43D4CED94BCC282BFBDEB7C94BD88D4ED3C2E8B583D10
:20C8600038C3B93C5608063E24EDEEBC86E9893CBAAC87BEA60F93BE81091DBD01D952BD39
:20C880005A2C1EBD0BC05E3D060BAABD5ED7A6BCB8C26FBE2ACE95BE5F24EBBDA9F925BE20
:20C8A00074198ABD05B326BDF189B5BDD91E26BDA267223E0EC4B1BD0898443E0D3ABC3E37
:20C8C0009D82C03D71CC64BCB5C5D73DBA94AEBDD0643D3C48BE7ABD8E741BBDBB8229BDB1
:20C8E000BFAC093D112BA1BDC047ED3DFD2A2CBDB3D78B3DFBF1F03C579421BE5A9D72BE51
:20C900009E848B3BE1C5D2BD540EB33D5BB69D3DB1DC513D2122353D53318CBE83999CBEA9
:20C92000F4BE9FBD23DDC0BD7C37F03C1F8FCA3D6A270C3CBFD6473DB5DE4DBE2DB5D7BED1
:20C9400070A772BDA93627BE6B50A2BD61B582BC932DC7BD5EE601BD55A2D93DBB0D39BE4D
:20C9600048A4023E28B2FA3EC7032B3D5D04363D7511503DF782F8BB0A62573D0F71C5BD32
:20C98000D49833BB398AB3BDB8BC1F3DA966ABBD91B46E3DD70F4A3AFAA1383DE980773D3C
:20C9A000CE99F8BD3C4E4ABED5B29FBC806ED63CB0B8F83C112BAA3D8CC6FA3CB86BB23D8E
:20C9C000CC3A0FBE2516A3BE6BD4C63A5000413B7F92E6BCE348533DE1003ABDEBB9B33C04
:20C9E000D2229DBD5D01A2BE83F6AA3DEEF5A3BD4DDA203D6841C53D02F4383D4285F4BC77
:20CA000023C5BABD28AEFEBDFE6648BE634FC63D2B3567BEAB240A3E4A405CBEDDF39A3D20
:20CA2000342511BE42D9C23DBF9DA33B155601BD4A03E9BC16F756BC8B6FB1BB07507B3DCB
:20CA40007A33793DC9ACB43BB4420C3D790E84BDAFCAA6BDBADE7EBC1C9BDC3CCC74E3BCAC
:20CA60003F4FD93D4D2701BE2DAD1C3E57FA22BD2F13DDBDCE6DABBCDDC9C8BCE18E5ABC4E
:20CA80009C8BB83D208314BEDEB3A03D64F8273DA0DD1DBED9A3F5BCE46412BEDACEC8BD0D
:20CAA0006A38B33CBBA7FABD8F27A5BCF484FAB89D936ABE2F574C3EB32BECBD4FCE023E3F
:20CAC000BA8712BE763C1F3E9AB89EBD864E243E919C543D85C0F7BD1A76833CC549F83D0A
:20CAE000FB5F613D78C75F3D89A2A03DDA23113CEA17313E5E65C7BD90D84EBB68BAEC3D9E
:20CB0000AEE4CE3CD31F0C3D0A02EB3DEDCABCBD8E8E503ED112903BBBCB13BC5DAAC53D24
:20CB20004C978ABDB701FF3B0DB5803D563FE5BD2DD0953D27388E3DA7655DBE0242C13DC1
:20CB40004C5117BE4F35933D2500CEBD0DF239BD9BB51FBEAA4CC6BDE26BA6BD87D8003D78
:20CB6000F9F5DDBDBF569B3D70EF94BD2130193EBB1FFDBD823B143E3B84613D1F7FB2BDDB
:20CB8000D2C70DBC8D4CCF3DBDA69B3D24A79E3DF3B30A3D06C40D3D4DF51B3E726DFABD3B
:20CBA000F39D73BDAC12BE3D1EE3383DD90D263DE642913D3BF9E5BD6450D93DB7C708BD64
:20CBC00005F1C5BC42A45F3D1DB1773C430E4C3CC450CF3DAA36D0BD4BD7B93C149919BDDB
:20CBE000D46F36BEE82813BDD016C5BD6686BFBC0C16ACBC7F1CD5BC577C2EBEF2EC31BE0D
:20CC000079521EBE17200EBD0E11D3BD2EA58B3BF3B911BE9EF54E3D94BB2FBEAAF0C5BC33
:20CC2000DBE8EF3C793A0FBE76FC39BD1633F338ACBC033B7479683C9D60863DF4A2233CBE
:20CC40009C2E053E3DBC21BEE00689BD085E973BB73E85BCC2A100BD75DCD33D8E88CBBD36
:20CC6000DF40413E35D3DABD4487C4BDF42EAC3DFB0D0BBD2067543D2C7DAE3DB78813BB97
:20CC8000B82AA53D3113163D1AF162BE8B549F3DAB1717BEFAE28F3D3E44733D256EE5BCAE
:20CCA0002BE56AB99BF5973D2EDC86BEADC3B7BDC16F5FBEBAC6F13B6F1158BEF7273E3D83
:20CCC000C99694BE3587923C3B63BABC21861FBEBBD9E1BD2463733CDDB80DBD54D6F3BBE2
:20CCE000918AEC3B61AA163B5607923DC05711BE452016BD9D79673DE1CF16BD581965BD7C
:20CD0000D1ED853DF31BD3BD1BEA483E6A0A02BD81651CBDD53EC83DF92827BDD90A28BD93
:20CD20006CE09B3D824B09BD4E12463E42C5273D0E2DCCBDC048F2BC50F162BDBA9BE33C9F
:20CD40005AE088BD958274BD42431A3CCC60C03B6AF381BD216DB6BE744821BE88494FBEF4
:20CD6000F8D054BE598C54BD647A5CBE367E393DBAA6693D5B5C34BE3F7230BC4B86A73DC0
:20CD800083D3C13C9312AF3D2A1FDD3D09E15BBD9DC5003E42AF08BED3FA62BCA8B9CF3D9B
:20CDA0002EAAC63C2F40783CAF4EF53DB314C0BDA059693EEFA6A5BCB0F1193CDEE2073E72
:20CDC000EDDF8B3DDD9E493D4722E83DDB430BBE11BCDE3D8477543C3F9E12BED180643D37
:20CDE000208329BE1D75363BE2D4FF3C13CE06BCD2BC5FBDDBA8C3BC18E588BD4EA6EFBE83
:20CE00005F0408BE519C07BE04802ABEC36B8EBC38141BBE1597853DB907B03C6899E8BD6E
:20CE2000BDE33DBD06B4BF3D108B833DB611E83D249C913D95E47E3DBBE13C3E7A4D84BD7B
:20CE4000AD6F2C3D9FE9C53D31BB323DCBC6873CA954FF3DA37DA5BBE95E2A3E6309BEBDC5
:20CE60007EFCBBBD9E511D3E51E689BD1AE2D33D7071263D4AD236BDC8F0183B1F493ABC31
:20CE8000E3AC95BEE0BFBB3DB97772BE7A8B6B3DCEB006BEBBD534BD970F1CBD35943BBD09
:20CEA000CE1FA4BD31C414BF356F55BD965350BE894E8EBDCF66A9BDB70F93BD5EF3E73B69
:20CEC000D996A93D55135FBE2D96593D3E74593DF8AE15BD4FF30D3D3B17C33CCD02CEBC29
:20CEE000B6815B3E867376BD07CE54BCF356373E1363103DDFDB113DE5AA9B3C499C87BD39
:20CF0000A3082B3EDE321D396FE312BE42B0213EF96E21BD871AB23DDC7FA53D651EF6BCDD
:20CF2000C759CABD7E133A3CB1BB90BE3B25D83D04A3A8BE59FF323D5CF14EBE1465A3BD0E
:20CF4000246975BD28C8C13DEA77EC3D240D1ABEB440F03DCF486F3C57951F3E5CE2C13B2B
:20CF60007977003EB44EB23DA6F397BD2CA129BC96242ABD46B468BAF22AA4BD487A003DBA
:20CF80000C190CBD856647BA8A74FFBDD6947C3DED3AEBBDF3599EBC416323BEBDD634BC5D
:20CFA0005BC204BE1C79403D944841BE264E173EFB3996BE66B39B3C52A08DBEF73F1A3C9B
:20CFC0003D8864BECAC2AB3C038FADBE54AAB63D4D689CBE0302333C88A985BE4CE383BDA3
:20CFE000F3B2ABBE00EE233C65EA233D18D2963CE5C2283D267204BE322CB93D2A757E3D57
:20D000004471E7BB0DE92A3E4D39853D38BBC13DE75703BD3E7D873DBFD9A4BC3ED2C53D9B
:20D0200088A234BC5231B93D3FF943BC3564263EC5B9B5BDD7A9CE3DE90B7BBDBC2B7B3DE3
:20D04000FC9013BDDCE848BD044A423DCABEBC3D4E87C5BDD737A23DC52377BDCB10AEBCB8
:20D06000799AAA3BD81C9CBD58BD9ABC6136193D43868ABDC2E8F13C22ED06BEAED0453C5A
:20D08000B6C327BDB8750ABEA1C207BD4EAD0BBE8CE508BD0C4DA23C34D4A8BD4111A8BCC3
:20D0A0006AA2AABD39B864BC7F899FBCC49AAE3DA4360B3DB1FEAD3D1E894C3D55A2C4BCDE
:20D0C00037004A3D1A01103D9C76BC3D9A2B30BD21A0123E5284BE3D7EAEFC3CDA7DCABB4B
:20D0E00077D50F3EF4CC9FBDEB91443EB0C804BDC5C88E3EC5EA943CF660043E03F2A83DFA
:20D10000EC31033EEF80AEBD9AAB8A3EFF721ABDFF2EAB3ED42A6FBD2C38E33DA4AE35BD7A
:20D1200020BD193EE08A9F3CAF72613E67479DBDFEB2713E6A612ABC69A1383E568F35BD47
:20D140004DE085BDC9095BBD674621BDBD6640BD7FD31D3D5081983D78D0793DD08F553C8B
:20D16000086E34BB4A012A3D394B02BD51C0D63C006DB33D55AF733D7174AB3D7A63D33D67
:20D18000F75696BD4AFC8A3DF5E8553DE895863D8280833D1EFF693D2521043E6C45EB3D4D
:20D1A0008D4A223DCDE5EC3DB6A6593C7712A8BB2E60BC3D385E1B3DF4C2103E1EBFF13CFE
:20D1C000384BA83CA712303BFC28EA3D4D29C6BCB7AF153D85FE08BDD310AA3D43BB303B4E
:20D1E0006C0C1F3E787364BDEF65FA3D44A479BB78B5F53D751ED33D6538323DCED6383D80
:20D200003A947D3C2C07643D728C9BBD6B6082BB0BAB67BD68097C3C617945BD4DB8373DFD
:20D22000407FB9BCB466C23D50993EBD75DA633D4F2A08BD94060B3D8DC12DBD8A76A9BB12
:20D24000AD0895BDFD7EA6BC87C684BD2FE082BBE0AA86BD17A40B3D3693A7BD93F5C1BD0D
:20D26000295AC3BDB8480CBC41BFB1BB9B615C3DD54DDB3CE4BAD8BC3CD598BDCB9BBEBD30
:20D280007827AFBDEA3BDCBD95F70EBC1704D33D83A30F3EA01684BE0D412D3E0DA20DBEA6
:20D2A000C574D13DA02A18BE4194EB3CE900E6BD9929AD3CEAAC0DBEC8B2E7BC4EB70EBD06
:20D2C00070EDA8BD8333C1BDC06087BD3809F5BD3D98423DD8318CBDBB2E01BEF144FDBDC4
:20D2E00012B155BE7D19A0BD405484BE7F7BEFBD25E8D6BC06E7933B820110BE33A8F8BCAF
:20D3000052A485BE9279B3BDFF4F9FBEC34098BC368570BDEA561C3D217709BE53FAB83C36
:20D32000E2A070BEA12807BE16837DBEB50A9DBD9AB284BDCC6B873D49C1223D876A5CBEC6
:20D34000083083BCD71B3EBE724E293B2A3C08BE577B3DBDD5BE12BE3C0712BD32A2A1BDA5
:20D36000438109BB271F81BCF59BDFBDEE75033C12A288BD4B16C1BCDA1273BC8433C43C2B
:20D38000ACF299BD1EE309BD52753EBD8C6298BD0FCEC33C21025D3A04AEB03D0B64B63D36
:20D3A0003FA1823D87F9A6BDCBF213BD3B55CCBCB4B6E43CD07613BCC7A7143D21D1D73DE2
:20D3C00006FF913DF3C1503D816D9F3D8488FCBC66F8253DD569FE3D0BBB09BEF39292BA14
:20D3E00076CE46BEF6C53EBD643E32BE3CC14EBB0AD64BBE73BA113E8BBB21BE827E0A3EC5
:20D400003D7692BB427A7C3C8251E93B464651BD84AE223DB27B4ABD039F333DCB21673DA0
:20D4200076CCC53C7C23C53DC4C9AA3D6C591FBC069E333E4D0567BD1B1D273E6112C13C5C
:20D44000E581F53DCCE9833C4A94523EDFD382BD654E8D3E0995113D3C89B73E4D934D3BD5
:20D460002E7C693E36BA8B3C6475A03ED71F32BD54B3953EBD30403DE33BB43E4B74FB3CBE
:20D480006CF49EBAA9E19F3C3E360C3E02441C3E647C873D087D373E161516BDF588B43D07
:20D4A000D35199BDD1CFCB3DDAAF233E7BA25C3E9132B73DD71AE33CA1A44BBB664697BD97
:20D4C000F848A23A932B95BEC40D1E3EBFAC543E931A05BD1D4B453DEC5AD7BD0D7B6ABD13
:20D4E000E41AF0BD344F1FBE5568F43DA50E1D3E396E78BD0702FD3DDC7B2CBEED02353C65
:20D50000290F27BEEC93BBBD4499133DE472593DD07F53BDA1619A3DD20053BED2C48D3C64
:20D52000269674BE344FA23C0B11D73CBC1F863BDD46E13D1909923EA47847BC8F97703EAB
:20D54000A4BD0CBD2E36FD3D1C12B8BD3900433D469BB83D6721BF3D09F0E73DB31E72BD30
:20D56000624F723CA280EFBDE27A02BD263F77BE1CBA2D3E3ABDC93DC6C5F73C6768553D6C
:20D580006B8FD5BC3FE821BD11AFA63B92C1DBBD9B6FDB3D4098843D6423643C2E4C3D3D99
:20D5A000A86A29BD86CAABBCD4DE7FBDF85CA4BD213BCD3D864559BDB38683BD269DA23CB8
:20D5C00032C7E0BD3353793C3A4E72BE8AFE573DA6B062BD54F6E23D856FA83DD9711B3E4C
:20D5E000A2C9153D46BA0C3E847F08BD0D08343EFABA56BBBFBD943DB454AF3DF75AEA3C58
:20D60000ECD00C3E3660383CF699FC3BD00E94BDFFA606BD943341BE61FE0C3EF355B5BC75
:20D62000C09093BB1518983C57BBBCBD71C2D2BCE4F9A5BDDA7F05BD477C2F3E28B9703DE7
:20D640003F419DBDF2E1993D2725F2BD6C0EDC3B0835A1BDB199973C8868253E71EA6C3CAD
:20D66000C80ECABDF3DA1B3E2B104ABDC79B143E102C30BE3694963D2CF3583C65FAB73C65
:20D68000EBF0893D31A4FD3D0CF6903C189A463E3EAE93BDD853553E0FE207BEB393073E9B
:20D6A0003E49333E9E376C3D244D433D061D65BD04F1BE3C7963E8BD873D323D840686BE4D
:20D6C00028AF6A3E2F9782BDF1AA8F3B44624B3DF010BCBC3758773CE4A256BD3E74B1BDC0
:20D6E000172A773E8E2933BDCCAE863A70A7F53DDAC7F5BD888BBD3D24E49EBDB4FEE4BCF5
:20D70000B6532B3E3E3036BDD2BCA5BDE1F4123E6BFF93BD375A383D01BC04BE519CEB3CCE
:20D72000962B113E53E0A1BD980EB4BB6FC03A3DDDA78ABDCCC1303EDB40F0BDD350E63DB9
:20D74000157591BD3929A73DDE069E3D8E6106BC353FB13D1776C6BDFC03B0BC5DD22BBE46
:20D760005BB758BCDCB782BEC877253E27A2E93C42E3613CC925EA3D88B40ABE9158413DDE
:20D780009CF759BC1BA2B1BDE314863E3AD73ABD5255BE3CB2D9DF3D6D769ABD059C2C3D67
:20D7A000AE9483BD5ED7E83B518D723E53BCAABD7193F03C7D0F313DED66A0BDB1AD143D02
:20D7C00003076BBDE5AB943DAD950F3D3CFCF23DEA1B8BBD107DF93D5610FDBDA665213E27
:20D7E000D771F3BD503A2B3EE403A0BD1EB1FE3D7C24ED3D16A4D3BC7508583DEE6B8FBD26
:20D80000D9C18A3CC4BF18BEB8AD2BBDDB8D4EBE11B0573E9E0DBABDDD0FCEBC74E5A83D62
:20D82000928FEBBD90613A3C3F1B963C3C9A01BE2D45903E8EE196BC6110153DB0FEF93D4F
:20D84000815097BDFE7D5E3DC1348BBD5D7E943AA2925A3E3E66C6BD12F5863D0856233D2C
:20D860000165B2BD0E0F283C7F76FDBC3B78673D10B3B3BC0CF03B3D1427DEBC54A002BD1F
:20D88000C5FD5FBD2F76F73D03579EBD9CB6DD3D2C93C5BDB9ACFB3D6F650E3E206622BD4D
:20D8A0005444073E929C71BD222C323DCD9B0EBE4208C43C6D826CBEB09F743E9E1F30BD30
:20D8C000294C113D400A1E3E0790D3BC22EC993BFAC1B4BCC81B52BD9C497E3EA4EA1DBDB1
:20D8E00032919C3D2DC02B3E845F89BD78E0063C3512D6BC2B9BCFBDFBC75C3E4097E9BD6F
:20D90000E6A7B33C7F29B83D2D94CBBD8623BA3C033CBCBDE82068BD92352F3EE3D8F8BD7D
:20D92000A2AB5CBD6AC5EEBD7633BFBC1FC79DBC86A10ABD65E5B83DB8D131BD099C0C3EB1
:20D94000FAE6703EFA75DEBC0227523E1A321FBD0888B73DB6ACB5BD022280BC64D971BE2B
:20D9600051E4913EC042DBBC8889CF3DD9F1A23C6E1D9B3C6155933C941008BDC2703EBEC7
:20D98000A8B3963EB57505BEDF05493D5C0A013E3574B3BC23DD793C1B38E93B9CBBFABD0A
:20D9A000F65E903E801753BE646BFA3DA19124BD2979223C38439ABC9A821D3CE71016BE73
:20D9C000A8C3203E5E34BEBC552381BB5E270F3ECECF563DF67B103D2B7B683D18806EBDF0
:20D9E000E670513EF14F33BE1265DE3D414C76BDAA4DE33DB9E1D2BDEC53F13DC97ABEBD54
:20DA0000ADADF43D86771CBD46F2B63D1F1108BED37FF13D17816DBDBC5BE13D5287943D63
:20DA200052A1DC3D2DBCEA3CCD5B833DC8FBC4BD127BEC3DE8D92CBDBE679A3D170A153DD0
:20DA4000191AEB3C1EDF11BA4474843CB8595CBEA86A383EF8BB3DBEB226133E3533BABDC3
:20DA600026133C3E052598BD26A5823D5991E53CE52CC3BDA186423EE1899ABD7DC1CE3D9D
:20DA80001305AC3D18670EBD2F1BF03D0C37DFBD8A8CAFBB6BD240BD77E2053D94E1A0BDBE
:20DAA000EFE316BD37D5A2BCE721D2BC331DDB3C5A41E7BB851131BB4D33AF3D4934C0BC36
:20DAC00060AF5E3D4D32323D079E9D3C450CAF3AA6AD41BB3D3B8EBDF632273D5BBDDFBDA4
:20DAE0000E64323D2715F9BC7D37AB3DE2D6DFBBC456FB3DDC8189BDC7BBA73D39270CBEE1
:20DB0000BC2FEF3C733A28BD5CA9E33D9CAB1F3ABC7A2ABDD840AEBD2E6EBC3BB1847A3E78
:20DB20005CEB203CCB0BE43D66F9843D8F9C7F3C945AB93CD943553D47C48CBDD2F50A3C53
:20DB4000072D443D442691BDEED0CCBC3A45B33B69A0113C5785E73BC70A53BC6E4349BCBB
:20DB60005E55983D34EC0EBC3E77283C04BDDE3C9D94813D8CF7CD3C4A6995BB35BBC03BD6
:20DB8000F8731D3D1144C43A4E2E8ABC0721753D175501BDC071B7BCB39B5CBDC9CA55BDF7
:20DBA0008C33EFBCA0760BBDD02A4DBDE583933D54D8243C4D07393C9EF2203D934BA63CDF
:20DBC00021AD583D53A7BC3EBB8134BC1CF4D23D29B12B3CAA30A53D6435633D210B663D9E
:20DBE00088F680BCB3F5B0BDFB3072BD91B845BD390070BA124BDCBD7BBCF43C4F758BBDE5
:20DC0000340128BD06326EBD2610CFB9529095BADC8E393DD90FAC3D0F99AD3D852F73BC72
:20DC200001F36EBD5756E4BDA8D34A3D824288BD53AD353DCD7F913AE244703DF3CD073D0C
:20DC4000441495BD15FC48BDF9222B3DA7382FBD9064F1BC60E9013D69443DBB7261393CA1
:20DC6000F5C465BDF09BD7BDDE08FA3DEF12B63E0EDFD23D771F0C3E276DA73D09EB9D3D76
:20DC8000BAE0373DAE5F053E4466AE3DADA9B4BDA309623D8B7214BE0AA30D3C5CC78FBC4C
:20DCA00032856A3D43776E3CEBC3A93D877C12BEAA14D33DAB634FBD8AA58A3BCF3BB43D64
:20DCC0009509CD3CCFB8D13D010D263D3C812BBE4E260D3DAD5639BC493403BD5C82D23D11
:20DCE000D642C13C76C9113D529670BDF1059ABD7E495BBD35EB92BBDA53D0BCA501423DF6
:20DD0000A1925ABCFC0E593D3B60A43D4CFB80BCD789C73DCAE09C3EF801043D826E973D35
:20DD2000066A8F3D5D99333D832C3D3DCF82013DCC3A513CAB48A2BD49710D3CF599A7BDAF
:20DD4000A2BBFE3C885BD3BCBDF75D3C65A7803CEF11A1BD2BE886BD1C5497BC9076B4BDB7
:20DD6000AA5199BC5B71903DB552583D2382863B319A32BE1F7C32BE5876BABC6A9C95BDD6
:20DD8000A6CBF9BCA802223D03C080BD0661703D177528BEFF120EBEDE0D6FBD8C80A2BD6F
:20DDA000836076B9A582623D1804C5BCF512063E9FA54D3B6E1F383D48CEA6BC12B2C73E94
:20DDC0000D0BF2BCFBD41A3E6823A8BCF04FFA3D161BBDBC53819D3DC85D00BE0AEA24BDE1
:20DDE00047B3B6BD466521BE13FBF5BD0C4BCABD466CCCBD13E71ABD45E405BE8DE727BD3E
:20DE0000AB4374BC1A323EBD05BCEEBCBA4C013C1C5C143DDD7B133D71A808BE4DD761BD5D
:20DE200089A1A9BC7BED9CBD6AA33BBDA29F05BD23DB153D2EC46ABC4A7A91BD3376C0BDEA
:20DE40008B63C03D8DEAECBD677E7D3CBE6FC23DAB56B73D04C4063E0BC3183E532A8A3D84
:20DE6000F23290BD8741A53EB0490ABE6847123E924F2ABE36DE413D9840E0BD215DC03C7C
:20DE8000C1F758BEC577BE3BC33443BE5063A6BD9F397EBEE3C598BC3BCB5CBEDC41F2BC76
:20DEA000CD0DA7BE369972BD519B36BEC0F6B4BD41B95BBEC413263C40D722BE80CC0A3D48
:20DEC000838C89BE3FCE8FBDEF8160BE4A5708BE80BF1BBE163B4C3D1FFEEFBDCDE63BBC39
:20DEE00066094CBEB6BE05BE425F9DBDC041CDBDCED020BE34CEE33D2A2A20BE884C293EE1
:20DF0000D5CEB5BAADCE493DC20D1E3A9427503E8609DCBD3681113E0DCB5EBE7B168DBD81
:20DF2000DE4BA1BEC6645BBD1459143E57004C3D2E9E923C3DDFEF3CE3F5EDBDD373D1BD41
:20DF4000D02605BECFFAFCBD6574263EFA9CAEBD681DC2BB6059DC3C1E92AFBDC137B43D70
:20DF6000D8BC15BE3A7AE7BB0849083EE0220EBE33347B3D29F6A1BB7ACF043CE90484BC2F
:20DF80001A8894BDA80F70BD2AF6B43DA92FA7BEE263BB3CF2AC2DBE720C50BDBA64F7BD3A
:20DFA000730792BD173EAABC218BD53DB497003BF9C025BD67AC9D3EE49F9B3BD7AE903D65
:20DFC0007B25D0BD38C602BD9C0C76BE05EA9FBD7974653ED52E1E3E6A8B1B3E4C1BCFBC01
:20DFE0005EEB8F3D43790ABD3851563D27C0DEBDCB8A763E3A0A84BDFA0EA63DC8C249BCE3
:20E0000023BFE43C2A43973CD9632BBD6397CE3CF9687C3EE6D848BED829053E561F80BDC1
:20E02000B7D743BBF67040BD4B38F23CB7CBEBBC26C13C3E65E495BE5A06133D368745BEAA
:20E04000333A2B3DA2282BBD84C7ADBABE75F03CF28E893DCE05BB3DF43DB33C728DB13E09
:20E06000C2550CBDBCA3243E9D870D3C9CE9C0BC968E17BED8A747BDA43C803EDB9D553E6C
:20E080005E680D3E38E0193D9D947D3DA014683C225BE9BCE959CABC7EED813E41CA103C53
:20E0A0008490113EFA7E023C61F4CA3CD9C905BD05F61ABBC197C93C74B97A3E268137BEDA
:20E0C000DB938C3DB716FEBD8AF3F4BC7BF345BD7846C0BD363124BDC897CD3DF9469FBE5C
:20E0E000E73909BD478026BED279EFBD25E316BE88A131BED89FFABDE93B8FBCAE40D1BA8E
:20E10000E798433D140C803E59AA31BD530A383E686349BD6D3C3B3DC3C4EDBD27F10CBD5A
:20E120003343533E8332873E692F073EB4F8313D298DC93D6977C9BCFB7AE93C9334B8BD70
:20E14000E2F96C3E2D25CA3DC6010A3E9B704F3DC3ED233DC7C4F63B33FF8ABD1FE2FCBC3D
:20E160003F188B3E750C52BDFD5AD83D41369EBCE166CABCC36272BD55CD2CBD5CA6ADBD1A
:20E18000352B6D3D0BD350BE55C4B7BBC67CC4BDCDC9CDBD775F07BEC18703BE49E8F1BD98
:20E1A000D78CAC3DC7A6763D0AD489BB4DE47C3EF211A4BD54861B3E0E858FBD14A949BCAE
:20E1C000DE3E34BE732FADBD41751D3EC041443E94FFAD3D1D81C23D353168BC49CF0C3C8D
:20E1E000BB4CCDBBC0A7ADBD37144B3E0CC7C53D6139AB3D9370873D9249D43C3340723DC0
:20E20000CD428ABD5D1D3BBD4D13613E206B09BD3158253D488330BC001722BDCC3E42BD45
:20E2200084F041BD57A931BD3F430A3ED11A07BEAE1861BD3F2198BD0787F7BD034B09BD15
:20E240004CA60EBE3A30ABBCE5C0953ED7809BBC15E113BDB891523EA9988EBDAA42033EB1
:20E260007597F7BD1CE8C5BD791E40BE07791DBE4F63493EA033A03EE3FCCC3DAA53373D25
:20E28000633D613DE23BC23CA3D81C3C43BC66BDB2554D3EFE0D223E6CA0BC3D33D5BF3C2B
:20E2A0007F605B3D503AC83C9D6C52BB885D733CED6A853EB118C03DDF5E1D3ED836DE3B10
:20E2C000797EFF3B932B34BD53BD463C7AD1A7BD56F9F13DB78997BDFBE5023CD09942BD86
:20E2E000E222FABD65F589BD84D999BDD97A94BDD06514BC83A2CBBD0A99B9BAF9D99E3EF6
:20E300008F181C3BC6ADB33D661C89BD49D857BD7C85FABD040903BE80C02A3E43959C3EBF
:20E32000E4920C3EF7E3B63D044CBA3D241ADD3BB6F50B3D7A4DAABD89EA7A3E54E84C3EA1
:20E34000BD57E83DDA529E3D8EEA6A3D3C23C53D56330F3D4B6DD03CB3D7573E7F91DD3D1B
:20E3600078AA863DC762E53AB30D3CBD726B043D5EBD2B3BA1590CBD3329BD3D6C120ABEB9
:20E3800082E08EBD1569FCBD993B0CBEFC21A6BD1FC763BE65DA4CBD82D36A3EE360033CAD
:20E3A000950C08BEF107B93E24ABB0BCCD11C03D6135F2BDD4C0A3BD79A4CCBDC8A787BD5F
:20E3C000AF445D3EABF4973E8095AE3DD532313E505D5F3D9C82023EE676B03DF71F643D1E
:20E3E000A0C6513EA1AA8B3EE213633D1EDFCF3D147F273DE44DBB3DC2CA5B3DE861B63BF8
:20E400008DD35A3EEA1F153EB712123E9E9B273D8834883D47CA293C74FCBF3D8E93B6BCFC
:20E4200003F6E83D301C43BD494F05BDF56E08BD917F21BD5566703D5E1DF3BD2EE4DDBCC4
:20E44000C19A29BE2AFE1DBC21EBCCBD7ADA32BED870713D8947B33DB6C34BBDD896643E59
:20E460000CCE42BEBB5E603E880AE5BC2950EB3D3C4FBDBCC03BDFBCA55AEEBD93B5FEBDF0
:20E48000F6394EBEBDBD95BD13C056BC3AC6EA3DA1AC313E69FB9BBD3AC6103C17488BBDFE
:20E4A000032A79BB7ABA803D55E5C2BD9020C43DF5DE803D7D9D10BE22A1C43D5D6891BD51
:20E4C000ACA1D5B9C8D58BBD50E208BEDE52973D5699A4BC46A01FBEBE5BF2BCF7B221BD20
:20E4E000BBA5BA39A35D863C629C233C9DAE8CBCC33493BD4CCDA7BE8889973D4A39AFBC7F
:20E50000BDBE93BDA9911F3E8F5964BE3DDBC73D5AE0863C07872FBDEF48743D2B4C9ABD47
:20E520006324FCBC46D381BD13AEEDBD37F669BDAEF64E3D7BC9DC3C92CE513EBC4C9FBDA9
:20E5400067C4103E51ED64BDD190D33D315AA03B96E98D3C07A3AF3D2C325A3EE06B91BD9F
:20E5600014B4223EF7FB25BDDAF1C23D1EF38C3CD2F8D2BD8564E03DEEA82F3C2BC018BCDD
:20E580004AFF743C41B4853C62A28D3DA181953DB69C96BB0177B6BD048801BE1FA390BE21
:20E5A000BCA88C3CD9AA4FBD63C8CFBD6D5C283EB2F45DBEDAB85D3EF78095BDC6C76FBC4B
:20E5C00061C95FBC71DC19BEC56E0CBEC7EC8EBDC6DC43BE78DA90BD801C85BD2A7ED83CFB
:20E5E000B11D1F3EDD76F1BD0B50C93DFE46F33CF4738A3D6340D93DD13497BDB9C6213B00
:20E60000B6D7533EE69223BD61F1143E1C9E353D1B22893D0B247F3D731649BEE514C03C41
:20E6200066BE713D063EE13C60F1A93D9C34603D46F1AC3D760A873D4319CABDDD9A72BD16
:20E64000E71BECBC272F1EBE907FF83A7BA0C7BB405353BDB0BF373EE9482FBEC2AB5B3E55
:20E6600058EF1F3D74EEE0BDDBE64ABD36992DBECF1810BED2BE22BE6AC8F5BDD0D584BD87
:20E680001171A6BD98FEDCBDE1A70D3E1FE906BEE701033D9779A9BDD337613D2581913D0D
:20E6A0002D9607BEBD435A3D6FD8143E06F9D3BD081AC73D805086BDB5C1F93D356E9D3CB2
:20E6C000FA0261BE9B6DE13D331C58BD3840A1BD0CE7293CE6CFEC3B46916B3C9E84F43ABD
:20E6E0003F59F7BB1BCDBD3B3050E4BC32FA54BEE3C84ABC754EC8BC266874BDB05D133E7D
:20E70000DB7EF9BD13F6313E069BB5BC0F10FCBC5A957EBD7461E9BDC25927BEE9EC11BE40
:20E72000FB2B2ABE3790B3BD8B53C3BD4DE947BD5D17D23D69B780BDD5952A3D83A07EBDED
:20E7400085A60DBD2F8E62BC156A09BEF2F47D3D86AFBA3D1946DEBD21BEB53D5C2815BDB6
:20E76000F9D2A43DFF0E71BCE2403EBEC948CB3DFB041F3CF14037BDD2DC953CF08B043DC2
:20E780007861C83D826D36BD1678753D5E688CBDE04230BD416360BE450EB53D1236EDBC63
:20E7A00070CFE83CA7F5B13DE5272ABD7A54063E8D43153D9DB963BD4CAB1DBD406EDEBDB5
:20E7C000462699BD0C393ABD3A5522BE58EDFABDB6020A3C0924E23C9767C03DBB0203BE0E
:20E7E00098F60D3EC1691DBD790ECC3C77B5833C9F534EBDAB22D43D791E203EDB7D84BD59
:20E8000025844E3EC92642BDF542C03D88C4D7BCDE2B6BBE1E2A1B3E05BBE9BBA32203BD06
:20E8200033D11B3BA7E75FBD8DA8C13D394D87BDB7B65F3D98DF273E389D05BEFFA5CEBE2A
:20E8400007ECE93BFE743EBD891E123D30B71C3EECAD04BEAE7F493E8B6CAEBD91EB8E3D45
:20E86000E7FFCDBDFE675CBD738820BE8C91CDBC0FF038BE257FB1BCE5CB14BE5345D23DFC
:20E880008CE8573D9CC7233C42FAFCBBBC6A6EBCCDA237BB82E7FD3CCCAA14BE287A2B3E15
:20E8A000C992463DB81AD63B659D063EC2F3A33C5BE11E3D997950BD6A2F82BE2544113E76
:20E8C000706728BDC06FC6BBE9AA9CBC042B8DBA40D76DBD5055D83ADD32C23D5E302A3D70
:20E8E0006B5CB53C4FE0F0BE62B4C33D8BD292BD81B0363D7535AE3D436E91BDB1BD3A3EA3
:20E90000715780BD858D4C3D6E609EBD93E9DCBA1AAEE9BD19E269BD4978E8BD6CC7AEBD89
:20E920004BB120BECC03333DD0E79A3CE8BF6EBDC230973B5EF1343DF3A1C73B70950F3DF4
:20E94000C3F91CBE0C20D33DC3D8833D39A690BDF3ADF23D757B0D3CE359953D884BEBBCCE
:20E96000BDF9A8BEE4ECB8BC8E17DDBD48CDF0BDC061F8BD50FF42BDC186CABD13BA933CA8
:20E98000AA00C13D32606C3D4B973C3E979A333DE31E4A3E9F2DB4BD0696F83DA5E05ABD64
:20E9A000100F1C3DC4D6E4BD1381093E5467CE3E1038D43D21EBA83EEA18233CE5F86F3ECC
:20E9C0001B8B1DBE8B5A2A3D4F27753DCA94B23ECACCB63D29A3573E63020DBD51B7E73DAF
:20E9E00014A70FBE117FCBBDCA86A3BCEA1D6F3E5726223E46DE3C3E555F27BC4989A5BBD0
:20EA00001AF015BEDAD288BDCE46B6BD08F4213E8C29223E7AB1803C8274063DCEBEE6BCE3
:20EA2000DEA112BE82C1A5BD6A11043E132F0A3E736F543DD2CA53BD4076CD3C62A7BEBD39
:20EA40005511DB3D7E1C36BE5B68DC3C66AF2DBEB5B2933D9E0C983EE47AD73D1BC58F3EF9
:20EA60000BE342BD99BBF63D596EB3BD17119BBD9ACC473D5D7B8B3E8E952C3E048D543E30
:20EA8000697356BC28CD543DED8C80BDE5AC84BD4027B3BC4E55213EED253C3E25CAD03D1A
:20EAA000E48443BC4033DC3CE3961BBE0C594ABDB7A612BED5A8503D5E24703E1EBDCEBCDA
:20EAC0005A41D23D2B8E45BD32EBFEBDB121EBBDBDDC1A3C1476F33DDBA5DD3DE0B1E4BD0A
:20EAE000CD560F3ED5772DBE56B7B63D873143BE4D22B63D332265BE8CD5CC3D16558F3D3B
:20EB0000576E413E8D561D3E1009B13DEC12F63DCF4174BDFC7459BB722A5ABC10B8B93D06
:20EB2000F0293C3E8D03043E9C0B963C222DD23CFAF9DCBD017884BDACC92DBE5DBFCE3DCD
:20EB40001705863EEF17F33D9605233D2DB9623C2D916DBDEC00B1BCE3E06CBE023BDDBC1C
:20EB6000AAAE1A3EE22A813CD49E2B3DD5C7333C27294ABEF270E9BD4C19A63C08A5B63CF1
:20EB8000922E033E5CCFDB3D425BD43D4592013ED240A43DA287253DBA594A3DA4DD1BBDFC
:20EBA000B3BC173EF3FA343D6F6F013E956D103E75989FBC5C0AB33DC386A6BDE52F863D85
:20EBC000DB46FF3CDCD1ABBDF028F93D7D68A73D2E1AC4BBA1E75C3D75C3283CFE136E3C6E
:20EBE000D58148BD08210EBE95632D3E21E2553D5DD4CF3D6232163D93FE55BB2A6DD03C65
:20EC00007D3A4BBEF21186BE12A8093E6265BEBD71EEC23C6D065ABD630C09BDE5E5653D22
:20EC2000D2AF693DDBC97DBDFFF7EC3D46E40BBD382E143EC5FF163AF9CF853D660E84BCB4
:20EC40009EEC4B3C1B491BBED5E3C13D7143F73CF7D4113DE1349F3DA71D91BCD7649E3D98
:20EC6000428649BE519E80BD27E03F3DC286FD3AD9AB073E7396813D8A9B063C354ABC3D28
:20EC8000A434D2BD12380FBD2B3218BE8BEAD2BDC536123EEF89653D1CD502BCE9159D3DD4
:20ECA000D87911BED752CC398B4A62BE0CEA52BE18511C3E86177FBD9A680F3CFFA976BD47
:20ECC000FD7939BDC722E3BCF429E0BD21183C3E3C9EE63DB2C1D53D590F113E4F9D243E4C
:20ECE000203A193D8491FDBB6A87CBBCD85FC5BB3EAF5C3DDC37433C2BADBC3D4DCBD8BAD5
:20ED000083E0A0BD36C67B3DDC1A7DBEFC95C6BDFA384D3DED4A63BDA121DC3DFDD426BD98
:20ED20007832C2BD022AF8BC257439BE591422BD722610BD4D224EBE2AD0373E022F3CBC76
:20ED40001CD2033D0295CDBB5333E7BD16CC7FBDFE693BBE8D7FA7BEBD423C3E929DE5BD03
:20ED6000C260C13DC296CFBD43AF183C1EB228BEAD453CBD20027F3D82D2C83DE7C84EBCB8
:20ED80009DDA953D8BDF0E3EE79E353DE8A5213EB888A83CDC15053E81A9FC3CFDAF813D6D
:20EDA000046B45BC2AFE113EBC3C37BE75405C3DFA1468BEBBD94BBDBBEB1CBC342D653BE2
:20EDC000AA98CF3D1BAB563DD4D324BDECB7C03C064B67BEA01518BDEEC431BC6CE5CBBDED
:20EDE000216E8B3EE758A13CDD6D1C3DF89F0EBBA45072BDBF0C2DBE89956EBC44A48FBE46
:20EE00008A73CF3E7E9F48BE85EC7D3E3D1B57BEA488003E3EBF82BE539F583CEA0979BDD6
:20EE20002EA8103ECA82A8BDE473E73D91BE1CBD3E97753D47043B3D61A174BC5C7C993C31
:20EE4000F624763DB3D9023E2E96993A2ACF583EEC0B44BEDB0D823D9B3DB8BE7DE4C3BD24
:20EE6000D59913BDB85A933D887DAC3D00C3183EA568DBBD3B46813D088A87BE7D945FBD83
:20EE80008273D1BDEE4C9FBD896C383E669922BB966696BCF6D0C2BD6DEDAEBDE7AD31BE37
:20EEA000B76506BE9B1F95BED8586C3EF76183BE945E413E3E908EBEC48FEF3D7806CFBEDD
:20EEC0002BD247BECDD6FA3D39BCD53D4B702CBE771A333DFE7D65BDA62E063E03F89BBDA1
:20EEE000064DC03DA38397BD8EF3793CA51C953DC366D13C3E3B21BE57E286BD1EDE4FBE6C
:20EF0000A9E7A3BD3DD506BEFA3D0C3DF9CAAC3D7EEA113DB69C98BD691D5ABD8BE6E6BCF2
:20EF20002EF132BE00E3143DAB17A9BBE078463DA6B8FE3C8606B8BC840D53BDC0D88A3DF5
:20EF40003FFE6ABD7B7D113EF41B51BD606509BE87B1903DFF8935BE4ECEAA3D20B7F4BD52
:20EF6000FE97813B98D251BD4A0D7C3DC0D198BD2442EB3C18B585BD4E23A23D2F98B6BDAC
:20EF8000E6381B3D8D8358BCD4A88A3C3D8C06BEDD72C9BC9970A43D5C08ACBD94526ABE6F
:20EFA00056CB86BDA98E3FBE7161E1BD5A3DC9BDF89097BC1D46A93D4005C0BC7112A6BD61
:20EFC00016142EBDD1C3073DE9DD4DBD6303BB3D62DF80BD2544DC3C2844083EC3B2E3BC51
:20EFE00080C59B3ACEB8F13D6740D73BEE161B3E04B5F03BB04411BDF852513EEED40BBE23
:20F00000649C2A3EBEB1063D75DCAB3D1F41273DBE9CD83CA6CBB53D9FC3B83D05D2953D08
:20F02000341AA83D3363A73D8C6FBC3D7CDD0C3DA906E7BBF96DB6BC52003EBD31A219BD6E
:20F0400008D1443A2FED66BEE1EB80BD6B7401BE54CB93BABE3CE7BAA2B67ABD5C43F23C0F
:20F060005B27543DCAD606BE5E63313D7067F53DCF11C7BAB2A75E3EDC1E12BED9CB84BDDC
:20F080003434983DA52D00BDC1FC8A3DE130203E16C8EDBCF863843E41D16FBDE1B921BE56
:20F0A00077C9B93D40932EBEB92D4E3D815DBC3C90872EBD09B71D3EE4F909BDDEDDADBD2F
:20F0C000B4D07D3D12B63C3E2E2BC4BCFEA00F3E20816EBD179BAA3D5B3AE6BC62AEAD3D56
:20F0E000868FD33CFA4217BD1B69E0BCD16F7FBE4F9EB8BCBEB12EBE0CCE0BBDAD6FA33CE6
:20F1000009EF29BDCE7B47BC665B833DE0571FBE953DEE3CE08DA83DDDE967BC88001F3E14
:20F12000CAF477BC0B72CEBDFF7DAF3DD08913BE8583213D00A19C3DCA8F863D8E68F23D23
:20F14000DD64C8BCB3CD24BE64D10F3E998C66BE74A2B53DB32D15BE2DDFE93C5875E0BC68
:20F1600056E4943DA66531BED04205BD9AC8293E1B6F0DBD55FC143EC8DD04BED3959D3D4D
:20F1800010B9DBBDB9CB933C4E854D3C6ED4123D0F98A1BD119235BED37309BED10E04BE85
:20F1A000E2E335BE8C5DA9BC7E4D8BBD709E623C7660BBBDCED299BD8334C2BDB9385E3D84
:20F1C0008D0F35BE7F44753E04B7FABD0198EB3CD928483C709B3ABDF43A5EBD049EE03D69
:20F1E000327D0EBC03F5133EDA4450BDDB1B3BBE4669BF3D7F2F39BE482FB33D430DC7BDA8
:20F20000EBD49DBCF88F093DB6FB463DE924343C39E7883C41D8E43D30D0F9BCF289843C4A
:20F2200022EF2DBD5D384A3B0477A4BB5EEC773D0DD1D13D72A627BDA3EA333D27363ABEA7
:20F2400050F10BBDFAFD9DBD59C29EBC3D6E36BDF418273CC9521ABD2980EB3D9DF100BEC3
:20F26000547FAC3C14E34B3D89330CBD54C4473E264C7E3D41EC74BD47DABD3D2FE9B7BD00
:20F280006425803D6851D33DFD53DF3DB6F6D63DF1C93CBDE8D448BEA89E8E3DE40024BEE8
:20F2A000549E2C3DF7EE90BD776AF63C3CBB81BD19F432BE13EF7F3D74ED0ABDBB80CBBDD3
:20F2C000C25D55BC5BCD7EBD7EA4B2BC1069C0BD731CE43CF47EF2BC00056CBDD0F34E3EC9
:20F2E0007F4908BC269F8BBD82459DBDE6B481BD012A00BD5828F0BC9C4E22BDEC6B813E89
:20F30000910F48BC9B486EBDA09C4EBD898BB13B46E6FDBDEFAABE3D015C183C71C45E3EF8
:20F3200084EA4B3D5A12413CAB3C0A3D0AC8123DA42AACBD4F89783DA69D2EBC6EF4863D89
:20F34000D4581D3EBFFB17BE3769323DA70CC1BC16A4673C392DABBC8171E53DB7C1A83CBE
:20F3600093779F3E436783BE449D1F3E2B3CD8BD08C3413EC4BD06BC7049EB3D98FB15BDAE
:20F3800075ADA83DEEDBAD3E24CD1F3E13F63A3D93811E3EC226C43CDF8B173E5E0BCC3D5B
:20F3A0006BB1233C17A9D33E837BBF3DDF7DD53D9721C33DE342CD3D36719B3CFC0C3D3EB1
:20F3C00006DBD4BDD742E23E705C3A3D36ED7E3D7929023DC6A3C63DE7D878BD02CF323EDF
:20F3E000EF0B1CBED97C563E24CBEEBDD10C053D098BA2BD9006FF3D8EC54BBE6B79CB3D8A
:20F400009D098B3D65C504BCC123F53DE941FB3C425FE03D9D4F9D3C31180D3E928F193B91
:20F42000207B373E5557BABCF83F613DC0B3B33D9F3F143D912D71BDBB11C03D651ABE3B06
:20F440007719B13D4D04ED3D5E710BBBE1E2CA3DC15BE9BCD6D6ECBD467933BD36584EBCF7
:20F46000819BEBBD123A323E42888D3DB1D451BD889013BDF4011CBE8FC8F3BD204FA3BC59
:20F48000A7BEB2BD3948DE3D6B50513D0896B0BD0A2364BBA5728CBEFCC8943AD94218BE78
:20F4A00073089BBD687CC8BD181D413E63146FBD5639EABC2F32143EE94CA6BC2AFA38BA24
:20F4C0001C1D94BC7A96C5BDC809843D6583A5BDE597A03AF03BA33D4416323CD4AB12BEBD
:20F4E0005B55B0BABEC535BD5F2BD5BBCDB8CB3CE4B5D73BD74FE33D47296FBD10C42BBE8D
:20F500001BE610BDB793063D972BE5BDA14DDF3DEB67D9BC92A8A03C5E0920B9EDD625BE3F
:20F5200022EBADBD3F215FBCBFE1AFBD5F78C53DB8DED43D7BB083BDA24DFB3C23209BBE20
:20F5400006E195BDE5AED3BDA631DDBD9D5960BDD062FD3D747C7CBD5DF98CBDDD06603E16
:20F56000946D79BDD672EA3D5597813CA0A6793D5D3CFDBC9F9F9C3D72D91DBD9DD4EF3D15
:20F58000E7E362BCEC34E8BDCCDB4CBDBF4687BDCFD112BC28972A3DDD6BA53C1A41523D1E
:20F5A000D9FE9CBD2978CBBD232EB3BDF911BABDE7E2CCBDDF4F693D569E8E3D1261E3BCB9
:20F5C00031E0993D4C3B70BEEA07A53C9A63EEBDBFB786BD78902BBD61B6403EA35CAEBD6D
:20F5E0004A3ED43D68E7C2BEE6E4293DEE6079BECE5D2CBCB21958BE05934FBD0C428B3A43
:20F60000168D443C6456563E8CC58A3C2ED3563E4A4C9D3D97B7A53DF0DFDD3DA4E83D3E3D
:20F6200019B1C73D811CE43D1EAF813B490D10BCA19E133D9509503DA9E5483D983C4E3C68
:20F64000F315CE3DAE77E33D3BEF583D61F88ABDF10ED7BD1723CB3D165BB5BD379A983D95
:20F66000F31C293ED72BB73D46F9CC3CF94AC1BDF767CEBCAC56523C4C147EBCABE2503DEA
:20F68000E296DE3D02A45BBC4620413DFBAAB1BD014848BDA6163ABDB692E6BA223180BDAA
:20F6A0007381C7BD919250BCD55B4E3EB19F7C3E956D6B3D02239B3DF650B53DBA31D43D02
:20F6C0004B62E63C12FC423E0A5E413E838ED73D63AF223ED22106BE9A61AF3D72D3ADBC03
:20F6E00023D8E03D904A0E3C9A00733ED7C8B23B963F9A3C061C54BD859F96BDB357A73DB4
:20F700002DA1CFBC2716813CB3B1F33D30CFCC3DB2E20C3CFE3795BDC52563BDBBC8D0BC7E
:20F720008BD41DBC392EA7BDD915093EA983213C66A31BBCEE82FABDC0B804BDF97203BC9E
:20F7400057F5143BB2FADDBDB812373CC073C43D2EE9823EEBE9283ED08B8F3D7904AD3DB8
:20F7600003D3D83D90544D3D594E813DDE1DC23DA3402F3E19ADC13C5998C33D6F49E6BD72
:20F780004CCA0E3EEA90D1BC222D633D8B03593D6EF81A3E8265393D5E8F27BC49D2F5BD35
:20F7A000D879FC3C51013EBC3B72563CB68D91BC6FA1E53D1D40B8BC10E05F3DC5BAA8BD32
:20F7C000D94388BD5F2B99BD419086BDE11902BD4E34863D648A6FBD4BE7D33C4BFDABBDCB
:20F7E000704B88BBF4F7383DB1EA92BDA08D6CBC801A13BEE7375CBD094E163EC5BD043E5B
:20F800006DC0BABC1834EC3C344566BD0288E83C021A80BD2D7DB93DA15DA03C5D6DF33ABD
:20F82000421FE43C92BB14BE1111C33C1E8071BD035FC83B520B013D5B48EE3DCF8ABFBC99
:20F840009D5705BD94ABE2BDC912B5BDD0EF6E3DEC89993CB7BE1D3CCB5EF13D3D7489BDF7
:20F860008F64A8BCF48212BEF77466BD108D653C6ABFB7BC4B358E3C507E183EAEDC11BEBC
:20F8800092D2033DDEC733BE398AC5BCF318D0BC2A8C523DB7E4A3BD4D82813EEAA097BBA9
:20F8A000D4612E3EDE6E6E3DA6D1423B62E5FCBDD6FE46BCCFE52CBED79FADBC6FEFB8BD96
:20F8C000292DD9BC694F683D1BAB0EBD9F6EDABDDD4226BDBF8CC4BD588B1EBCF63E88BCA8
:20F8E000F5E73E3DF4FD453D3A55BDBDE79352BD17FAB2BD4628EABC25CB9A3C04E2B13D7E
:20F90000345E903D19726FBD7D4A3C3D1C4622BE7334FD3BEB57293DAB72E13CE5D9CD3CC7
:20F92000E5761E3E46AE63BE9239A23C8269A4BE35CE673D85E240BE0C97333D447A90BDDB
:20F94000CA6FED3CB5E1763D25DB193DEDB0C23E034335BD9ECBA83E08F0503B2941393E1E
:20F960000EEC2E3D7F25E93DECDF82BC5E33863E99E3DFBCB440B93D07BE54BD5EE10E3C9A
:20F98000B5D2D13CBF05BCBDE4F7BFBDA9D7453E51B7C3BBA2B43C3D52B7273DB28D3B3DC3
:20F9A000460A983D006388BDB518BEBD2590883E8ED0013CFDB8D93D5613923DEE3146BDF7
:20F9C0005285AC3DE67DD8BDD0B926BD9DFA1E3E61D518BD2735383C16BC9F3D0C361CBD6C
:20F9E0005C254E3E43D4DDBD70FDDFBDA6DEAB3DFB39033DB5E1B93EB85A993D8495903E04
:20FA00009744E93D3A79143EC7F98C3D10DDC43D8CEAFDBBEB22153E3ADD27BDA9910C3C5E
:20FA200034F37EBC4E8D8FBDF706F23A3A51A9BD8278F4BC9A7C783DC1FC55BCBF42173D8C
:20FA40001EF5953D098A8F3C2B7F663DF91C9BBC789594BC01FF8C3DFB480CBDDE5A6C3A9A
:20FA60005088C43DE6843DBD51AAFB3DF44B3DBC58F1FC3BE810A73DF965573DA4DC83BDD0
:20FA80005ECDB33D716BCFBDFD40203E2A6D45BD5EE3F93C98710B3DBE84A9BDD2ED283E1B
:20FAA000F826923C9007173EF0C3D4BC819BE73D705DBE3C90938D3D11CD04BE77D5B63D58
:20FAC00016D705BE14D646BDFD9695BDEBF9A4BC0B8C1EBDAA14EBBC127D09BE2C2EA33DF9
:20FAE000AE48E1BD80A6BB3B7761053D597BAD3D5D41703A5748DF3CD74894BDC416C83D2D
:20FB00004202F0BDD770B63D28104ABDD0DB7C3D9152DC3D8C283E3C243A9EBCCC4F1F3EBD
:20FB200088797CBC2CCD6F3D6855D0BBD951223BC3F89A3DD22F6C3D51E9C03CAFE1623C78
:20FB4000C33AA2BD54F9063E321401BD3702673D1943EFBB85FBD43D341B353D3A0FBB3C3F
:20FB6000016D5DBD6E287BBDF918EABDE7521CBE249ED8BC005C17BE5B2CC03C89122BBED6
:20FB80003979BEBD1D96673DC74AD5BD35C055BB9CC42F3DD07E9EBDE6ED6C3D268BE8BDF2
:20FBA000435EE6BBFAEBFC3C49799ABDD1AB1EBC0CA1A43CCF9348BC8039BD3B9CE4C3BDD3
:20FBC000FEEB19BBCFACA43D5C431EBCA208B93DC012433DAD2BAC3C5842173E9E0161BB37
:20FBE000870B1C3C9CACEFBD6080B0BC7A52B3BC2BE8853C23FF6B3CD483043D40B99D3D98
:20FC0000FBD3A13D7642BC3D6A3D6C3D845992BD6CCA4DBD2A6A5EBD2917AF3D2ADF1BBD0F
:20FC200021AAE73CA04024BE4F4B80B98A088DBCC2B06BBC487FBE3DDC13843D96EAA33DFB
:20FC40001939163E201B163D96FB6DBD2F10053EEA93563C4257213DB41F573CBA0BCF3DF6
:20FC60003053CB3D8154EABB6E7F04BD951E893DD85F17BC42091B3E48455B3C77F8DE3DFC
:20FC8000E5D7A03C6E334D3D41290F3E9431D0BC0DA6BB3D1FB48F3D83F1D03C9C23743D5F
:20FCA000063C103E6CBA263E393FD23D56C2FB3D0994DF3D70C0CEBD6D7990BD9654CCBD39
:20FCC00048153ABC9287B1BD6DB5993D2C3409BE7970F83CC70580BDEEBD58BD385F483D29
:20FCE0007657A73DF4C5ACBBBE59EE3DF8529EBA7027DCBCFC06983C9496EFBD695DBC3CB6
:20FD00002216E73CA01D17BC5C32C13D7247B2BDBF37A2BDA4A43F3D046B14BE7A64BC3D13
:20FD200082FF50BD75D59A3C01B3C5BC9F7F0DBC1D661FBD35FC06BE890F1FBEF2B98A3BC0
:20FD4000DA1C6EBD740712BAAB5646BD594AB53D0D9EA8BDD0FBA53D00D25FBDE87FEFBDE4
:20FD60005759B6BD21B924BE2A3756BD252516BED79CD8BCDB3A1FBE6BA212BD5583AABDFE
:20FD8000485D5EBC6B551C3D8A9D81BC7E5D7E3C2A62AE3DD44812BDC7455DBDD4B45CBD69
:20FDA000E6BF7EBDB672D63B7CD0DD3B8C58CD3BC2A7D33D91D4ABBB578405BEB6FE93BDF4
:20FDC00032D4C3BDBCF35B3DBA75ADBD3F794D3DB6E8773CD896F9BC2806D13B07ECC9BC55
:20FDE000FE2AD5BD8B2D183EE174A5BD7D85AC3D2FEA7EBD78E0A43D56447ABD0976DB3DA4
:20FE000009B888BC0743D2BD17D5D0BD61011EBECDEE0CBDCFAE21BE9837D2BCB74365BEF3
:20FE20007B6BD6BD5F0710BE8A4A81BD2F728FBCD9B82FBD1412DABC1FD87C3CC961D4BD74
:20FE40005B473DBE09A10BBEBD40E3BDABE2ABBC123D8DBD16BDE2BD072AFABA23B521BE5A
:20FE6000FD1457BE758652BE28B832BEFD6922BE9664D6BD057527BEEA6B6D3C4F840EBEB2
:20FE80005715AABC748C8A3D335E1DBDC0B9DA3D5D9920BB023C32BD3E2803BD520827BE6B
:20FEA000675D58BE6F5FDABDA18BAFBD61E104BD16DBB5BC196DF5BC168F51BC5C27E33D7A
:20FEC0006EADF5BDB7605D3E6B0744BE71F117BE7905CFBDBCDE6A3D736D13BDBFE4FD3D20
:20FEE000BD8601BD5489233E550F7ABE735221BE4DC4AABD4691C1BDBF8B96BD4A622F3D01
:20FF0000AA8901BDD340F33C299171BE0653B6BE561B03BEDC628FBE1DD336BDC2FD2FBEAC
:20FF20002D0719BD0444FEBD011FB83C7802033B50354FBDF4EEFD3D7666F8BC489645BCCC
:20FF40000D1483BDF925DABD58E911BE7B4A3ABEFBDFEDBDBA15BF3D1832D73BC8C1223D2B
:20FF60001529473D834D243D890394BD6BAF933D623E11BE024619BD75952A3A3A6D94BCD5
:20FF8000583E123E2104533C98AA283E37A0AA3DB9D2F3BD0BE326BE644CB6BD9DD370BD94
:20FFA000AC54923DFC4A64BD73BF353E990430BD3DC730BE307A81BE8BE584BDB10488BE55
:20FFC000A900923D85BB1BBEF70A613E730CD3BDD679A23A3C783EBDFA49953BB7AE263E2B
:20FFE0009CFF693C8B12673DD49C86BC416E49BED2BCB9BD83DC6CBDDFE40EBED20E293EB6
:0200000470A2E8
:200000005CA98CBDB0BF4B3D59CB213C98F9BC3C22DA5EBD57CBDB3DDC5367BE29D7003DAF
:200020006BA52C3C7170A43C2D9FB33D334DAE3DDF12953D3E73303D5C7076BE8359B4BD32
:20004000395DE9BDEB8633BD978D3C3D9E6E7EBD8DD1073EDDEEF93A7E5180BE1B4995BEBA
:20006000C2C60CBEA5BAAABE4C8B38BD5BEA82BE41D41E3D44267ABECBB6FABC0819A23CCE
:20008000396495BD5A08643E7C9F29BD3CD5C73D15CD86BDC6611CBD42D88DBDC93189BC8F
:2000A00001023CBEF9D6A53D51F815BD39F0AE3DEBE51ABC34AEEE3C710F3FBD89A8DF3DE8
:2000C000ADDE3FBEF08C553D3A104DBD3E0E493DF0DA4C3D34A87D3D3568553DB916FF3D41
:2000E000FF1522BE556A66BD0AB191BDDA7E0BBD3965FF3C0A0B8D3D51E01D3D78E32F3DF7
:20010000EEF63CBE690D62BE2A82F9BD9BEF64BE77E684BCE81BB5BD783C803DBC0AD4BD83
:20012000A892743DFC9C303C1658B9BBF9558B3E422DFB3CDB1982BC609131BDEBB68BBD37
:20014000395F5CBDFAB119BEF9DF6BBD7AF9F43D686DE43645BB9A3D4E8B9F3C6ABC693D82
:200160004433653D65A18A3DFE22BFBD338C8F3DD8C4543CEB6774BD30FBA03D03E0063D95
:2001800058BE1A3EAF1B543DC4CE25BE0BB693BD6487403CBE93A9BD28E6873DFF9B1FBCAB
:2001A000486F503DC53A62BD9A7648BECF8033BE2E27C7BDCA1275BE35E282BDA979BCBDAE
:2001C0000DE6173BBC3037BE0333323EE1AB203DC49C3ABECBF4853EC7101EBEA8771C3D65
:2001E00072C614BE56BBDEBDBEC713BE11EC25BD4D4378BE3FADF43DDA9122BE93CA003D4C
:2002000099A5A5BD42CF693DD65881BC04CB2D3E96CF58BE2BE3B03C8623473BF76241BCEC
:20022000CF422B3DFF2E983DC897583DC0426D3DB92335BE8EFDA9BC71F8B1BD0FA380BD1E
:20024000A0017E3DC75B043DEB624D3D64719B3C35C1D0BD37D0D9BD54791BBD538E35BEC3
:2002600062E10F3D93B02ABE11A9C63DAFB2ECBD03AC803D7BBD00BC70D605BDF1813A3EAB
:2002800043232CBD51F21ABD0D85093C36DF4DBE1669E6BCA1091ABE4681D3BD8252B43D3F
:2002A000DF75733C92D55E3B0F0EC03D051023BDB256963DBC9E5C3D101BFFBD489E25BCB0
:2002C000B9FE52B9F14D57BD100ED63D655952BC3E433A3E46DC643DD39AF6BDECE041BD67
:2002E000C30CADBDA75B8EBDA773A23C1372B13CCB36DB3DEA4240BD3090AABDD16420BE92
:20030000DF42C5BD82686ABE41A1D9BC7FADB3BD8F77BABA8F7A27BEEC3E213D61B35DBDF7
:20032000A21617BE319B883ECC8335BE161C743CAB04AABD582712BE1A51E0BDE386A9BD3E
:20034000C3D806BE8D3FE23D35EE25BD05B1C13DB5B5E03C135B0E3D5456353D89973D3DA5
:2003600036DE1DBD6D3B323DC34B823C0FD2863D0EFD2DBCBC2FDA3D4B297E3D71B9BE3DBE
:20038000086FF43CBD8802BD6A4659BD3D209EBD962A523CF15B133DC8D1683C20D3783D65
:2003A000CC0793BD960275BE66008FBD104954BE01E478BDCA850FBE0BB50EBDD8171DBEA7
:2003C0004CCFCE3D38CAA5BD4580A4BC2A78943EEEA259BD1BF70B3E8DFDB53BF12062BD4F
:2003E000F206103EFA770DBE2B0106BE29F323BB97BDCB3CE666AEBC3DE1B53D9FDFB0BD85
:20040000AB845D3E604FB8BDE31A22BE6FD73FBEAEFA833CC84E57BDCDC1243E092D783C63
:20042000CF99013E58AFF7BD7B494BBEA73367BE5E8C9DBD7ADADCBDD7C48A3D1CB5B3BDBA
:20044000978E543D943E6ABD492693BD39DE3ABEE62CD4BD33400ABEFF5BB83A52C0DABD4C
:20046000CD34E53D530B08BEB919843DD867B33D8F788A3D06E3AD3E56B4323D95BB5B3E6F
:200480008179A23DD3F0873D0366E13DC03B7ABC06891BBE4947973D632799BC22FED83D64
:2004A00030734C3D092A48BBBACD2D3E3EF697BDAF4C66BE3F87A8BD32D841BDF1DB603DA5
:2004C000C0386F3DFAA8B8BC892DBC3D171D9CBCE88D79BE18EA3FBE392812BE35AD043D28
:2004E00084C9A6BD545B0CBD73B1E83C9BD8BABDF1F73FBE8CDCF2BD62FD46BEE8A0C3BD3B
:20050000572FFEBD8566B03A05B9073CC0B8CCBCC7EC98BBE0BF64BD4B0DCD3D20BF803EFF
:200520002E17B8BDDC1C6C3E972E963C700D433DE47F1EBC4B25C3BB91D054BEFF956E3EED
:200540006E88D2BDF2DE073EF7FD273D6ABA173D08C4463DF56F78BD4501A3BEFA10F33C69
:20056000EE58E5BDB111103E267DA03D58F02B3D4AF5913D6C8990BDF3354DBE89A7ADBD37
:2005800095EEECBD1A87AB3C045A97BBE8F264BD7BE4BC3D443D7DBD40E089BD2EF90EBE90
:2005A00009C515BBA2B62FBD6F43873D1E848A3CA620D33D5EB203BC4A27783CFF35853DBB
:2005C0001DC1673D48B7B33E3E2B8FBD9BE3473EFD6E2CBD5067DFBA45DC803DE75A9EBCD4
:2005E000503A6DBEDBF8793E20A9D8BDE6B21D3E7339813DC6C9793D899A2D3D43924FBD4E
:200600005D71BBBE8E7F393D4BCB01BD2C98B63DAB368BBB23199A3C53CF913D0C5FC2BD72
:200620008A7A85BE662307BDFDB00EBEEC61553DAA8832BD48AEA13C2ABC583DFE8184BD9F
:200640001564D1BDD634D7BD99AFB6BD6686F73C9F0E5C3D88F93FBC363AF93D23D051BDB2
:2006600050CC1A3C6664ECBDCDDAFE3CCB8C903EB6A67B3D97312E3E3AB6BA3C9D1A8C3CE2
:200680005BEEDC3DCFF4973B843270BE11C16E3E487156BD6F8A063E977D6A3CE76610BD24
:2006A000E522ED3D62C2B3BD94A49DBECEEC943DC79028BD73D9CA3DBC088D3D350CE7BB57
:2006C000FAEC1D3D5361BCBDEF1A98BE700F23BDDFCC25BEEF8FB9BC9A168BBB7B1BEFBC37
:2006E000E4152CBCDE8840BD34411DBE5A25A4BD1CD502BE2E0749BD50AEA13C0C1EA4BB36
:20070000EDEF023D1730CABD9E66DC3DE0ADC6BDA148C9BC79D4B83EF188523D03364A3E49
:20072000F165813D0EEB303D5C21CE3DA8E53C3DF614A9BE6955483E7213DABD6016C03D6D
:200740004D8BDFBCA694EE3C63F6583D3F9C08BDFD76AFBEFEA8A13C5A90EABD901FEB3D69
:2007600003F0833DCDA7AF3B8E4CCB3D91FA1C3CB67881BE2324C5BDE51BFCBD04916C3D76
:200780009B4CFE3C7612C23CDE3732BC34E619BDBC9CB4BD9122D4BD2EB1A6BCE7754FBD09
:2007A00054CD263D52F5F6BC76CE063E2E68983CC47F123E1EF0CB3CAC5573BDE88CCF3E70
:2007C00078C846BDD3A1623EBD3A693D7021AC3D847D843DC97E31BA07F08BBE9098273EEA
:2007E000B8820ABE0A2CB63D41ACB1BCD8EFC13CA58881BDAA80403C438EB8BE6050C93CA3
:20080000EDBD1ABE19E7293DE5C3E83CC52A623DAB6994BD23E28C3DBE5585BED9960BBED5
:20082000F57841BE0FF714BD8BDF9FBDDE75203D0393B1BDC4BA98BC9FE6CDBD4FBB33BE1F
:20084000371360BC75EC283D9EDBFE3D5D2C9A3D904C223EB808CC3D2C11B5BD9578A83EB1
:200860000C79CABD322F143FFF2BC7BD240DA23EBA14933CF06C373DFE3B903DD9B6B1BC8A
:20088000B5FFA8BE774DA83D2EEEFFBDE0632D3DCA6883BDF640813CBF25B5BD8F89A3BCDE
:2008A00040FFB5BE333C0ABD3F7B16BE32D22F3B8D0C8ABDEF83D73CC20487BDB9B5513DE9
:2008C000491495BE35A73EBEF10ADCBD5EAB83BDB44E65BC89C6373D2F76F1BC675E9A3DDF
:2008E000320E2EBE2C0251BE16B0CBBA892D14BD79D04D3D9CE6453D73B6B63D93AB813DCE
:20090000D22F07BE715E113E9FBFAABEAA416B3E3F7C7DBEC554763ED4FB41BEF401933E42
:200920002C9864BE556B603E0F501BBDC7B0F63D12D157BDE1DAA73D2D26ED3CBE296E3DEE
:2009400042DCC03DB2F3433C449E3C3BC48B773DDCBEDDBC61981A3E44F0283D841FD83D27
:20096000088F163E7A07093D65A5BF3C8483B5BBD2CD89BC75B5533D087CED3D91B9DA3D9C
:2009800009C06A3EEAEB383DEA78463CCE0989BD9962ABBC7938933C9FF26D3C7DE90D3CD0
:2009A000803FE83D6ACB4CBD3E8A913DD59E9D3DD7E986BEC9B0513EEBB7CBBD2DB0023EDF
:2009C000814715BE78B2F33DB1B33EBEF306C93D47F32EBD5E028EBDE27730BD84B1B43C88
:2009E0006E9F0CBD381719BCCD8F82BBC06A54BD894BB03AD56F73BD77023EBDA5554E3DFE
:200A0000588DDB3C2F4A1B3DA33D733D68328DBDAA90EA3B85C3A3BD3D61ABBD2A26AA3D51
:200A2000E8BB423D24DE7D3DA5EF8D3D897982BD59DEEABDC4B8B8BC3BFF3CBE089E8D3DC7
:200A4000B94779BD142E19BDD110433D1A4B10BC913F02BE49003CBE0B5982BE2EE589BDE6
:200A600004471CBE6DF6FC3CAA8B0EBE814D843DA36222BEB26EAE3DF80519BD47A2A2BD1B
:200A800022AD18BDF6FED5BC9DFC303AC6AE96BDAFED273DF1F50DBEDA21483D0F242DBD15
:200AA0004727783C2E03EF3CFD94213D628DBA3CCB31943DFC87BA3AA3A1BE3DEC7B2D3C91
:200AC000767627BD1DC3CA3D6604DC3D4379D73BC9E74B3E0B6DC9BC54CD9CBD52263ABBF1
:200AE000C94221BECBB4BB3B5865E83C50F58EBA46FCC73DE00259BD047F8DBD79F4003C75
:200B0000E7620ABEA10C13BD02170FBEB5F6B6BC3BC5D8BDABD59A3DC8BB23BE74AE4A3C4C
:200B20000DDDB93C4FB178BD19E7A9BD2258EA3BD6C971BDA2970BBD82DEFC3C37C80EBE6B
:200B4000BF7B0DBDD4AF27BD04C458BD9A34143CFD15433D9E7C063DC9619B3D2B6DDEBC0C
:200B6000711876BD2FFD7CBB01F602BEDF96583D1744513D5D8B963DDC09913D1F18B0BD9A
:200B8000481415BE309C27BCFC9A63BE451AD43D68D2D9BD708E1DBCC69E5DBC713D72BB51
:200BA000A814E6BD889F7BBD9ACD2EBEF07B0FBEADD508BEB075E7BCD4658BBDEAF8B03D8C
:200BC0002FFC0ABEF5CF973D9006273C21A59EBDC4EB183DF348943AC40F7E3C8A7B3D3D57
:200BE000F2AA973DBC8276394CDDD03C7D69B3BDB0C0EABCEB59BABB458B7C3DD453713DE0
:200C000054A7073E1BF000BD4C190C3D00D559BD2EF7AEBD7D1F743D92AA963DB5B7573D47
:200C2000E27E2C3E4E9BD33C9E4195BD8564443C861EF2BDDBBB1C3DE07459BD7E79133D65
:200C400086EB2ABC2336B0BDFE96113D6A13713C04CE3DBEA5A8AABED9C3CDBDD078A5BD19
:200C6000838B23BE4CA6533CABD203BE2B6A0A3D1AF7AEBD6185EFBC92EB02BD70DAFA3C21
:200C8000CB6A3E3DBA156D3D12D9033D8EF2CFBD342CA63AE2858CBCCCF55DBDA3961F3E94
:200CA000823E5C3D718E713DD1C44B3EAE6943BDACD4823CBB4E533C1F3797BD3E8D033E6D
:200CC000F9D3043D07E3BC3D75BEF93DD59965BDBA06F1BD987F793C7EB289BE47D6443DDC
:200CE000155932BE8BBFBD3D73A279BD8BB10EBBC4B01FBCC16F9ABD50A0ADBD30DFE5BE20
:200D00001C20F2BCA37278BE50F90FBE039557BEE3A7E8BD5B4F13BE1B1EDFBD3619FCBD54
:200D20005558BBBD71E092BDBE23B1BD83C312BD27502DBDAC61B5BD958082BD4F900DBEAC
:200D400099A404BE0364C13D13CBADBB0D64B03C1FB5983D5B852BBD736E19BE906DB73C73
:200D60005B1A6EBE0740AF3DC5B3BFBC35725F3D147FD23D0D5ABDBC725959BED9BD27BC8C
:200D8000B4E699BE77E2933D862C81BE961FFC3C5992B6BDC10B97BC96D3243CD6402EBD14
:200DA0000C6465BD1FA20DBF4A60D13B1B3299BECC2B163D625D8CBD6F748E3C44E446BD90
:200DC0008C62B33D380AEFBD087E673D0797B23D8EF2063E3EE6093DC9B7443E6A487DBD74
:200DE000DBD4023ECD8F8DBD49EC223D1670033E7AC3F33D6F9FF33DABF2943E73C893BD5E
:200E0000391B24BCAA1B403DFB3E18BD0F85093E1472093D93A17D3D89947E3E47031EBCBC
:200E200004EDFBBD1DE0383D2E7B5BBE1203093E641C1BBE4861193D7063383CF9A28FBCF4
:200E40000CCDAEBA6EEB0BBEE305AC3D5307CFBD1AB54B3EAA00073DBD1F213E8C03093D22
:200E60008C1A523E1107123ED8E3373DC99964BED646D6BD963C793DFBEFEFBD9C1E9F3DBE
:200E80002C78DFBDB43CC93D75B90EBE789C9ABDC9C11EBECAAEB73C6330D3BCBC03A63D22
:200EA00088CFAE3DAFF20A3EE31E74BE5356723B8F1AECBDED5D603DCE3E3CBCDF06AA3B77
:200EC000A7FEB23D0D740B3ED4BE73BEC524253E01B27ABDDA63D33DB3E0893D77ADE63DCE
:200EE000B597583E8369853DF06C0CBEDEA9B0BB6C808A3D883403BEF29A283EE2D996BD1A
:200F00006348193E3E33613CD0AEF83D0C61DF3BA72D3B3D283D67BE9AB7C9BD5647463DBA
:200F20005D54CBBD09270ABC687F36BD8192473D31B1CCBCF04841BEE147C7BD218682BDDE
:200F4000A044DEBB7CDBABBDF1F64C3D29E468BC0B0782BDEECE51BD710032BD27D33ABD48
:200F600094CBC53D4E5D463B0B8FEF3D1CEBDD3C66B51BBE196A16BD487F863D259D82BC2A
:200F80004523B83DB62AF9BD0721663ED42F0EBEBA8C14BDF735053EDB271A3E2F5EF73C23
:200FA0006E401D3E919DDE3DB333563E119B083E58A45B3E7782C53DFFEDC43DD75A64BDA4
:200FC0008F8C0F3D3098D23D78A784BDC767DA3DC13FBCBC6E3EA53DB6FC31BD1AC1D2BC1F
:200FE00025E822BD7AF4653DEBFDA0BC2707A33D5D2FC53D18C8073E28E145BEB4E9EB3C20
:2010000080FCFDBDA9F7C8BC164DDC3D2443CA3B8875453EF477033D4F545FBE9FD3003EF3
:20102000D9D939BDC09C903D80D6363EC7BA44BD88446E3EA768A0BDFC27283D8C74433EA6
:201040000809B53CC435643E4F28523B8F1A3E3ECB5B4EBBF045483EED4DED3BA612553E33
:20106000EF093B3DB3749ABDF61B8EBD0EC0B33D1244EBBD5072BF3D2046FABDCB92653D90
:20108000038089BDA97199BD606503BECD37DABCA24B8FBD302379BC0A82D0BCAD2E883C7F
:2010A000CCDE00BEED6C39BB9841B7BCB15E75BD448F4F3DF747D6BD5B57FD3DE0A01FBD76
:2010C00037EB58BE4ECB6A3DF4C8E53DE02277BD39D9483EB3FA23BDB8068E3E289D32BDA1
:2010E00090FE01BE95620F3D622D27BC45B0C83DA6004D3D58350B3E3623993DC840FC3D7E
:20110000AC3A473D77BB193E22A4FB3DB8E031B9A4E59CBD0270063EEE17D6BD0733F23DC3
:20112000DBFF07BEC81DA73D2806BB3C7087AA3D325A11BEAE13D7BCD1F9C0BD196B80BD8D
:2011400094B2B2BCF2648EBDDF2087BDB34DAA3DC3F155BD930658BC3ED1B33D3DEFD9BDDC
:20116000D0A9B53DD6D103BE436933BE0135D53DF614D93D139C12BCDFDF013EC505EFBDA7
:20118000F7E18D3ECD800ABE703FA4BD6CA78BBD2D61AF3DBAF90C3D3D282E3EAED5753CB1
:2011A0000A451C3EC9BA6BBDB213333E5BF887BDCFD1153EC40097BD42A4D9BD1E69CCBC78
:2011C000132D32BEC39A40BDFE8545BE7EE2923D8595853C1B59C1BBF091B2BDD834B7BD95
:2011E000D335CBBDCDC708BE9FC4FD3CA527BFBD27F915BE4BD0E73C62E19BBDE4681ABD32
:20120000E475F23C05B2F8BD9C362E3E3E98E9BC24A520BEB790223E58F765BDD09CF2BC49
:201220008786243E374B52BEED0F773E672C3CBEEE8313BEF6786BBDAC1EDABCBF74723D55
:20124000C91E413D63480F3DAB7BF23D83A7903DE306073E1444983CA5B6C03D211B38BC04
:20126000C92C0C3B0E904D3DFB90B4BDF5277C3D3FDADFBC7C18963D3E7B853CC68BF4BCA3
:2012800099709ABD7ECC183D65C3173B7543AC3C5F4B793D2E0EF63D505B413DEA80473D4F
:2012A0003434D23CBB1A82BD85B3DC3DFEE162BC332C6F3E7898853DEA3268BDF85BE73DC0
:2012C000E3FBC23D936BD3BB8808603EFA1306BE707F9B3EAD7F2EBD788AA83D56A9793D2B
:2012E00013A2F3BDC94B193EB7701EBC6F5D2C3E24436C3B7090523EEC29863D964E403E0F
:201300005387A33D7DB396BCD2C5E3BCB23F1F3DB373D0BDAEFBFC3DFBBF7BBD25B4223E4E
:201320009871743D1210EBBD0B7455BD4BC49B3DFBA77BBCA948D73C2D671CBAF90EC23D64
:20134000FCE323BC9783E4BCBA41C4BDD7E405BC241EC23CA0F7283DCDF49F3D68BAF13CF5
:20136000CC3628BD940DBFBCFF18E53B281CA3BDBCC0B93D835D15BEB7520A3ECE6520BE08
:201380009DA149BEB3F1863DE49AF23DB6B48ABEF22C033E7396B1BD6F746BBD75939CBC01
:2013A000A8304FBE02BD0B3C9EF1683D628ED43D0BC855BDE1B15B3D884519BE7C7AA13D86
:2013C000E83644BE0BB1BF3D483D45BE63DF043E008E1FBE2AE4173E294C00BEAC8BF03DC4
:2013E000134E5DBE95F2AE3DFA458CBED1219F3DDC3C84BEE8D6213EB35439BE49E1A63D26
:20140000B08576BEC2430E3E6A65B1BEC11D043E6C2179BE21D8CA3DEAE39FBE5C8CE73DBA
:201420008D748ABEC6C6E43D351E0C3D52CD9EBDD3D47EBDFFDA6BBE2D9EA03B09D6F3BD87
:20144000C4A115BE912300BE1B8254BE73655CBD01B9DCBC3B421D3DF172B8BDF59E6D3D04
:20146000337AFEBD5E55D6BC114818BEC9135FBD1BA52EBED9CA4F3DADEA05BE4059D33DBA
:20148000E19700BED0E9583DB66B85BD60652BBC016A19BE7E5EB83D691110BEC2917E3D50
:2014A000726CECBC4030B83DD57E57BDA7A29C3D346E7FBEF0AAFA3CD30DF6BD412665BDED
:2014C00098B277BD5C45AB3CCAD433BE89046F3BB55A90BDF8C8383E610499BD97E3B7BC06
:2014E00071D5B73D9BA551BDF7D669BC787CD5BD4B63BEBDDD2FC0BD9046E1BC04BE033DC5
:201500001758143DCB42013DDFBBA43C0BA938BD500A97BD48C4E2BCFA5E243DF6A447BDEE
:20152000F4AA0ABD065116BD63C43CBCD889703C071AC2BCCD65E1BCC7D3D9BC1475A9BD64
:20154000B7AEEBBC7015B13C325B4C3CBB5C93BDE0B0693D8FC1C3BD355C0BBE8F2905BEB6
:20156000AA468BBD813E39BE3496C8BCC94FC1BDE8DB24BDCD26C2BDCD02C63CE272933D8E
:201580002C90D63C5B84173CF1D8723C0200A33DBF16DE3CC23A34BC6E3BD5BDAC9A21BDB8
:2015A000BE53D83D77B1863D90A103BC7DB4593D8549BBBC7A69DE39541F0ABC13E983BDAF
:2015C0007DA5013D11E452BC908DA03DDEB1D13B4D4ED8BA99D7BB3CC6E1D83DF8CA173DAD
:2015E000B3B2BBB92CD999BD44846D3D1261A83B86E49B3CF8CBC0BCE37AB33C85633EBD40
:2016000081F40ABEFC0D07BD6AE9C7BD167A4CBD89EAE13C28B0E4BD5D5D443CE8FAEBBD83
:20162000282524BE0160003EF7A74A3B35EED13D1258833A2BF60C3D7F68F1BC438A19BDC0
:20164000B1CEDDBD4BF5E53C89A2313C93C3FCBB8E5F60BDC203303D81ECDB3A14DB0CBDF5
:2016600027DC4FBD3D7B29BDF6FE25BD0CC2393C81656CBD4074E7BC0AD0B53C7D24073D8E
:2016800044BDD73DF744113D9F2C92BC1BE05CBBAFD57D3D24C0E8BC190F213DCEE0233D27
:2016A000C9DBAF3D43444FBD4BEBCEBD07C305BEF6E57CBB419C8ABC78C1E43D1F2596BD93
:2016C0002392B93D21CA87BD170AA73D2BF2053E0C03FE3DE20A1F3D299FAA3DAE03673C36
:2016E0003FE7BA3C60E82EBD2F3A3DBC16913BBDA2ECC5BC2B0E5A3C350730BCF8F7173D51
:201700005D614ABD6178E73C44711ABC32EBF83C8B9EDCBC775A09BDC201E73AB85D01BD1D
:201720008D9B2F3D05AE96BC6800993DEC6D903D1CFA17BDF92A86BD10952D3D184033BC06
:20174000E0C48E3D12CB7CBC7CBF0D3EAC6A76BBAD7260BDABE48FBD4B01133D1D4CC5BD9A
:201760007C42313DB06F0ABED51A063E24AA12BE957A4EBB9AC59E3DEF50B33D6C6F283EC3
:2017800005DFC13DAD2AF63C0BD3E63CA4EC8E3D1D607B3CD30A943C59CA883C6E925BBD23
:2017A0006E7E293C715E843D45F6B4BC97248CBA6079053D7404B73CAB4FBC3B82A6A0BCA1
:2017C00012AD0ABB7C06133C9C4B803D2E9D873DFFABE53D7444D63DC78A813CB3CF26BD77
:2017E000787F4CBD3D5E5CBDAF4E9D3C9443B53A8C291B3E0C45043DEF10E4BDB8BA13BE16
:2018000039DE8EBD0B7505BE9FE4713D37DC02BE96FD833DDF81A5BDE9E740BD440163BED7
:20182000F999773D68834F3E439CF13D96809A3DED6B8E3D4E460D3DC667B03D2CD88C3D08
:20184000BB1D1D3E7ECC1C3A8FAEC93C14D10FBDAACBD53D0C07E4BA96D0403ED241F73C60
:201860006082573EB890C13CE546163E3D33C1BCA2A0473E23F51EBDD8A4403E2F4FDEBC74
:201880009A1C483E366AF3BD6817383E4321E8BDC3713F3E1C6C68BDE7387D3ED581A4BDCF
:2018A0007A1E103DA68F12BE83A3203D16AA80BE0C66433E76C05FBEB965533EDB235FBEAD
:2018C00078B17CBBF836FEBD2954D73D5AE6613E7C4CCC3CB5777E3EB350B23D8F9D4E3EED
:2018E0007C03E73C931B2D3EA4518EBDF17CF7BDE982EABBBF3EE63D87BC503DF575703DB5
:20190000033EB63C727120BD25EA35BE1AB62FBDACEDB8BD6A24973DDA12B13C9FF4DFBC9F
:201920008B2C48BD3650FCBD231B79BE3FA5EF3D656F37BE8447233D924A89BDA8A332BDD7
:20194000547484BD6E6976BD997042BE61ADAA3E16B003BE59DF3A3E1C4E72BC8F14163CB1
:2019600046B9863DB62ADBBD989218BEFBFEDF3D96CCF33D62F2373E5418AD3D73EB6B3E60
:20198000DE20C03D03AE253EFE15233D98B40F3EE227A93CD5D213BE0D383F3D6907FC3D5C
:2019A0006786133E8D8911BDD1B6C93D954711BEE2B5DABDB0DC58BCFD134E3C2AB4953CB6
:2019C00081F568BC713F13BECB063D3DE97E20BED981ACBE7737E53DFD365ABE48D1433DE4
:2019E000A188F2BD7E3B2CBE354E97BDFE5238BEE0F4B9BE1CDC6F3EC39658BE659FB63DF9
:201A00006DDF29BDB5033FBD122DBFBD728E7ABD8230C2BDEEFC3EBEE5DB933C0AB65D3EED
:201A2000D2999B3DBCF3933E9241683D591E873E7B3F203CB7C0AB3EB4F850BD7F30B0BDE4
:201A400069C7063E87CF083E8365D03DEE018A3D5B57F33D377CF2BC8BFB4CBDBAD23ABD76
:201A600018E2E93B88A5063E389D4B3DE09C57BC95A6B83C686660BD2AD707BE6D86F63CE6
:201A8000B0E738BD1460253E30022ABD48CFEDBB20875DBD4E3B0EBEB91838BD79E05E3E3A
:201AA000AA62A93CA36A2A3E7635993D566D003DDF81083DBCA313BDB1C139BB879E86BAA0
:201AC000DA26923D9403C93A9380BE3DCC641C3EC3C59A3D8532CC3D3D30EE3D1394CE3D9C
:201AE000E67509BDA93C29BE8FF72A3C0E43C73DE414D93D629ED0BCA2C2F33D7A3447BDD8
:201B000021F6CBBD91210BBEDCD995BD605B0B3DB684F9BB43A378BDC85DCB3DA2F2B2BD68
:201B20007C2668BEAC6EDCBC23CEE1BDCE37873D23BDB4BBD2DEC6BD2F9DC63C40CFBABDFD
:201B40007646B5BD969B113E6DE0CBBCCC01FC3D3FCACDBAFE2893BB3101DF3DA771F5BCE2
:201B6000C153E03D93FC893D97C6E23C0028B1BDADD31BBC636C143EC62D483D5705833EC1
:201B8000DC7A583D9BE68A3EAD1CEBBC91FACBBD4939B73B7AC7B43DC6A5533CCBBF2D3DFA
:201BA0002ACFAD3C6EC1A9BDF65E43BE32F78ABD739A9CBDDED4833DBF2FE33BAB2D64BD0C
:201BC000000E8B3BD836B1BDADF51EBE6377223D9C87B1BD87FC273D7374AF3BB311A1BD93
:201BE000CBCB76BDCDF9F9BDE5B694BDECD44A3EDC61B13D4AD50E3E6373893D3743EF3C95
:201C00008967CD3DF01485BC5459613D4855DB3D4757AE3C726041BCF0E2B03D10210F3EF1
:201C2000779F9A3DF835533EB3CA383D967C223ECAE822BD1785B4BDAD24253DF4DF2E3E85
:201C40006945903D93D0953DCDCEC8BC0043FDBCCEBD24BEDAA9EDBD6FD3BABD642BEF3DAB
:201C60005F544EBD1905553C055E2F3C13C694BD791432BE9521213CBE2FBCBD39B1063EDB
:201C800028F4A63CD1B6B33CC8BA17BD788141BDFCA502BE1BB2653EB1F4413D5FA8093E41
:201CA00035EE193E56A8DEBCF0B02E3E44DC96BC5A79973B63CFB0BDA0F78A3D36494CBD6A
:201CC000B7B2433DB570413E2D65BF3DEBE6723ECFFB063E0D8F943E59D17BBD973129BEDB
:201CE00077FE0F3D360E723D3D82E93C62C38DBBC6EB3BBDB423C1BD11C82DBE73DA08BE0A
:201D0000F2BE28BC39FD963CDC6C153DDBC20CBD4118883CC0B2A1BDFE1A6DBEF4E250BD14
:201D20005E791ABEEEC2BD3D73A875BD2CC80B3D7D21BF3D152D0EBE1A7D3EBEC6AB103EC7
:201D4000A49F94BD803A003EC8630E3D32548FBDED7FBF3D9B1D18BE93082FBE22D885BCF6
:201D600057255B3DE0E449BEB9E438BB1276BCBB7623733D3460643EC4B5803DA68A903E42
:201D8000A69985BC3C6A04BEB0AD58BD00690C3EFC0F553C53EE313D83A8C1BB4E72BDBD0A
:201DA000445D0FBE42E0E8BD4FBEA6BDEB28E13D18343F3D4854713D1662B73D2EF591BD5E
:201DC000594D2FBE5C2C98BCFBE957BDC3A2293EA088D23DE2A9EB3C8D88D23DD2EB20BE28
:201DE000F34F323D1F53F03D9A98433D8E48323EB0FB513E3FDC813C947D093E0570D7BD28
:201E000004ABF13DAE9F91BDD05E3ABE87763A3E5AFA37BEC1C8D33DB5586BBD1A7032BC20
:201E2000E79F3FBD2D9969BC02CA393D48CD283EBE07703D3525B83D19B0933CBFD6033D4A
:201E4000FA6DBC3D3708B4BCA79F873EF2A9763E9C94B73D4A2F073DF2AC543D54428C3BAC
:201E600079137A3D0C7B9F3CC7A7D53E5B933F3ED416313E0FACB93DBA73323DDB4A80BCCA
:201E8000D49B123C6BDF603C337CF13E85081C3E2A5F173E327B2A3D3AB1A33D386B87BD36
:201EA000019B663C6D45C1BCB1DEA9BCDA40CF3C1075283B00C3323E0FCFBABD4EE08E3D33
:201EC000F74AFFBB718238BD89E55ABC8B0C9CBD0968113E4697443E75E8333DE6830EBC8C
:201EE000BF4ED33C3632C73C1A02803D040F2CBD88D7673E395C323EAA09633DAC17853DA5
:201F000026D1CC3C82FC233DDCDEC0BB4C4E853DF301853E25FE093E83AF903D9D8EB83B15
:201F2000070B85BD715F36BC3AA7A9BD95BC323D4B15B63EB2EFE03D474BDC3D1274953C70
:201F400051EE35BD0DCF37BC9F5499BD60B74A3CF79678BD4D2404BDAB3B9A3CC2B0263E15
:201F60002F0F44BD10426F3D497246BCD61778BC67E68B3D3A78ABBD6641A33D939D133E0F
:201F8000313B053E4ABE1CBB310C233D587026BD4DC6963C57288DBDF30E383E9E39273E0A
:201FA000E939B63DAF2D083D135532BDE412903C51EC84BD24D9B63C9959423E0AB4373EC0
:201FC0006E87AF3D2937FF3C53CEE7BC981F503D241017BE3648C43C1F1F943E8F86E13DB3
:201FE0006AAC3A3D443CCBBC5164CABDFC336A3C403F30BEEE1B9F3C9AB7063E810FC33DC6
:20200000BEDE203D2449463E5C5DAEBC7F24E03DBCDF51BDAEF0B33CDF8C63BD548FF6BC9D
:2020200083F61B3EEBA6CF3D690BBC3D2445C23C9BD7513D5F65A2BCC375C83CF3B1A8BDF6
:2020400049C76A3EED19823D49A89E3D934FA3BCF099BBBDBF2B6A3D6A2CA0BCA5101E3D62
:202060002F9E593E4815B73D326E8ABB9E47AFBA16C4D7BD90F131BCF6092CBE686011BD1D
:20208000D1C17A3E02758E3D1ADAEB3CD58CB53BD5CC0EBE89D840BD1B4C03BEB7A74C3B70
:2020A000DBC939BDE348AABD5E3D213CA75D213EDF1A813D7975C53D607F193D3B4BFC3DFE
:2020C00096EEA53D6F36633D23C6413E32525E3D57DE103EF8C8ABBCA698493D113395BDCA
:2020E00006D2803B510113BDCB37503E0E97A43DEE3F483D400774BBC383A43CC70BBC3CFD
:20210000A284A2BD62C112BDD97F653E54010D3EF6B18D3D15E2933DCD48D7BD89EAE73B37
:20212000F6660EBE944C233DB951673EF5F5053D3D5AF23C33C6083D3CF316BE2F4F0DBD0E
:20214000986438BE467ED3BC946DBCBD6D8DECBC5B0FA1BC4F08043E04D412BDE7A6233E29
:202160007E94183D5725533D2572983D0A2781BA544C183EE686B1BA368FC83DB356B3BD04
:20218000D896863DAA6F63BD5AA6073D6B99EABD68B1673EE145973DD1A49C3DF12B98BD6F
:2021A0009EF0C6BD1869B4BC73A393BB96A83F3C8D97403EDBE621BDA6CE393D25DB92BD86
:2021C000AD5C0FBE44E9C5BC306D81BDFD0B7DBD8E45613E5B2C3DBDA6BCD33C9D9C03BE00
:2021E000FF54F5BD1C43C0BDEA9E02BE3524A53BA1E0703DDFF69CBD76EE29BC8131EB3DFE
:20220000D59A81BD033A263E15F2F4BC1D27CB3D03B98D3C0EF9BA3CCDE50C3D8C06A53C7D
:202220008ACCD23DDD3ABEBDCB5A2CBDBA9A71BDC61141BDB40DE0BD4BAA0F3D8863C53CB7
:202240006718BC3C01BF373C128486BD739DA23DDAF4A2BD883B383DA16DA23D3B224ABD56
:20226000B781ABBC47F748BCD6EA0CBE4EC94A3D9435E7BD924F133C17D7413DEC8C0CBE0A
:20228000A252D3BDC2EEF4BD9BD516BE271E0DBD2E4FEABD004085BCF6C3C53D2D14C83D60
:2022A000514AF9BD1B4E803D02A417BE65FCE23BA50DBEBDB83023BCBFD113BE2AA273BD5D
:2022C000FFFD21BDDEC7C1BCC67BB1BDF375CDBD3DFBA2BD2B74FDBD526505BEA90C1ABE6A
:2022E00039A229BD2AEE30B970DD60BD8CAAEFBD11C51FBEBEBB2BBD14822CBED0CFB9BD27
:20230000B805BB3B4F988FBD0AD12ABE3DE59FBD7F30C1BD8C2F17BE2DA3ECBD672211BE08
:20232000C48612BD84E5FEBD317F8ABD78BF33BE049315BE6A4334BEE6E800BE739F4DBE8F
:2023400070202FBD94472EBE36E2C8BDFB23E23EE9F3C1BD20A0573E2E4EB8BD82CE093E28
:20236000E35FD3BD4C03033ED371C93C1AC47ABD01DD143D04765A3DCC2D9ABB96718C3D3F
:20238000AE2ACC3CD00F023E5BCE8B3DC0CB0FBD0953B339B8A199BDDE0E8FBCD191AC3C7E
:2023A000564765BC837105BDFB7D323E1FF7C5BDD2C5EF3C39563ABDE9681C3B6091B3BDD8
:2023C000C00AAE3B8235B3BB5144833E7512D83D879ED03D2127C73B31E7AABD494CAEBC39
:2023E0002BAE5FBD82EB89BDDAAA9E3DA2FB2C3D5C011CBE8E97C83EE421AABDE1D74E3EBE
:2024000079315ABD8BB4EA3D3B4F58BC8D39113E49497BBC37881A3E54B494BC0A553B3ED2
:20242000BEA2663DF82AAD3DA90FF43CDB80A13D63FA5E3D2205EB3D8323073D4BCFF83CED
:20244000132725BD831089BDA0A2C9BC4AA744BD1D6F053E8FFD873D346542BAD06FA7BD77
:20246000580C0DBEA90722BD01EC24BE1B8BAEBD4B326E3EE634863E18056ABC5641573B4B
:20248000033D31BE7918ABBD14D532BED79455BD02AFA43D1869E33A6EE4AC3D560FA83D09
:2024A0001D9A99BD8544863E066D2EBD12DD463E17ED6E3C9C94613E79203B3D03D0543EBE
:2024C000BC38233EB60C053E77163D3EEF9487BCBDBB713E76A394BD31F8863D3E1A6E3E53
:2024E000D19C703D4C0E7F3DBADA373CAB9ED5BDAC59743D56F044BED2BB1A3DB743713E3F
:202500004FD0A4BD612A49BD57B40EBE909451BEFF9503BE303A5EBE4916A13DE7AF953E1F
:202520003CED28BEA899E13C1EC3CBBED36DD0BD1FE6DCBE62B77DBE575CCABDE654B93B9C
:20254000A6AB203DB73CCEBDCD18BBBB5DB0123E6B77063DC0AB373EC11F303D52DE163EC1
:2025600060A86A3C10EC153E3686113E3464F93D0A84873E2F68D2BDD1AF723E1A0B11BEE8
:20258000C52CC9BC6CEB613E937E013E39D0323C13D63B3E8C4133BE4257053EEB9280BE51
:2025A0002B6AD6BD4663983EF13177BA4BC26CBD194965BDF0F991BE05F03ABD8F8FA7BEC0
:2025C0004C8092BD5CEAC23EDF0067BEC20FA5BBD67BA9BE93C051BE4CC1DCBE09CCA5BE6C
:2025E0008D037D3C3E96AFBDF4293CBD9EC7D2BEB1BFADBDAD9EBD3D52697BBD276B233E42
:20260000D4D8CBBD61A05E3E430B78BB0DFF613DD910B83D93A21B3E34451E3E49C86A3CC6
:20262000F4A0543E328611BDCD719BBD3F9A243E743F6A3D77DFCA3C4B83683D63D7BDBD40
:20264000B306E83D427C60BEBD9DB23DEF483D3EA5F4C43A3FF2523D0B9103BD3581CFBDD0
:202660002B4540BCABB96BBEAEC0053E19C89F3EAE6B00BEF8ECC03C6FD85DBE969308BDEB
:20268000E351A9BE654CA3BDE687D83C1CD504BEE501E7BD4F26BEBEC99D50BE396066BDAF
:2026A000F20362BEA38F99BDFE0951BE1373D73A2CE517BEE20DC3BD03576EBD8C71273E94
:2026C0000B646EBD225E183EE7012C3D068CA13D3DBD353D26928BBDBB2D45BD0BAF913DEB
:2026E00005BA8C3C32E6663DD78B4FBD27FFAA3CF5DF173EFD19B5BD47DE343DD475A43DAD
:20270000112A2BBD495C463D89E180BD5629583DC3637E3EB82E4B3CE820E53CE81F913D66
:2027200082DDD0BCC6DCDA3D8F309ABD6D70E93D8D33E4BA364BECBDA79404BE90A808BE59
:20274000E35434BE9F1DEDBDF63C5DBE45A2E1BDD07E34BE561807BE048713BDC9DE38BEAD
:202760001BF800BDB237E33C4F1AB6BDE686F63D7488E1BDEC70E43D14913A3DF74885BE51
:202780002FF5353DE81707BDDE2A93BC1F03FB3DB79688BD7943E83DCB82333E664682BE12
:2027A000248BC73DF17C9FBB088A77BDDABDC03D7F9126BED7F9433E9175863ED0C3AEBD38
:2027C00024D6A93D9A70AE3B08B78EBC20898B3DE3B579BD1A26273E4E10833DDE1F0FBD52
:2027E000D104E63CFA36603D53B40B3A3D8C9F3D754A8D3CD4D967BB42F54CBDB69E02BC7B
:202800002AFCF73D450D2BBD5E7D143E6C1D113D9EE2903D1DFE183DBE102F3DD85D1D3D9A
:20282000E7E45A3D8BE00BBDE3C0D83D66290BBD46A9353CD2E702BDB18BBABC88D3423C91
:20284000617592BC7BA4AABCE0A4803D22952EBCD00C2F3B8838E5BC6D26A7BD8B7E0F3DFA
:20286000D14C81BDB580ABBBD7E464BD63B1B3BAF1A009BE15D2ACBC3AF5CDBD74F5EABB97
:2028800069CEC6BD158D87BD121D58BDCC5F19BEC3CB7DBDF9C9033DE2CA6EBD89735F3D19
:2028A000A93864BEBA320C3D54666E3DCDEBA03E41CCFCBCD5C5FDBD527A64BD208066BE1B
:2028C0003887E03C823803BECEAAC03D0AA77A3E0ABD733DE51F00BEA10F643CF14FF1BD4D
:2028E000D4F9D63DF215E63B79FFEF3DDB66863E2B53AE3DD67C39BD83BC353EC2B86CBD21
:20290000BC496E3EB480B33DCC43E73B8861DB3DDF953F3ECF8A9BBD88E0E13DEC431DBD7F
:20292000EE301C3E6119423DCB42F43DA57F38BD8C280DBD931596BEA69611BBFB371CBD42
:20294000940762BD3403D0BB613FFCBDD51249BD79B48E3C3FD3603EA3292ABDFBB224BECC
:20296000B4BF8BBDDAFB65BEA09D43BD81E50ABEF892553CC6308D3EA16988BD7AED02BEE7
:20298000E3211FBD1AE4F53BC8D8EE3C63207C3D76C5273C6C943E3EA036543C367803BE34
:2029A000231EA23DD58A483D2CF6173ED823003E226886BD34FC533D9A199E3D958D453CA5
:2029C000F364693D7AD483BC5AED8F3D15539F3DFE32213DFFEC8D3D9C0F08BD720AA0BE89
:2029E000DD0132BCA19AC8BDF5E912BD0FB2A4BDF9E68EBD471A5EBD7DC44CBD29FE9D3D8B
:202A00005594A83C378A58BE452AC8BD641636BED6A8C2BD6D6DFABDE92C14BD19F7183ED6
:202A2000F1745B3D0A2B0BBEAF20DFBCC9569FBD28F86BBAA087433DDB3DB2BD3C2C253E78
:202A400025A80D3D9FE75FBC105FA03DFA5E863DB5E0243D421E273E7003A9BD3345053E08
:202A60008E0E193CB8B68A3D578658BD166A613DE935BDBD6546993D58A93E3B416CBFBD64
:202A8000436F9E3C4B1310BD1933623D8A6D293D2E581CBC6F53A43DDE1AFA3B4ABC8B3D3B
:202AA00074B0133DE2FC063E2430C03D173669BEEB976A3D21D445BEE1548EBDA6C10ABEEB
:202AC0006EF9F53C594B1F3EBF98A73DB5A006BE20490A3ECCCD09BD78CFE53DC786793D8D
:202AE0005689AEBC4162C33DD061D93DEDDF7EBDD637B43DD7A68F3DE6121A3E85D1A93DC9
:202B00004ECDF1BDDAB5573CFA8C4A3D698B373DDFB5813D0D80253D8A0EF63C6D74053E26
:202B2000B213013E89527F3D2ED7CEBD28AC973D59C298BC32BB963DA2A32E3DFE1B873D06
:202B4000438DD9BC27FF49BC25BE1FBDA7557D3D588A193C092163BE2CAFECBD3B365CBEDF
:202B600026E425BEA28810BEEF9080BDF920FA3D7F7073BD082BC6BD30F012BDA5D19CBDD1
:202B80000091AEBB047E5B3CC9B053BEFF0E0B3E691971BDFA4296BD245D903D127C31BD39
:202BA000AB259C3D107FBB3D35663FBE80E7793D292A69BD15622DBBC3D2A73C3BE9CD3CB3
:202BC0007137B53D8EA9923DC1C504BE4EB7D6BD252400BE2CEF26BE0C6030BD511CD4BC19
:202BE000B9520ABDC6F30DBD99FB51BD9B47A83CFD5AB2BDD2D88DBDE1F9A3BD96A893BE95
:202C000052B013BEC6B31FBEBB150ABEA23B54BEF0E119BEBE70CB3D57EC64BC7D4B05BE38
:202C2000845D0ABC64F9C0BD0406A33CC8A8253D33C049BEFC222B3EB3E4DF3C35737BBD45
:202C400031C3493DB459D53C7A46D63D76C5DE3DDBCA83BEFF21CD3DEF8D2FBD764BCE3D6F
:202C6000C984DC3CB1D5D43D0912BF3C3466BF3D4C19F8BD19155A3D0123BDBCDE4F65BEE0
:202C80007CCA8A3D1F2CF5BDB886F93D6EDF9EBDB826DD3C44D0ACBD1FE2C2BCE3F805BC7F
:202CA000EBF53DBC078856BE75BBDBBBC2803BBE7341073D6C3B01BEF19060BD16DB073E65
:202CC0005F2FF13C2E169BBDAF591A3D23D0F4BC5DCDEB3D036F783D3E095FBE5A451E3EC3
:202CE0009AC0773D411A893BB9DEBD3DFC49933D95E8623E7018043ED15D62BECE57C63DA4
:202D0000215D8ABC56BAADB9F6DFE03D9950E33D87E6B43D34D9103E1D8C84BC8EC6C73D84
:202D200058E40CBEDB2D6FBEE8082EBD7BB9A3BD502A9F3DC400BEBD2143C53B7FC581BD6E
:202D40005725EDBCE9B4CA3D353C87BB79C43DBE0AAA323DF3EDC8BD5B9CE23B92FA33BDA7
:202D600079445DBD7080C13D9E3F0F3DF3AC99BDE487A43D621B75BDABE3103E2743223DD0
:202D80008FE91DBEBDF9603E81334B3D17377FBC9472DF3DB2A35F3D584A873E0637153EBD
:202DA000D02D73BE75D9243EAF666FBB1348A93CE7A83B3D7ACA263E011EF03D8CC03F3EF2
:202DC000CB9A9A3D906A5E3ED8A0023D965E423D9039A9BC394D103BD5AAD43C33D9AEBCF3
:202DE000431A253C22088F3C0D1F833D58B099BE4F4448BC1B6A353E0E6FA1BC095CA53D25
:202E0000A17137BCCF3878BC1C7F6D3C966776BEB7DEB4BC9E05EF3DC673E93CA4403FBDEB
:202E2000399446BD3B8533BEBBE172BD9FAA08BED43A61BCAF097D3D39DFE3BC955DCBBD69
:202E40005F4D06BD06BF1EBE4204B13C8FCF5A3D702AB83D64A9FB3D8D2F423D6000133D7B
:202E600020E6EC3DD0B6ABBDB29C8DBD2AAFB53D1325403D2593923D547637BDB2D9963D7A
:202E8000A0C7083C6732723DDFF8F13C82BD0E3E5F28AC3C887681BE2B38D63CA3F8323E84
:202EA0008F7F493C192B173E19E5AE3C1AAED73CBB842C3DBF563ABEFF799EBC534A323E8F
:202EC000F3F776BC315CADBC445D97BCC5FF6CBDF2F1E63C546209BE44B3513DB6AC413E17
:202EE00041D3D63C40C9613D5DD4D63C403C00BDAA4A933D23320C3D88D8E23D1EBBFE3D94
:202F0000A23A493D7883C33DC7AEA23D65895BBD6DB0CF3A1EC6F4BD360F1E3D7F231DBD23
:202F200036FD22BD6ECE15BE9FE1A53C8168AEBDBA9C25BD26749DBC574F70BC77BBD4BDFB
:202F40004F01EDBCA74C813E4247F2BC9DB3ED3DEF098CBDDD2C73BB9A9B403B15CC9EBDB1
:202F6000A38480BC41C31B3E757406BD188C0B3DF6424ABD60E4BABDE4C3BD3D8B47843DCB
:202F800061AE2B3DBC85373E7E0159BCD0C65BBD59E556BD58B4FDBD6BC8633DA09A3C3E24
:202FA000E13F933D598CE93DD8EA15BC8C3C183D804EAB3CB03BD1BD149A1CBDC82BD9BD28
:202FC0000E2B563DA75B08BEDFF6033DE0E5A93D920EED3BB2B73F3BCD3B803BFDFC13BD66
:202FE0005A53953D8553B83D87D6D1BC4AAC7A3EF0BD1F3D3C4E1D3E99257DBC6E2EB2BDFD
:20300000CC95453D90EB9DBC558E5B3C6E75DE3D36253BBD3D17C4BB7BD5B9BB79A546BE75
:2030200061B3363D74AEAA3D96E7A1BCC209E63D5A4525BD7AE8AABD5A29163C64C836BEF9
:203040002416CF3D4C534A3E48A8153D74C7D13D994F183DD1A1DC3C9AAB773D83C383BD32
:203060007BA9903D97557E3D68F66EBC7B22B0BEE948833D51BFE9BCC3CB16BD64958F3D59
:20308000E0197F3D246E9E3DE281D3BB57C0D63D9312B53C941E9D3E6F1F853D2F75903D0F
:2030A00023C07D3D2AFEFCBD07D42A3C1E52AD3DDB7B763C8BDF1F3E6D8EB63CDB33CEBDA2
:2030C000D0D7BB3CC07099BE4B3AF2BC9FF4103EB60D66BCCDBC093EA1433C3D969DDCBDD9
:2030E000A3C504BD8EF675BE830876BDB71E353E6D27E4BCB074623DBA74A43D7DB889BD69
:20310000F0033F3D43171ABE57D9A83D957F403D8340A73C321BA4BEDE7C09BD884A663D7E
:20312000FEB53E3DB4DB123E9634BFBC1EF8563EE4C7353D8D52A93EA9FA463D340FB53E54
:20314000D8DC24BD7A59ED3D8970253D66D8CCBD1B260ABC84FC793E1680A93B8F1B523EC9
:2031600029E977BDAE2312BE59A18EBD3B9599BE45E1433B58298E3E2D3008BDB7D1303EF3
:20318000CAFFC0BDA2D521BEBFAF8EBD58D5A8BE8006F7BA01C7993E12C2B7BC03BCC63D68
:2031A0001E2E78BDBD9C21BE6FA0B2BD79B281BEA7FE4DBEAFADCD3D78F80C3D2D72F0BE52
:2031C000952D0CBD9510EABC691DD9B9DE6D443EC2C7983D57E7863E17FF0EBD33F6083E84
:2031E0000E8BBB3D50809A3E545D943C855E073ED3841C3DF53AA8BD35DA6ABC6C5A123E5E
:203200004ABF9E3DBAD0663E758A913D84410FBDE63A763D0BD384BE2DBDE63C26EA2E3EC3
:2032200029365C3CBA902F3E352A943C847809BEADB1B23D3AC569BE361CC4BDD4A63D3EB3
:20324000AD2992BD289A053E77149CBD6329E8BC3AD597BCBA488CBE92F87EBD941193BDC8
:20326000E512AC3CFF82ADBE3D1635BD03791D3BDB8C603BEEFD103EB6EC23BD1CEB953ED3
:20328000AE4B5F3DB809DA3C319BBDBCAC42AA3E04BB93BD6D13293ED3D50F3BFAB80A3DC6
:2032A0004B2451BD0EE4B53D5C221F3CB4058B3E4D9309BD19E28EBCF1A8E5BC088649BE98
:2032C000C4F188BD22E8843DAFDBFEBCDEAF183E5BEEDCBD775F7CBD3C82A5BD77087EBE36
:2032E000F83869BCFB2DD43DCD500ABD859B4A3E8C9EDABD204E8CBCE5C5273D93447ABE20
:203300005791FCBDA4D5D4BD0AE1803EC1D61EBEE8E8383E70CE2EBE767B313E5A6E41BE4F
:2033200071EDD13C6E833DBEECE1BFBBC9EC84BD241E16BC821F88BCE2187C3C565198BC53
:203340001C41F7BD760E99BDAF452BBD32095BBDB3AA95BDC340B8BD88F00CBD4EAF7DBCB5
:20336000901335BEBEC1AB3DED0325BE6F02C4BDA9EC133CBB8E20BE017CD2BCAA4584BD45
:2033800064D201BE920949BB08C048BE1F7456BEFDD2ADBDAD3978BE33C3C3BD9E6415BE84
:2033A00053B7CCBD99CB00BE5850F63C2609AF3D36EADA3D21B3F6BCE5401B3E28B31CBE73
:2033C000BBDD0E3E649A51BEC7A32F3D2FBA8EBE1DB3013D99605CBD4DB8223C1FF966BD33
:2033E0007217FF3B79AF3FBD7699953C984613BD42BDC6BDE09C73BDC50D63BDF45D3CBDEE
:203400007CC182BDD4FC983D052E2CBDA942643DE78101BEE01013BEC2F8EB39233A07BEFB
:203420009A71183DAD8858BBA26FAD3CD01D7E3C16197BBE382117BEB2FFABBD856D4FBE95
:20344000007B10BD4F5FF8BD3F9D23BD00CE99BD90B89BBD3D3D6F3ECACFD43D7CD69C3A48
:2034600071B80D3EA48F9FBD851C4A3DDCEF3BBE73D465BCE9D312BE817D82BDE53EF43DD8
:203480007FDDE63C154A373C495639BDE25C933A87E1173D31EB003DAA1E66BDB074743D67
:2034A000D47EE5397815A13C8900DC3C9B60B63D0AFFDFBC5C24BC3D490E1CBE92413D3D08
:2034C0008C3026BD3ACF59BD1E97E13C922B7E3DCF9592BD6A6A8D3D333143BE107FC7BD1B
:2034E000A1DEECBDD7C757BEE1C774BDEFCAFABD184B77BD7D2BDE3AAD6DC5BD88C4A9BE02
:20350000606C52BD931AB83D3A4B963C5182A43CAD722E3D9FF92FBD98110DBD556BD1BD55
:203520001703BDBDC2D1833D517B54BDFE52B7BC63FE94BD141869BD2511B2BD4C8BDD3C6B
:20354000E0659C3B8190103D5E2FA4BD79E1FBBD8250EFBC4FB78ABBA6C30ABEA6579E3D20
:203560003CFD2DBB8C7318BED421A4BC3956D8BDDC905439D16FD6BC9B4907BB90FB68BDBB
:2035800018A003BD794273BE2256023DBAFA80BEC0EDE73C8BE251BEA8FE78BDF12914BE0B
:2035A0004EF78EBDD147FA3DC44339BEEF986D3C1C622DBE72F9D6BDF32A40BEB74DD6BDE5
:2035C000ACF913BE7805DBBD4B4F9EBD1E2F523E149346BCB2CE893DA2C694BC8207B23D6F
:2035E000018CA5BDD9E5E13D5F702F3D07D5053E33E0E23C9F3BBE3D9DEA29BDAEDB0D3E5F
:203600007EA57ABDBFBEC73D07868D3DFE9F053D214F1C3DCECFD33C04804A3D9D11C03D6E
:2036200042CCCFBB4B9EFA3C124BA33DA7F140BEEAB89E3D2A2A27BE5AAFA53D83F987BD9F
:20364000BFD9A2BCAF2CA7BDDD76003D2921913D6619E5BD71DEE5BD68882BBE950520BE2A
:20366000D81D53BE0F8F2ABED20F4BBE5471DFBD8732E5BC9D53873EF0F4C1BC30991D3EDF
:20368000CAD22BBD9BE32B3EB6A468BD8FC8FA3DFF2CA43D790D543E8A97B83DABB09B3D45
:2036A000BCABBD3B77E3E53D7F858ABDF685AC3DED02AB3DEA5B273E11CA433D24247ABD25
:2036C0000AE417BD282D073D91923ABD0FF8953DDDA20D3E64EF05BEDFF8533CDF3485BE00
:2036E0003F03843BBF5107BEA8C681BDEE9905BE10FDA83CA09A95BC22B9B1BC5B4F40BE92
:20370000BE53B1BDEA337DBE880B96BD19E38FBE71F162BD56C470BE80E8C4BC6FA6813E1E
:20372000C12AD83DA041F13D89F0973D1B79973D1DC98B3C1494C13D9980E53D8E058E3ED8
:203740000E03193E5DCBC43D49809BBC1034F73DE4D197BCE7CFED3DC7E0093E678E753EC2
:203760002707093E6AA5A13C3DD77D3CF1354C3CBEE100BD4C245BBD19396A3E3B0509BD89
:2037800032AB033E87A188BE512EFD3DE286E9BDD41F34BD40EE0CBEE8802E3E81FC4ABEA1
:2037A000E893FD3D6A9C55BE464F853D1E8C89BE429F943D164681BEC86D7D3DD42982BE7A
:2037C0000AF11B3E3879993ECAD22C3E6A1E313E4066323E8EB2183EF8E7063E10ABD03D79
:2037E000B7480F3EC7A5C93E1B624E3EAA9E8B3DACB04B3EE7D72DBCFAD0043EA28E623D8A
:20380000BC18813ED2F88C3E74AC3F3E096E54BD06F5FD3DB26BB5BD40E6993DB93179BD7C
:20382000CE404B3EC3E00E3E00BE313E0CEC30BE611D9E3DDD5ED4BD0BCC88BC05D10FBE0C
:2038400013358E3D3686353EB531FF3D5DE83A3EA04E923D69D3413C8536593D2CB349BD9B
:2038600000E87FBB345F99BD8ADB7B3D71CDC2BE0801773D2957CB3D3DB6223DCE7FF33D4E
:2038800026A21A3D4A05BBB9913004BD9A0EBDBE37E2F6BB4137B73DA89A423C23489E3D65
:2038A000C74F203DC10E16BEE34BE0BD646262BECC508ABC1F23153EEE9620BD84DC20BDAC
:2038C0003A48CABC5C1EE1BDF578B4BD943E983DA06CC03BEA1E033E3A97E6BB7D42C83CBE
:2038E00058A7D23C428147BDF8CBEBBB1690013E164B003D1669603E363646BC2CBC6B3DED
:20390000B7CBE23B394A333DD409093DAB7743BCDF9200BDE9E79FBE8D6C333CFCC4683EA8
:203920000061023D176A023E68B326BDE602E5BCFE9C8CBBB41640BE6EA622BD922B1D3EEB
:20394000E9AE9E3C6B76FFBCAB49BE3B9E9236BE93077DBDA63EE1BDC53FE3BC43CB5A3EAA
:20396000330484BCDD09D4BC864CAEBB504F1FBEBC0C123D1DD38D3D5A2398BC32CCC33D03
:20398000348735BD69F8F73C6E55FC3C75010CBD4C7E5D3CCC4B8B3DD2A5913D3FE4C23D03
:2039A0007DC19DBB9AF80CBEF644A13D267FEEBD1DFD47BC70C039BDC6D7463D08DBB6BDF4
:2039C000F8A99B3DCC5E3E3EA4F64F3D46579A3D61E25FBCDB5289BD57B318BD6ED4A73C59
:2039E000EB772D3D45242F3E511480BD83A107BD8437B0BC53D832BEB79E53BD8EF867BA4D
:203A000098F490BD5EC9323EA5AF31BD9C9927BDBFC14FBD181610BE26A786BC4D1B383E66
:203A2000689703BDE29BB73D4A9541BD0F512FBC25E98BBC1C307ABD7ED3873B45F182BDCE
:203A4000D62FF53DC97A3CBDE6956338ED8B3F3DB022093B437CBF3CB3F7F2BCF43706BED2
:203A6000981AAB3DBC061C3D6C8B9C3D9FC77C3ECD41D73CA56C2B3EFB13323D0F3668BD1F
:203A800034902BBC5F1BD0BC31F835BD6C270F3E3363B6BCB0041CBD21D2AD3CC8CF4BBE69
:203AA0002FFDE53BC69A383CF2ACC5BCED45023E08C4853C3B8A4B3CE8BD0DBC595325BE7F
:203AC000998B313CE2C3DE3D722E81BDDBDD963DF57E863CCFDF0CBC02F6D9BC3F8316BD5F
:203AE000C547A9BD82BB943C81F93EBD7B7F38BE2A1CBDBD57A195BD1F70EFBDB94675BD6C
:203B000050D390BCDF88F5BDF8D50BBDBDA5CF3D928BB93B564B943E537931BCEBE9793D53
:203B200045F5C23CCACBF1BCFB1473BB84E32D3D8AF9B93C9F613B3EB03B5ABCD34588BCAF
:203B40003E82D7BC30E447BEF872EE3D363814BC6B2EC33C55494C3EEF4E303D99629FBD65
:203B600094E739BD7458F1BD29F53B3E7F8BFC3D6A3C393D1395C73DB2A0A33DB8C70ABD40
:203B8000D897E63D8FA1BDBD778AC2BD8135493DBD0D46BDCC60A2BE1BC1B5BD589440BE9C
:203BA0005A9BDBBCCF3219BE0C9A58BC008F44BD975C24BD359F963D9BCA25BDD941A73E96
:203BC00035EE39BD13E1203E9CA26E3C35459EBDABB894BD1DA3733DAE18C6BC6665313E17
:203BE0008814923C7E7289BD9E8609BD819125BE2F07BB3D1AD2443DAFB84F3D7D31473E85
:203C0000FF7D8EBC30DEB0BDEFD71BBB89FE21BEDB0D5D3EAEC0B93D93F7053EFD66723D9B
:203C2000C1A8A63DCEA1B5BD9536A53C15FBD4BDA22333BEF4E98EBB072444BDD3977BBE5F
:203C4000AAD7ECBDBC0D263DE78DDBBD7B1523BDC0B07ABDC4B35D3D82532A3C4822E23D16
:203C60004CC66DBD55D3853EE652463C84D2223E24EE9D3DDB9F98BC37C66ABDA65E1C3D72
:203C80003D64B53CB75D2D3E4343C93C0622153D5FA6FA3C103321BE5960453D7ED1C93D21
:203CA000DFCF0FBD9F32583E017922BD62A089BD8A10543DA6347CBEA2C79D3DC107DE3D1D
:203CC0004E2D28BDA022003EDDB9E73BD78CF2BD02EA843DCCE03EBEC7EF56BDC44204B9D9
:203CE00053F437BC2E0519BEE3BFB2BDAC4631BC1200CFBC785A43BB166DD43C4C10063EF0
:203D0000A8C616BD0D6DA93D8E8402BD7AB2C43E30D5353D37882D3ED782323D4DBF84BC4E
:203D200060BFC13C91A9163E634BADBDB9F26D3E5C41503C600B393B2719253DA6EB61BE11
:203D4000E3E37ABD606D263ED8CE8CBD3A53843E99C5A5BDC8958FBD02D044BC993774BEBA
:203D6000A4CF48BDCA17113E186FF0BD90B2003EC79C0FBEBD9587BDF817CC3C30619BBE20
:203D800084F11E3E817E1FBD842043BD2A7CD33DCC56AEBD7E9B8ABD348F383C73ABC4BD5A
:203DA000932427BD9415DFBD7A5DF23C6EF445BE9F0E033CEE6855BD91B4EABD8257293D3A
:203DC000350E4DBD5C7E223EE990393DF3186BBE07C5DD3CD4DA803CC05381BD0E15883DB1
:203DE0006B2E41BDA45B963DD0A0203E0AABA5BEF74BC33A0721C9BD4F5E153D8124F73DAF
:203E0000564F36BD777CA03C3899153E7ED499BE55D7793D5D961CBE5C08ECBBBEC732BC41
:203E2000400A77BDB6D8E1BCBE1A4A3EE618BABD756E9CBCEBBA5E3ED091A63C4BC88EBDE7
:203E4000E5570A3DC53B2BBDE033FA398487493C6D6BA13CEDAD0BBE1131D8BC917A00BE6A
:203E6000AD68FA3CFE85713D2C2D2C3CBE3BDB3DAD100F3DE0041FBE5E4C84BC0001A3BDDF
:203E800032A46CBDEB7FB93D33651FBDDF139C3DA082A33C543B5EBEF22C4ABD68E306BEA4
:203EA0003A8A9ABC553DF53C25FACDBD1A88503D1BB4EE3B58D68CBE68409FBC092F4FBE95
:203EC000D35404BDAC1000BDE8F2CDBD6A36CC3C628DC53DF2D330BC285DD6BC3E8D853E2E
:203EE000F10497BDBDCCCB3CBE6B6A3D10D2FD3CBB1F933D1F8C6EBC2F3E0D3D3A6608BE62
:203F000030463BBD29C7F2BC78EBFBBCD9C2A63D014B033DFDCDD63DC2B5773D970D34BED3
:203F2000714A853A339487BD0A885BBD83FC263D13D3A8BD1277E63D640DAF3DA0AD99BE78
:203F400040AB473C8BD0BFBD428300BD0836E43C8063333DBF99713B367E643DE8A581BEC4
:203F600005FC9A3D2D94F8BD2D60B53CB29365BCB21FBD3D35F109BC58FACABD15A527BDE2
:203F8000D045583DF7225D3E9CC3593DD841503D1C3C253D95A5203CCC986EB9784DF83C54
:203FA0002051D63D8E2F02BEB9FAA73D83A254BDAAFE03BC98D1183D4FE8353DBB77363DC0
:203FC0005034CC3D89D153BEBC7913BC005105BDD45CCFBC81CDBC3D3B5117BD4B2A5D3D61
:203FE000D0FAB33C970B86BE6E6C333CBD44CABB720D33BDAAFDE13D00AC293B91B2AABA68
:204000002D6B17BD8EC0ACBEA8AD3CBD7957F8BD52A268BDDC716ABB05EE9FBD95FF4ABD34
:20402000BA8FF2BD019D84BDA5AFAD3CB897513EB385163D3AC8673D61A35EBBA72B5A3DD7
:204040003313F0BB2EDB493DB52EA33DABC194BD6F44913D9E0800BE22EEC83DCB81C53C19
:2040600029B4DF3B460DDB3B19EF503E3D1585BE353F1B3B179E02BD1284CDBCA482643D91
:2040800097610FBD9F10CF3B8805043E7048A5BE6C9C28BAADD081BD0B333CBD277E883D73
:2040A00036D60ABEF9062A3D4C640A3EEAC4AABE26FB333D3AD1E8BDBFC557BB024184BC5E
:2040C000877682BD061A71BDE11F873C4B17813ECFC501BD48A0A93E3B7640BD6B46A73D0E
:2040E000100A8FBDB542963D77356A3B7AB2873D2CC86F3D68BDCEBC06D30A3D055CC9BDF9
:20410000E871D1BC621816BC96C04A3C23CD8D3D9C06143B27B85BBE6AC3A83C0755D6BDEE
:20412000550D36BB10C9C73DC8A9E6BDF63E3FB90453BC3D200797BE63A16CBD2B9BB1BDE2
:20414000B69BE1BD5664FBBC676A80BDA934A1BD16646E3DB6DCB8BEB110863BDC937BBE5F
:20416000B7F604BD3602EC3BBDA3BFBD9BFE543CC8C3B93D584439BE2BC152BD1E88A33ED7
:20418000A3B77F3CF530043E29C33FBDC390E73D77C8833CBA66863DE629873D230BA8BDFD
:2041A0001D27123DCA46F2BC1B794D3CA0077B3C00EC30BD354B8A3DA8DCC73CF8818CBEC9
:2041C00071C5DEBC476C80BDFF8699BDEF342B3DBFB7A9BD2447193D78A9873D0121A7BEB0
:2041E000B87D843DAFF77BBD56906B3CCB483E3DB9E0F5BDBA60A13C4C4CC43D28E6D2BE57
:204200002B0BB43D4427B2BDF9B02E3C371EC23D73B543BDAEA6CE3B286A073E4B3114BE8C
:204220007B19C03D6D3AF33E4D2690BCCF94093EAEB33A3D91EAAE3CAB86B53C9D5FD13D43
:20424000DA7C683D769204BEDE04233CE1FC8ABD731F48BC4858FC3BB6D24C3CB9DE573D8C
:20426000E726803D597A92BE82F980BD387181BD5DF689BDDCB51A3EA608E8BC73B3043E76
:20428000F09E033E37E6DFBE2800083DF67EE1BD6BBA39BDC69F473D5950D9BD59E98D3DC7
:2042A000981D133E9F53F4BEA511D1BCD282ACBD91CABDBCA1C4EE3D2D15A9BDB7B7EB3DB2
:2042C000FD0D9E3D64B3BC3C8EF4343D4AB6203E41B0803D9EF5233D0067A43DD3690ABEAC
:2042E000A71E8BBBC1BD82BEBA4962BDF2CD18BE7F09183EB5693A3D479CB53D7916E83B44
:20430000E3F8033DD5512DBE98DE82BDA61984BEC8FB9E3EA7A2F83D11490D3E628BE73DE8
:20432000BA5CC2BDD7F3E1BDE4E37E3DBCF5B3BE02DB8F3E7B5CC73D53E88D3D4672463D17
:20434000EF8409BEA70924BE03431E3E3910D4BE0032873E01A269BD1918B63DF0A286BD5B
:204360007FF787BD636F76BEFE70073E58F512BDBEA3533DA75F663E0D55A83DFB611ABD99
:20438000827E863D25ADAABDE5208BBD876239BEECB89ABD0C1BFEBD7561A73D61D663BC07
:2043A0007B64B53DAA2ADD3C5ED83A3C2D729DBDCED48CBDD4885ABE67F4413EE5B0123E7C
:2043C000EF74A63DF0DB6D3D4238D3BD1F1D3DBDCEA559BD39F796BE5144433E85C6F13D46
:2043E000650D2F3D6B6BC83D70791FBEFA2F27BD2CAE403DC5169EBE3414973E9A94A0BDFB
:20440000143F4E3DF20D9BBDE6FDFDBA75AD79BD5218913D2FF4AB3CD977B63D563D8F3E90
:2044200080880E3D2735863D72C2FEBC69FA38BDEBEB6FBD965E4BBDB88D0EBD77D3CC3B65
:20444000B4D9ED3DDDB61E3D8F579FBC4907663D5FEF48BDDEE77EBCFA2102BEC4A291BDA2
:20446000B6124E3ED7CB2F3ECC0F633DEEAA9C3D3DDEE2BD381A053D30D2B6BD0E5128BEE5
:20448000FE6F0E3E40F9063E226F5A3DDFA1953D087FC1BDE8C6BDBD4930E3BDBBD74ABE8C
:2044A0006A90263E169656BD0B77023C18A7293BAEC4EFBD81D30DBE63A2AFBD36FD36BE27
:2044C00086D4573E9977933EFE3F033E760AA83D2F89823D60AC8F3CEC3FDCBD1BD75BBD0D
:2044E000BE68E6BCAC52CC3DF5E9D13D3BC9D43DDF33433D9995123D3C5D86BDD15100BE21
:2045000027EC22BEA692903D987A0C3E7D52133EC557203D070BFA3C9EBDB4BD3E54A4BDA7
:2045200083C238BE269CDB3C1299F03D7620B23CF6CDAB3CEC43AFBCAB1D0BBEE36D02BE26
:20454000445AC1BD6201A2BDDA6D403E8ACE35BC08C1CB3DE03461BDC6F658BD7C6129BED7
:20456000DB507CBDF592DD3A7739323E1FE4F13DC1E9143E4F5182BD2D59A13D97382ABEF2
:204580004E2C08BDD3F638BEF10588BD43F1FC3D9EE01C3D8ED0133E1B328B3C5F37BF3C4A
:2045A0004DA828BD34E6563B503166BEE9E5383E24E18C3D37FE063E68197A3DF022D43DEB
:2045C000D484D1BD579EDEBC65E98EBE503F073D1ED9023E4E1BC03DFA2F073DE8DBB13D3E
:2045E000E4AC7CBD979AEABD983E8FBE6338EABD65761D3D1999A9BDEBAF993C7F1107BEA4
:20460000599BF8BC94ADEBBD9BF88DBD1AD1AB3C0E1A5C3E4745B53D86FB1A3E1055ADB778
:2046200046DFEE3D221E12BE57640EBCCFD616BE5EA285BD13D6863E9B10F73D3268173E5F
:204640000212C13DB9D0B43D8306D4BBC785673A084626BE23C5643EAEE4553E2F89713E81
:20466000073391390769883DF747A2BC0CA13BBD85C157BE1C2D0B3E4502163EC701123E20
:20468000B44A0D3DCC702F3DD26065BD6985D8BD461E89BE03792BBE2DA0A53DE63B11BEA4
:2046A0005AEDFBBC8C7104BEC0AB9BBD7D8052BEA478873D3C1DA6BC3E83603E2D72923B07
:2046C000AD2AE63D598C8CBDBF51BA3D709D0CBE03DCCBBD3E6028BE8B2045BE5096B23E65
:2046E000EE56BE3DA74A5E3EC785143D15CA943D298F1DBD4389723C92AAB5BE06ACC73E2F
:20470000B051063E28E5313E58817A3D75D2963D2BB19EBD7BE606BE2BE9B4BE38AC913E99
:20472000CBA11B3E6D74FF3D5E82883D62BD66BD5ECBAEBD52AD67BEF70A60BEA13C613C5F
:204740006678F73DC05295BD0A98763D065E13BED5B7B3BD24BC18BE40CF3EBCD80C723D0B
:20476000ACA1773E801C163DD5214D3E69DCB2BDB74C273DDB1C8CBE6E74FCBC229F82BED0
:204780003539DDBD68FD9D3EB94ED03DCFD25F3E718EFE3C8642DC3D52C5ADBDE01B043DA8
:2047A000848D95BE8BBBBD3ECBD78D3D7EB74D3ED097443DEF8B8B3C939C1BBE7054B3BCC4
:2047C00064348FBE32CBAA3EE2FF1E3E47C62E3EFCE0AD3DA4038BBD965C9DBDCA2903BEA4
:2047E0003D300CBEE497273EA5EE0C3E485AA93CBAD5DC3CC1C1BEBDF17C55BC464B38BE95
:204800009B29DEBB8BAE9E3D29B2BABC8A2B8C3E21AB603D11FC903E53E2A33CA0F7903E9A
:204820002590C13C852F733E69E616BD13EF0BBCEC6F24BD8D6BB43DAF8D0E3D04C97C3D44
:20484000B475BF3D363C5BBDFF5715BE7620B93C89DEAEBD4B28753D7D2A47BDE09D72BDA7
:20486000D8BDEBBC980C10BE12E7AEBDAD29933DC0F730BC59DB923C540D01BD5B1ECABDBC
:204880000E4CD1BC493A80BEEC0B173D455A923E3A98BC3D4602F03D81708E3DE4748C3C9A
:2048A00071FBFF3CCF5F95BDF5BD94BD5006BC3C394903BDA2B57F3E86198D3CB5839A3EB2
:2048C0003099A5BC9E63503EAABFC1BD1F687F3E1F77E3BD69830C3D6077CBBCE6054F3EB3
:2048E000DABF703C58CDB7BC4BB57D3D33A6F7BDA31362BEC490033CD438E9BDC10B4A3D26
:2049000046C784BD0919F6BD6B59113D5ED26ABE29F07ABECF261B3E875309BE9043CD3DED
:20492000A3DF77BC4FF902BE157E30BD6BF256BEF878EEBDEFD3AE3EF8A06DBD4F7A123E25
:20494000E83D80388C7FEA3CA99BD1BD0C3C18BEF654A83DEEA0C8BD98610A3C2E3799BE1C
:204960006EACA2BD1A6FB43DEE75D6BCB4BA073ED23437BDE7B8433E78BC94BDA9535D3C68
:20498000D5677CBCF2822E3ED15B043DFC56CCBD62952E3C1AA331BEF87939BE3251243E21
:2049A0008BEECABD2793D93D05FC1FBC7EF0D3BD84DF14BC215F9FBE144DEBBD10693F3E3E
:2049C000161FAB3A9D6BCD3D742C0A3DCDE633BE93281E3CF2D670BE95060EBCA55AB43EBF
:2049E00079CE303EB346503EF276533EC23D0E3D2575243DBD3C24BED0BDFFBC5B930E3EE0
:204A0000005FC53C54DA50BEB96B85BB23CA413EF6A6883A6951923E117BE7BC018F8D3EB8
:204A2000440D02BE46042E3C534B17BDB4772A3EC357C23CD0D4E8BC3F59C63D732A35BE21
:204A4000BBA05BBE5F79FD3D4CD072BD6B1B243E91441ABDBD14B2BDD2A7D2BC9D2F9DBE83
:204A6000EB963FBEF43A553E96C415BD024DFF3D0253D33CD367C7BD19439BBD235785BEAD
:204A8000579F0ABEE09BC93EC8BBF03DAAFE873E44E60C3E77905F3D1B5D2F3D47CB6EBD81
:204AA0007AE2883D9A31073DBEF6B43DEF1DE0BE088C8EBB53BAC53C0ED0653D3055073E42
:204AC0008BCDA13CBF873A3EC62F693D78A5B5BDD5A0D93DE364463E0690FA3D44D04CBD79
:204AE000BE61443E509831BE69B713BE551E89BC6B21023DD760C13DB718AF3D13BFE8BD63
:204B0000B00D563D7CD024BEAA1766BE7859B53D1FD1CFBD88453C3ECB6257BC734C54BD9C
:204B2000EE2519BD34D33EBEEBE118BE687B4F3E9EC7003DF051003E5EB7273D7CDB943DB5
:204B4000CACCADBCC89EFABAC99A98BD03DE063DC106D23D3763BDBE2C85813D299E8A3D78
:204B6000491C063C3A892A3EA0B2083DEAEF303E2127CDBD6202B0BD50986A3D8511E53D9B
:204B8000EA4F5D3DB8F2A93D7919DD3D6C741FBE3F663DBE5E5CFABB2AF19ABC79CEDF3D66
:204BA0001FEE2BBDFE119CBDAB04703B740712BE170687BE0FEEBFBB4D49B0BD601C3A3E23
:204BC000F2AE69BD6D914ABA15D0113CE07D9CBD671D19BE62F5203EEDA9E33C12D9073E30
:204BE000845FF93C8E43B73D2ABA86BDB99688BB89B40A3E4089263D6BA7BF3D4ADF9ABEDF
:204C0000912F733D00B64D3D86A6973C6FBC293E4735763D05A17E3E77543ABDFB4421BEE2
:204C2000FCDFCBBC1A15F23D8049043DC89B6FBC2BB37A3D3E4006BE60DF16BEC391EFBD32
:204C40006326D9BB0946273DC6A8833C966BA0BCF255933D28F822BE0AE840BE19D77DBDC9
:204C6000A120BBBDC8B2183ED9BB7D3DBFD9BD3BBA6C0E3C374E17BE4DF747BDEFE1DB3D53
:204C8000FB3A3FBC6CB34B3E70AA413D1862723D34ABC8BCC64F7FBD94F3CBBD7A17F5BB77
:204CA0006EFDB93D45CCB6BE2714C03DAC4F503D6EB3743D2FCD0B3EFD6B563C8DF5863EF7
:204CC000277A84BC2F19F3BD0DFEB93D9B9CE63D407D9E3D37865A3DAFCA293D0AAAFFBD65
:204CE000EC9B85BB2C0F93BDE377AEBCDF083A3EC4CB8D3A114C2A3D9EE7F33C130801BE97
:204D0000C383D1BDAFD8363DF949B8BC1EFF313E1F41453DBB24A2BDBB2C2B3DE52576BED6
:204D20006356FBBC58683C3E74F78EBADB8C5B3E5993F63CA3BD693D3077B53DA563D8BDBC
:204D4000F2B707BEF3DED4BA1608D6BD9832D83D9B1387BD4315EB3CE6BBAEBD78AF06BE8E
:204D6000A0BE49BD4B8FA7BDBA10993DC5879B3D872DDF3CCD38C83DF9A792BDA5CFC03D94
:204D80001C4104BD35BB983CF177273EF619303EBCC090BCD299283E7BDC81BD4034273EE0
:204DA0005FEC3D3D533DB43C7964503E0177463E3FB02EBD5152953DF53FD5BD7448AB3D8E
:204DC00047D8813D5D860F3D6212D63DC660163A1E5BAABDA1303FBD8BBD1BBD92F787BD30
:204DE000E187FABCCABA08BE4A9CE7BBEB79B03D763F293C57215C3E9C048C3DCBB8ED3C31
:204E00008879DBBC3A9631BDA72A463C990C90BD29163F3E7A6093BC6B6C113DB2CD8A3CA8
:204E20005EC2153D0BFD56BCE663383D0F829EBDB6814E3E8AEB483CAC0F51BDDF43203D38
:204E4000A7708DBCB99A023EF20B853D605B493C80C3033E8300D1BC0EADEDBD5552323D51
:204E6000F5879DBD78B4F93B9A7C323C88F4C3387B03A2BCC77ECCBDB35368BE36B6C1BDC1
:204E800072CB6EBE24EE29BD1E5973BD655FBABD98DBEB3DB29E11BD20902BBDAA46483E08
:204EA0001BA849BDEFDDD13C2C79B5BC65AFD3BDC3D2CFBCB1FAEBBDBAA18C3D7486A93D1F
:204EC000D1D8883D04BFD43CF7C6C83C5B760BBD6EB2B0BCFF731EBD2B10D33DF8616A3D13
:204EE000F641AA3CAEA8473D3DF72A3DFC3D1C3DA5BCBA3DA331AEBC1166373E0B5CB7BC32
:204F0000F701E4BC6D28F93BD3E1A9BDD2F096BC5DACB33CF5DC2EBD3207D33D987419BE22
:204F20001226A3BDFC5235BE2F9AA5BD1C4FE7BDB0D27BBD69AB1BBEABD5023DF957643D07
:204F4000512940BDF96C493E6CFB933CE777043E310B0DBB74D496BBF8EB423BF5BB3D3CF2
:204F60004FF6963DEC2E2BBBB8F1493D4D788FBD72EDE43C714A0EBC72ED643DFA806FBD2F
:204F800010CA473EF23923BD656F2A3DDF6878BD964A51BC72EC333D68484D3DF1A8D6BBD1
:204FA000CC24F93D77B4AEBDC60BF1BC09B12BBC83DB523C40FF213C7C70493DA666EC3CE8
:204FC000A67390BCB5F710BE81BFC0BD9F83B7BDA5982CBE3F4ABABDAA43ECBDDF93E2BCD2
:204FE00030A100BE88C0A23D77B943BD086F5F3EA9659A3CFD0CF23D1FF877BD60CD503D96
:20500000DBBA4B3DD131743D9F86BF3D296B37BBFB7C903CB8057EBDF1363A3DD400BDBCF3
:20502000E791843C88FEEEBD4798753E35D9DFBDDDFC2CBC203309BD425EC83B51A8273DF1
:205040002BC7FA3D64910EBCBC0E6C3EA23510BEB19BB43CED9206BE36EE083D7E1E393D55
:205060003842953D7762E4BD99AD7C3DB81F85BED45819BD040C80BE68E948BDF53EA7BD14
:20508000BDB989BDFC6428BE80F73CBD06BAFDBAF3FC0CBEF24F8D3E1D27C1BD155A893E6A
:2050A000B7A913BE6CB74A3ED16287BD75FF123E538C83BD01F230BDFE59E0BD7E4BE1BC80
:2050C000C0BF00BEF98DF8BC4179C5BCE28BDFBCDF9F413DF29B08BE49A229BD2A2D14BDCE
:2050E0009754BABC69043D3D9CE2623C896C2F3D5B97A03D3A2C22BE22904ABD05784BBD98
:20510000D16CD1BC369B3CBB6339303D5ED4D7BCEA17003E6CD380BE291D84BD145E13BEA9
:20512000120D1FBB9C67E8BD837A9F3C1CC9D8BDA69C94BD88BBB2BD4557B8BD59A43C3EAF
:20514000803FFFBCA828053ECDC604BDE592113E0AA53D3C036E0F3E349D063DEE0989BB73
:20516000657CBCBCEEE3DCBD66E1A2BD58C16BBDC02F37BCF3CC6FBC7B71433DE71502BE91
:2051800065CBADBD1E733A3D2ECBD33C2B9A163D40A1003DCE03C63D6DACFA3DC5EC0EBE8E
:2051A00089436EBD4FBAABBBFD5006BD9ED29D3D9D53813D1A627C3BD8F55C3D993640BE1B
:2051C0000BE282BDB64912BED0F5C6BDBBCD1EBDCC3CF83B738126BE6469DB3DA19D023EB3
:2051E000F5BC23BE5F0C443EF7F2F2BDB1E02D3CE7B77CBDF691DDBCEDA88FBDE5ED3DBBFC
:20520000D60B68BD1D1EC1BDEABD19BE984DB0BD7EACDEBDCEED4B3DB49324BDBC9ABDBB01
:2052200093B1473DAB8B11BEBBCC29BE113661BC91754ABD335FFA3C99FB883D5EA0553B13
:2052400002CE0A3ED6FC18BECCB606BEFD2BCE3CA278853BFC50B3BB02A88D3C1B400D3C6B
:2052600018B8773D686687BE2C7CDCBD3CC44FBE99AF3DBD6BD751BE2321583D8C847FBE90
:20528000A807CDBD95A923BE6C21863B75A77C3E8055B0BDA6C8A13E3008543B548A6F3EB1
:2052A0005DAF5BBD62A88F3EAC1CB33D5E28433EE2FCFC3D8B6732BCD63C193EC86395BD57
:2052C0008D1C213ED84A16BE4DE5AE3DBC82923DED494A3DAA4E22BEED69C83CC9EF4BBEF6
:2052E000F787ACBCF87A1EBEEF819B3CC7B1B93DF8E4363DAB8615BEB4AAAEBC68E284BE1E
:2053000065B4C73B65523CBE5C06273DE085C63DBB8C91BC7237E2BDB4E0BABD858906BEDA
:205320008EA3D3BDE76A51BE17840ABD1291A6BDC82093BB8103BBBEA0821FBD0399543D86
:205340009C2BE3BC6D0C703EF07E833CDDFC683E17ED78BDF9C8DF3C75B7373DCD470FBD7F
:20536000F21B9B3D5F6001BA0D669F3DCE9B003BDA0A1CBE3D6CD33CFB976FBC2D9B66BDBD
:20538000ED5782BDA47404BD28D808BD1DEC453CAD3A0ABE0B4F463E851D14BEF6DBD73C7D
:2053A000A14FD0BD38C593BCD2D41DBE916947BCD05DDE3C08E0903E4151C6BD67181E3EB9
:2053C00075E89DBDAD2DD83D5D2212BE975A1E3E8BB5EBBB14DEF4BD335082BDCC8D92BE97
:2053E0008CB9C7BDF735073EDA2D49BDF652983E943A43BC3050A43EB6E54BBDD0783BBE35
:20540000A545763D894A71BD81D1CE3DFE45ADBDBDC31F3EB8D6DDBDBF8C73BCFD9609BE0B
:20542000D4D7973D665391BDD64FAA3DBDE725BC2AE89A3D61A401BD4665403C372E60BD00
:20544000553D38BAAC1914BED3BEB1BBB2378CBD0E25ABBD5BCACDBCC706C53D9633B73D2D
:205460008012083D9312643D0D580ABDD076823D90064BBC6ADFA33D1B55013C4F39033DA3
:20548000CE17FDBD001950BE269C1BBEA3756A3E699228BEB91D9A3EF666C1BD477A973EEC
:2054A000F249E8BD1AD180BD6A4BB03C83EDAEBD15A3853D869680BDDB1D803D123989BD4F
:2054C0007C88F5BD734BC1BDBAEBB03C8287A5BCDA0048BD753CFCBB63A807BDF77C91BC09
:2054E000356E91BDEC71FDBC90494C3D7CD88EBD9489043B67EFBDBCE73897BD8B687C3C5B
:20550000B59E903DAEA0B53DFCB2C33B5C0F033EA425A9BD81A5243E7E3CDDBD5740133EE0
:2055200010EC8A3DEC6E233ECFF8A6BDE18BB6BD6D921FBD4E55A93ECF9199BD2A21DA3E66
:2055400079D2C0BCDC13D93EFE5592BCB09A49BDFBDDB23D6BBA3CBD1199053EC3C9AABCC9
:2055600041D2143E587F8A37278D90BD7951F1BDDD20A6BB5A8DC6BDF3D2B6BCD462C3BC01
:205580009DC5ED3B740832BD5972ABBD49E6BE3C3FC197BD31F94DBD01A1F6BDA777A1BD61
:2055A000F742E9BD042EEEBC031B7A3D8B91C13DA2BE82BDC4F9353D7B74F6BD76E8793DBD
:2055C00007A7FCBD2D36C03CA91A14BDE528FCBC464EF6BC264C26BEB9B88FBC59D9193ECB
:2055E000D2E5DEBC58025D3ED402BC3D87BF8D3EE8BAFBBC22740DBE0BA8D63D62C2E3BC42
:20560000721DAD3D5AA3FFBD33E9103E50C99DBD9CD8C4BDFDB10FBEE0126D3DD70F1BBEB0
:205620003768613CF8A1A6BD612996BC7C6FD4BCFD47C2BD3C97D4BD6C394FBD362A81BD65
:20564000DF8A92BD462FF3BD31E1F4BD57EFD1BC3BE432BDBA705FB96D2EBEBD46B5FEBCBC
:20566000F47728BE58F30E3CA6392FBE691B5A3DB9469A3DE703ABBC6E2C21BD1F7952BE16
:20568000186781BD9824EE3DD7A386BC1AFDA23E22C75A3C29DB6C3EDB47213CB6920CBEF5
:2056A000F2F1FB3D54AE12BC3ADEBA3D9CABD1BDFDBF123EB44F08BD1AFB12BDC548D1BDC8
:2056C00033606E3C8EEEC9BC61950D3DE401523C82783E3BFF57ECBAE58EE7BCF963C3BB7A
:2056E0008958EFBC58D370BD0A10FEBC1D24923A2100DFBC7EA235BCA9CD683D4CB03C3D88
:205700001F310C3D34F4BC3D5BE67FBCAFF6673C855A0BBEF82F893D8209A6BD355FE73DD0
:2057200033B8003D1ABC9CBE1C5E9BBDC8760F3D8714CEBDAB117D3E92161EBDDE3F963EA4
:2057400039C4CFBDE92811BEFB3322BD613C8B3B022D6B3DE0299ABC4B67D53C0C0C973D8B
:205760002CC811BE5B0059BE8C8C38BDAB0B733B9FD3323C776F9A3D8681B1BD06C5263E42
:20578000FC7D07BE6BB4F6BD445AA4BD06AFFDB9942008BEABE5B63D5B17D1BDC5053B3E4F
:2057A000C60187BC58192D3D54CB4DBD60E5493DE98954BDB6DFB93D9D476ABEF05B643E09
:2057C000371BDDBDF06DA3BC6C06F33C94C473BD78B087BCC19B013E1E785FBD61CA33BD25
:2057E0005872A3BB9CDC0FBE25EEA73C879C873E2DAD01BD189936BE740E0C3D80C32EBE27
:20580000DBDC5DBBC95570BEA9AAEE3CA24E9F3EC2BF0D3D811B8FBDFAF48CBCBA3BDE3B2C
:20582000E0A4AABC8DB85C3CF358273D1B0FAB3E4454FFBB0DB807BD21F240BDA05FF03CC9
:20584000371B0ABC89926E3DFD79023DF6E3583E7E8E653B2360853D25CE76BCD2A4DC3DA1
:20586000E007BBBD57902D3E5547A8BD5C13FF3D95C92BBDD57BF4BC3FD596BDB4BB593D19
:2058800052A853BC865C1CBD5E3F38BDAD10CFBD79CBDBBCB2C54E3EE3EB2DBD1D3081BE47
:2058A000A01647BDDD549ABECDDA8DBCA4277FBE0BC7813CF387323E21DD393C178BFFBD63
:2058C0008D9723BD0530ABBDC92B84BD316DB9BDF5CCBD3DD7F20B3E0FBCA83C020D3BBD5B
:2058E0001B5DCEBCFA1295BDEEFF94BD313D2EBD87D2D93C4C7E0B3E91CC61BD6032A0BDC6
:2059000000CF86BD4DBEAA3CAC66DFBD3F04573D85DCF6BDA00ACCBD9113D13AF57C0D3D4E
:2059200045371CBDB826103DCB4479BCD68881BCC6E68D3C08AA12BE9BBEC6BAFB53413E6B
:20594000FC092E3DB5D171BE637E87BCD02842BE124C4E3C6BF2E0BD8D3618BDA202FE3DAD
:205960000D5E6C3D792A03BE0994C3BB496C043CA07124BBC548E23D39DB0DBC0E6B663E89
:20598000546D18BDF4BDBCBD5C4CCFBB67A8AC3D6A8AB8BC07768B3DEFE69D3DAE34183E89
:2059A000B330893C6B5470BDA467F83C1565833D1255603CA21E033E865FDE3CDE3BD63DAB
:2059C000A7CD67BD9F64A43EB306C33ADD9D6E3E007025BD7428493EFE15DDBCA161CE3D40
:2059E000CACCC93D60FB2E3D27E2BF3DC03589BE9B583B3D13FD4CBEA507FBBCD083D6BD36
:205A0000AA7D853D02739B3DFE3B96BCDAE4F5BDE7BF583D9BF328BDF6D70A3DF695343D97
:205A20001EDECD3C98063C3C3865A73C87A321BE468AAC3CCB09A63C9BEF2F3D563EC83DC5
:205A4000A5F4A63C026880BD6B1A1CBDD6BF00BE59BF133D248E24BCEFE68BBC8575EE3D38
:205A6000CD84053D483115BED139473BD533723EA0E718BCD8F2303E7260423D3FF54A3D64
:205A8000CF4B493D2F94BD3BAE74D83C2A9E38BD95208A3BB8398BBEF03985BD352E95BEE3
:205AA0000DEDAEBC8C0E59BE0F702D3D0CBC473DFA4699BCCD7F33BE5F7EEEBC92162ABDB4
:205AC000BC1335BDE7B223BC276B9EBCA6B0853D7EE6B8BD42A603BE8D83C9BC3A0A6ABC08
:205AE0006493B93D0D91963DF9BE58BDC13A323D20B13FBC1C00F8BC93979CBBEF5E8D3CDF
:205B00004BDC063D4895D33D9B7DF0BB44860FBD5005E33B80A94E3ED7EAD5BC6967063E47
:205B2000B7999BBB78C32A3EE7F70ABDAC22E03D6006763CD3AD54BDEA2E11BD26218EBE6A
:205B4000F2D10ABD33B271BEDE66003D06A43BBE28FCDBBC2F8CC83DF52921BDA2C8FFBDE6
:205B60007E80243D856D093D2F46093D877ACD3D02A13ABD61F8803D29267FBCD0E774BDA6
:205B8000F52A0CBCAD9B75BB719FE33DADD0D93D7A29B7BD6819B83DE2CEC8BD28EA8D3D45
:205BA000D750A43C4728913DC722503BD3121D3E0C014BBD72D82A3EECCCE4BC2525EB3D5C
:205BC000C6508F3C6E25533EA92DA9BC98FC093E293FE5B953F78A3DF92D303D2F341B3D45
:205BE0009E64003C6629F9BD9F3625BDEF11BEBD70742C3CC6BDD9BD6744DB3917A6C43D0E
:205C00007FC493BB128C70BD5DCC7B3A72C982BC24348F3DD54CE83D5EC6DDBD8769513E2A
:205C2000B80A65BDE10985BC5B63673B7B3ECF3D879FB73D0A63023E172EA1BD3468C33D2A
:205C40000B048BBD2378933BBBB9073D690AAA3D2AD7413D614CA43D2339D93C26711B3E04
:205C6000EE30C0BDC4A8583D2C72D2BBFDC4063DB7915EBCD341033E13D8CCBBE64D933D2D
:205C800060DA32BD5477DC3DBB9B8EBDEE40FABD57A424BD9DE7D1BDDD02CFBCD595B1BD41
:205CA000EE8AC2BD47A33C3EAD0450BD147755BDF9FD6DBCC5FB2CBD0B9D423D1C24213DA1
:205CC0001C5620BE2051113E210189BD15034FBC141E893DF5C1C53CC021503D70D96B3D1B
:205CE000770D1DBEF023CD3D2DF4DBBDFBE7A2BC26506B3DD86EA63B67F81E3CBA1BD63D49
:205D0000744A82BD7955EB3DCBFF36BCB4939B3D2D776CBDFF1892BD1D3E593C65695CBEAA
:205D20005981003DC22EA3BEB863833D11FB083E2A3BB4BD06C7423E97A3593C62FCE53D5C
:205D4000F1AF8E3BCA90C5BCC51E153C93401D3E91D62CBEAA057F3E8E0D89BD2964D93D5C
:205D60009FC13E3D9B0E06BDFDB4A63D1307EB3D89AF68BEFE9D8A3E2F9358BC66F9873D4C
:205D8000906CA53D845BA1BD373E4A3DF1570E3D1A9A0DBE9B64A53DB9315C3D5B75A6BC44
:205DA000492B123E7AEE12BE7B48643DA8812D3D3DD2C1BD3DD28EBDED2DA2BD671337BE21
:205DC000D34ECB3B802D94BEDA0E133C7C5791BE49B4E8BC5418163EF67EF1BD9E4FD43DC3
:205DE0004F566ABCD161F03DD259B03C9D94EBBD35148D3D0DE41E3E6D1F40BE04CF8E3E00
:205E0000B5F9CB3CFC292A3E205D1E3E94E965BD2C36EF3C5EA42F3E460980BE8C68513EBC
:205E2000DFF101BCA399DC3DA3CAEE3D65535CBD685B973D60FB1B3B30F32BBEB22D6A3D3D
:205E40003CF4A1BBF08886BDA2BD703D61C19DBD2E651B3ECD1C1B3C7B55C6BDB8822A3E52
:205E6000AB2766BD86769CBDE678B3BD5BCF4ABEE58C02BDE9C14DBEF12B83BDC7CE053EBF
:205E8000A4AC4DBE459DB13D1A0061BDE1B2843DB109C83DF8C17CBDD3A946BD04BEEE3C2F
:205EA00075FC31BE5D1E473E10E81F3D0E61F93C7FFA8E3D56DD1ABD42866E3D572E4E3CBA
:205EC00000958CBECB41253E0FC00C3C1D0558BC8CB9D33D3EA1F6BD8BE96D3DAB3D0BBE71
:205EE00010ED2BBEEF2889BDA686AEBD670869BE50E6003EDEDD98BE75FE6DBD7646363EE0
:205F000082E25DBE7465523ED167C3BD6A34813CD9191FBDE83478BD0844753DDC99D0BD67
:205F20003053BEBC4435B33D3B0135BE600FF23D2E9382BDAA0BCABB1A0F853D3EAF09BE55
:205F4000838A8F3DB684B3BCB0913ABE69933C3EB59D243D5D93BA3D0DED973DD227E3BD0F
:205F60009C30D23D7CC665BDB458F5BD704AF83DF87305BB5EC7A43D270B4C3D7436E1BD01
:205F8000A8EBEF3D37FF19BE00AFA0BDA7DDC7BBF4D0D5BD66D2C4BD5614353DD63707BE66
:205FA000CDD06ABD0502853DE43C4EBEA505D83E28C63DBEDADB273EDF3FEABDCB46233D2F
:205FC000A69E713CE0C0CC3C9C8222BB6231BEBB68E0C9BD75010C3D157DDD3C559B663D56
:205FE000FA1DA63DD3D9FDBD198DAD3C423CBABBF5CCDEBD53539B3D29510CBD9A93A83D90
:2060000060BE0A3E65559EBDE2F6993D281E90BD1D4765BE1441C73DF398A5BDA79C913DE6
:206020001F737E3D717EAABD3ED2DA3DDDD380BE01BF60BEDE55E4BDC62BF7BDC5268EBD1B
:206040004FE7ACBD3BF285BE2E45CC3DA1BBF23C25DA46BE6746D33E950113BE749C8B3E2A
:206060002399A4BDFBD4803D58E3CF3C127D293DF2F7603DBEE03A3DA06C31BC06BDFD3DAB
:20608000C0E8973DC9591F3C34B1083E5530ADBD26F5423E15368BBD722A11BEDCE09F3DBC
:2060A00052C8CB3C8B25963DEDB13C3E041549BD1476853E46A210BE561048BED724923DCC
:2060C00046DB86BD972105BC9FF6B33D1FD48ABDDA7C5B3E39F167BE306036BEFFFCA9BD01
:2060E000557935BE802500BEA931ABBDEC6D83BED226ECBD8E915E3D17F161BEE48BCA3EA7
:20610000AE6D83BE3B94513E68A53BBE4B619A3DC0A345BD955BBF3D78E5833C5E7F4E3C68
:20612000D92095BD1954A93DE490B23C0811D23D6D30033E75C589BA4351503EE4BAC1BAA1
:206140003A4230BEC64AD03DDAA748BCBBDFDA3D3A42F33D8DB61FBD95807A3ED41DFCBD40
:20616000F1827BBE715BCE3C43CE1DBDBC280A3D3571373DB7DA1BBEA3E8603EF48198BE0F
:20618000256637BE618005BE392F23BED9D50CBE4B3523BD99B44FBE60C6803DB7DE5CBBD1
:2061A0008E0263BEC7D1BE3EF17F3ABE43E4443EF04322BE892D563D6D79113CE88CB23B99
:2061C000BCDF283D8004BD3D9A33A1BD3112E23D9C465C3D36ECAC3DE1FC5C3DCB410DBDE2
:2061E00097FC883E1CEC833D9BC2A7BDD190463EC9C1453D41A9613D01E3173EB9CD04BDC4
:206200001364AF3EE8F6A3BDACAED0BDF106C23C6266C8BD14010CBC786A02BD8AB8E4BD52
:20622000C1DD843E76502DBE251F80BDB25473BD77018FBDE189DABD4FF532BD2F4C6ABEFB
:206240001C8E61BEBDD10B3E29AAEA3D3CAF62BE35B00C3EFEAC283DE472243D7A36A83D0F
:20626000E3BA0B3D5001B63D5D42C83DE1F5BC3E50A6AA3DFDB3CA3D3F25153DDAD36B3CE3
:206280000B4552BC2754AABD4D7706BD2CE7C53E7BCF8ABDAA747D3DD92304BE576085BD01
:2062A0000F5F20BE56AF33BE3605B2BD040EAE3E9B36BEBD077F7A3D0CE71BBEA7A8E1BDB2
:2062C0004DC061BECC8127BE220B21BE9AD7A53EFCC10ABEF1A7673DAFD46EBEE2CFF73CAC
:2062E0001868BCBE7DABC0BA73EA13BE921C223EF8B133BD0AB18BBE41F96F3CCFDC4FBD8D
:2063000087F630BD9EBBE53C3B7318BDCECE3CBCFCB6C1BC9B8E8C3E0B3B733C26A67F3DE3
:20632000C79505BDFE6D6DBD176E7DBD025E14BE704F24BD3197973E0A8ABCBDA35A6D3DC8
:20634000A72F0FBE74CD94BD689D22BE5ACC0ABE1E04DB3CF035813EA27182BD0B7E0C3DF4
:20636000176484BD754D36BD855805BECC9E15BE07BEA2B8FC05863E837F5EBDF713DA3DAD
:206380004EFB87BD4FF3473D404146BECC05633D7D55123D3222933DCFF5923DB47493BE63
:2063A000821A143CA0B8F3BD124D943D927598BDEDAA763D3A3097BD886C8B3C9F27BC3CDC
:2063C0009CB2B23DB9E8D8BDD047C43DE19582BE837E863DFF4B89BE6C788BBC01B9EEBC98
:2063E000B5FA3A3CA36954BE51486D3DB2AE5ABECF6ACF3D2813A4BEDA58113C7EB9EBBB61
:20640000275F963DD6A74ABEC3C3963CFCD845BE7A36153DB23689BEE032E93C82A02F3C7A
:206420003C48803DA68F24BAFD76C93C4E04CE3CDC54773D285A923D17E041BC333EF43C6A
:20644000AD2BE53D762B54BE8A563C3EAA3263BD98B4FE3D77CFF1BCEEFA2A3E3185163D66
:20646000B4F1253ECF74A33D2F81453EAB9CDEBDAAC14C3E21E6D2BDA271263E69D91FBEBB
:20648000F2F6FF3D07047F3D75C51D3D171C43BE2839AA3DEB7FCCBD5E8BA13D5E39BABD39
:2064A000C13025BD041FDA3DFADD29BC53CE18BED30B45BB39CA73BD2E078D3CA3080EBE96
:2064C00095E8A5BD88053B3D26CEB7BD757833BC23F3B0BDB99B42BC142ED0BD0C82403DE5
:2064E00012CA3D3ECE011DBE8956F83C612BF8BD279B2B3DC9944F3DE44437BC38C6333EAA
:206500007394113D834A8A3D3A63B2BD0B07E73DF953BEBDBAA4863D6253A8BC781EBE3CBF
:2065200014E203BEDB03733C290085BD199AFB3DC34FFDBD5159A8BD7ECA73BD43D7ABBDEC
:20654000409D31BE624AA3BD604299BDEC0E773DF5C6A2BD0BA390BDFFC2D5BD0C0A2DBD55
:206560008B46F4BD0E327DBD6A07B03CC1D8523D5A31C8BCF46D9EBC40ADEA3A04BB4ABAFC
:20658000157F14BE746BAD3DB9CAE73B6849AE3DD3705E3D73521EBE319F46BD5410853D13
:2065A000CE0DB2BDB3EF153EEE13A2BDB5351C3EBAC48B3DB653783EC5708C3CDCFCE63DFB
:2065C0007CC4183C5943F23C06E9973D7D9E203BD1A0A83DF820673E474F51BC6199D1BCE7
:2065E000D40F843C67AB96BD220FEB3C2BF898BC5D0DAA3DC6F30A3E8A5E8F3D0EB006BD3D
:20660000803A003D7FC295BD11DDE9BCFB6AA9BC5483CA3DEFB1A03DE61FAE3CED3486BDE5
:206620006B60EB3CFF19C1BDCF33533D8A1FB03C2CF8BCBD0303BB3C1CF50CBD1BB9C0BEE5
:20664000B67AA8BD80BC47BDC68E9FBC98D0AA3DE38697BD7F185A3DFCE1023D49D5473EBD
:20666000DEA0E73C8F6DE53DFD30063DF55A593D064BC03DE033ADBC558E713DAB07043EB7
:20668000E413723DE23E51BD9974BD3C5A2CB3BDAB72CA3C903AA4BD1FD0193EA7952E3EEE
:2066A0003317F33DDE51B9BC1017623D8BDA69BD4158CA3D47BDAB3C0A16243E48F1D73717
:2066C000C17DD63D5482A6BDE7F13C3E4D13B6BD367E893D8B8C81BD75629BBD5BC8EEBD3F
:2066E000796B42BD4D7594BE938E1E3C15F5503D3E2738BC6350953E59A624BD9A6C4E3E40
:20670000A6B8353DAC585B3E499C473D359B1B3E6F03E83D5882A03D5B5CE53D0D4785BCBE
:20672000AA06C03D92E8763EF537A63D2007293DF457C43DB5B588BC4E6D903D97B5AF3B2A
:20674000DD260B3E3DCFE53D2E1BB13D75BAB83BB32F7B3DDA3E32BD29F6E43DEA2C9ABB1A
:206760001A5E303E271CF33CD07F663D6D4CDBBCBB8B103E7A8309BEE3BA763D682AA0BDE8
:20678000C7E2C43D8739A3BD3A78C43D31990F3D33B7A43D7356013EB3FDE03D36B7173E84
:2067A0000766853D5E491A3E04EB813DC0F2A43DD0FA76BA81FE09BECAFDD5BDAC8514BECF
:2067C000F9A1B2BDEF839ABCEB38BC3D2E43433DED92D53DF1C1CCBD5A11F63AE30256BD7C
:2067E000591BADBD8A2E033D070A0B3E2E00153E794DD83DE37806BEA3B72B3DB2B618BDEF
:20680000F53387BD58ECBC3DA13AB73D3B57EF3B94EB843EEAA0BABC0CC5473E9ECB15BB74
:20682000A7B0CB3D4F536B3D7CD9353C952E84BC511A773D220445BEE15F253C77467D3D86
:20684000CB27EB3C5755943DDDCB803D4A67053E63BC7A3DBF9FE03D3F23BFBDCAB19FBD43
:206860009C02EEBD74AA9BBD3C64DCBDC251243C473C583D5579FB3DD2A082BD84963DBDCA
:2068800072CC7EBCB6538C3CCBEFAFBDE1AB6B3D43FE00BD90E9693ED9CF8C3D236D51BD28
:2068A00085961F3D19F08C3C9D3209BDD6B5C8BC7D44983C0B624C3EABED133D3F5F093D94
:2068C00041D8403D454E16BD43C6193D3F87DABCBF05BA3C7575CABD32088D3D25AF8CBDB5
:2068E000B4A3E93C420F363ED927D53C28B5253E3C9B0FBC025F423E025B6D3DBA0640BEBE
:20690000446419BDA3053ABE42EDA9BDEBA2BFBDE8CCBABD06F25A3D868B1F3E574C0CBE26
:2069200045B8943D4122D9BD54D3DE3C2BB214BD7C03ACBCFE05283D00849A3D133451BDA2
:2069400011F1C83DC5B4E7BD4CA5083E75EFE9BB51E9DB3DEE30EA3DE22D8BBCB302A9BCCD
:206960002357C63D072912BCBC91863D25C9E43DFE22AE3DA7D9EE3DC71CCE3D9BE2B73D68
:20698000D20FACBCE0E69E3CCE32033DB8E0813DF62E2C3D639C8E3DC090863D1441B53DC7
:2069A00080CAA53D00EC02BEDD9EB2BD8F9211BEA2B10DBEEEFB1DBEF3DF13BE6EF9AC3C51
:2069C00010F3633DD8A7833C689527BC2BE60DBE9CF4A4BD0CA3A5BC53F8B4BD6CFFDE3DD7
:2069E0006F78863CB28EA13DBA2FC03D6B3DB9BD1EDE583C397DA93C5D89D03B9530243C8B
:206A0000D8DBB8BC927EE23D64631B3D95054EBC4269D6BC303A713C70FDBBBCA24E923D66
:206A2000338AD9BC2564F03DE9FE8D3C7414133E95B3C63C8D141D3EE7DC3EBC44A1333E6C
:206A40000135653DA8E32D3EE6C3033D1FBDF7BD61F7C9BDB0682DBE37B9E6BD986D0BBEAD
:206A6000F0C80CBE47D6003D2991F93D69C609BD8F45A13CC76269BD716F66BD535C2CBCBB
:206A8000A5586FBD3DF1C63D49C0BC3D4073A73DCF39B73D5438703CF5D7883DBA722A3DAB
:206AA00005028CBC5113CE3D6365E23D1F0A843D79A4A33D78FA073CADA3A43D494A473D4D
:206AC000DADE573D4A3DC63D351A92BDC34B9C3D7B92C73DBF35843EC6A4143E3E93403E89
:206AE00099FD0C3EEE70DC3D620B463DC35B763D66815A3D2EFC10BDF380183D4E9B07BE93
:206B0000F808F3BD6BDBE2BD49D9FBBD5A6C27BD4F60973DC58F05BDE49402BC24C0FCBDF0
:206B2000039B05BE3BBF223D3DC958BECEA5CC3D0941B23DDA7EF13C46F9C8BCAC90DEBCAC
:206B400081DCB7BDB52A233DFEB742BED49A4B3DFDE583BD2BC9573D48ABD0BCD6E855BA84
:206B600010C7ACBD56EAB4BC4FA68CBE810E5F3D664D5D3D3C23783B65EB913D40ED4F3C86
:206B8000A6D5FF3DB172813D3D26A33D5ED5D43C3BD6AB3DF3D83F3D0E99D53DBB08EBBD73
:206BA00052B3963DF1AA33BEE78E32BC8B370CBE837207BDF51583BC384F053EEEE3033DA5
:206BC00079E8843CA593EBBD68369DBD6FC1C5BC783308BE57FD9B3D9F9EFD3D602F853DA6
:206BE00076AA373DB4A8ADBD8CB652BD271305BD3BD027BE56DA163C03461C3D3D1A53BC74
:206C000034C0E33CA2B63EBDAAED92BDC6AA253B515A38BE8F56FA3D7B2B2D3C9D58953DC5
:206C2000AA6C113C6D81163DD8CE103D59E7E43D0D961FBCD915FF3C2DA30EBD6BEBE0BC28
:206C4000410D8D3C98B655BC9E2867BDC9A731BE03555CBEC14F30BE307147BE6AAE92BDF8
:206C60008CA0AEBC5A68493D6CFC65BDC8458BBDE65A68BEEF6B9BBD970AB0BE626F0D3D15
:206C8000A61E48BD8B8C5D3D60C7F7BD4A3D01BE7AA653BEEB5BC2BBA0BBC2BEBCA1183ED7
:206CA00087FD7CBCEF7F8EBB864E063C0E33A5BDCF3400BE4BB4B23D1B0D49BED388C43D6E
:206CC000E598B73D641701BD2D59AF3CE394EB3D0C2B463EB02ADC3CC757453EE27A17BE7B
:206CE0005F3F8F3EBD9504BE79CAB6BCAF9416BE172D33BBC3783CBC88E6593A746B7A3C4E
:206D0000AFD23F3CDC44B8BDED028DBD883459BE9E77C3BB6CE5C7BC8C5C88BCE1CF783DDE
:206D20006205D33D48FC803C1BE514BE307CBBBE945DBC3CD6133FBEB036B23CDF5975BDD8
:206D4000752E8F3DC01301BDD07EF0BDF9C104BF07A92B3A4CCEC5BE6875EF3D857B69BED9
:206D6000FD6ECE3DF60951BE8DAB72BD3587933D34EDD1BA4B2BA43ED42A823C6552853D63
:206D800033C4073E2A7915BE54340F3E8EB21DBEA9CE0CBE49534ABDBE94E5BD3B554EBCDF
:206DA000CA9185BDB4811ABD873DB7BCB86B0ABEC795C5BD7670C7BDD0D33EBD62C48CBDB3
:206DC000BCBE07BD10EE0E3CCCF18C3D568A34BC3ABF24BE9A557FBE9F0095BDF2622DBEA0
:206DE000CAD56B3DAB614A3CFDD4E63D06C3783D717707BEF17CDDBE34CB893B5FFE9DBE18
:206E00006C0A373A1C432DBE559E2F3D9D3879BD03D4543D2120193D584AD8BCD878C73E4D
:206E20004BB58DBCE8E6263DC9ACDD3D6734A6BD9F66D33DA6C06ABDB55A6EBE0858F93CD9
:206E4000B5EB4FBE9684E6BCBEA4F7BD253BB03D0D50D6BCFE116BBCC68175BE45146B3CC7
:206E60007417AEBDC82D6D3DAD842F3D7601B83D97DD6A3CADC66B3D0A6684BECDF6A4BD69
:206E80005217CEBD7C626DBD0695803DCCD4203D58FE68BA10FD933D34A147BE959953BE33
:206EA00075FB37BD22E25BBEBB96A43CB2E5FFBDA2B83D3D86DC72BBF502D23D3F2FEFBD4A
:206EC000D711B7BD95C69E3EF4DCE1BCE0981BBD668D023D0FFE02BE04DABC3DAABFF2BD74
:206EE0003DBC22BE16B3403EC18F29BE23488F3CAECBFEBCA4878E3D422B7C3BFBCBA13D14
:206F000088944DBEF598ED3D1F09AEBCC5AE893DFF74893D06FFDA3D44297EBC461C973D96
:206F2000B0541EBEB8B25BBCCEFE83BDC792AEBD5916423DDA31603C1EF6FE3DF3C1CE3D7D
:206F4000F81DF7BD4110D4BD84E1A0BB1DB629BEB695E03CDAE0A5BD11E21A3E68EC52BDDB
:206F60008F20B9BDFF433A3D930195BCA4E11D3EC437DF3C6567C3BD2407263C8A9653BE4E
:206F80003FB36A3DBDD068BEC0F6A1BD1D870C3E89044BBD53C1273BE80B5EBCCFF9A73DDF
:206FA000C0B0CFBAC160143D2824BDBD3B1ED93D6A64C1BDFACA5F3D86E2A23D9A9A193EB3
:206FC000710B9E3D6C37D73DC5BCEBBD3B0AEBBCDE1535BD42D233BDDDDA9B3DDCE7403DD6
:206FE000A6E6BF3C6988BC3D1826B6BDB0DC26BE908CD03CD91E11BEF31010BB5F5D0ABDC0
:2070000098B1CF3D543297BD0D60283DA7B558BEE1C7553DB04A393E4AC3EA3ADF725ABDB9
:207020006FA6403D58193FBE2C11BD3D06F94CBE3F2898BDB85B9F3E7F7B86BDB1A6C63DCD
:20704000A3FD44BD27B0843D56D4783C1FE6243EB4D594BC479D713EBACD173DF1C7873DEF
:20706000941B183DB0719B3DD8D77A3CC91D343E30BE94BD0668B73D0999063D26CDB5BC6C
:20708000556C853D8D6047BCD8C9343D0FF4F03D729F10BDF70A46BED3227A3D369C81BE9B
:2070A00029DA7A3D49E242BE906EED3DA32844BD473C1A3DFED52C3C652ED1BCE8DF253E98
:2070C000C3A600BD7A420DBD95D723BD262977BEAFFF043D92AE24BEF8FC24BEAB84CE3E12
:2070E000794DF3BCA6674C3ED74843BD381DFD3D3CB8EEBD50868B3DC823BABD7EBAAC3E15
:2071000047AE2BBCA3AC193E741EEC3C3B25BF3D864801B90630053E7F62C1BD4898783EE1
:20712000E4E3713DF3BE2C3B8969283C2B139FBC0A83B73DAC09E23C4F0B483D532BF33CF3
:207140002B1CCA3DF9AA1BBEF07C8F3D0F48AFBDD7C8FD3D6C28A2BD4E35463DBFFA82BDA0
:207160003469733DDE24863E8684883CD81E52BD5DD00D3DBB5A07BE007D7A3A0E3001BEAA
:20718000A33BD4BDFE01F83E06EC13BD51CC613ED3847BBD0D24353EE76EB2BDB3310E3EA6
:2071A000FF9C9ABDD6FFD73E90405F3C06D4D03D02926C3CDEAA133D76AB933CF364D2BCB8
:2071C000D834F0BDCE4F723E0A7A72BDF23F86BD203879BDAE680ABD2B0097BD2ED5E9BC70
:2071E000266801BE31934E3D7086123C87BD76BE51CA39BD328505BEB7D8E53BB7E242BE64
:207200005FBA013E43B9F2BC6E3A06BEEA672EBD2AB3FDBD1554F43D311501BEE6490D3E14
:207220002402A03B5CC7113E97D78EBD4B08023E1D71563CE1A1C6BAE0549F3C4B5B12BEE8
:20724000DDAE0B3EE34E90BD6EB661BDA8BE5D3E6299FCBB7B6EA7BD42203E3D55D220BDB9
:207260007E4C863D26077F3C9FFB123D341D603E112DB9BDD988C9BDECC2443C24A698BDD9
:20728000F067873C6F4984BCDF0B793ED66F683D08D678BD2E646FBDA550EBBD640C9CBD1A
:2072A000F41F8EBDCE4131BB72C77EBCE9B3A43B647DCA3CC6828ABBB46F73BB25D9783E0E
:2072C0003922CC3D411E833E0AE2333E2B017A3EB00C2DBB5143383E1E1E303ECAA40F3DD7
:2072E00081654D3E176E52BDC17B6B3E80C7BC3DB63A833D7F8A023EBADE893A884222BD67
:2073000012A9923D9D482E3D965E933DED86E63DBE4A9E3D37B94A3E74AE8BBAFC08BCBCFB
:207320006D04EDBDE1EBC83C31766ABD0654503CFB6A1C3E07EAAB3DA4EA093D67BF0CBC54
:20734000B8CB92BD884BA5BCC4CE87BC4CDC87BD350B21BD619694BDB4FEFDBBAC05A8BD00
:20736000A8A520BD6824F43D7D4E03BDBDD5113EFC43C3BBBACE3C3EE21E0FBE7D0E933DD3
:207380004B22C33B9C6CDABDE345C43C3B051ABDCD8C4F3DC7A004BD39AD65BEFC44013E0F
:2073A00083D99ABDE45E94BD490193BD8BA1733A8AFDD4BDA9620E3D3DD61CBE8A1FBE3D15
:2073C000B8E43ABE7BCDB0BD61EC71BECC2CADBBF30570BE95DB65BC1A7A0FBCDF2E143E13
:2073E000FA9AA9BDA7D4173DE8C1D2BDBF63013CD2101CBEA4B66CBC8A5590BDC9DCDC3D05
:20740000675FADBCDBE751BD138589BDD087C6BCAE9190BD6148DF3D5FACA0BDBD7C1A3E6C
:20742000D5D95CBEA10C4ABDF7C314BD40D427BEF8C28D3CFF39B6BD30542A3DB825593CC1
:207440007DF93BBEF90FF6BC8E881CBE7F930FBD60D60CBEA6DFDB3B3F7BABBD28EDC73C60
:20746000750BE1BD8392CC3DE7DA30BEFA02643CFEB343BE916A15BCB27A82BE0E4D4C3DB7
:20748000916E193D1F1D223E7C71E0BC0031833D6F08D5BD080EEF3B31801EBECAC4AB3D35
:2074A000FEEB103DE6F38BBD39130E3D08216C3EF8227F3D9DA9F83DDD88083E188FE93D42
:2074C000A1D2FA3D5786013E7B840B3ED8F2F3BD09A35D3EF3932BBE5CFC8B3ED259CDBD98
:2074E00023A1873ED8171E3D16F0733D8D80B7BDEB9EE03DA0D929BE60A11A3E4606A4BD76
:207500009A5C913E7A59E73CF7CED43DD5D15CBDB925CC3DF163B5BD8A3B0D3EC26C1EBD55
:207520008D95513ECB5E393D85A6073E68EDB8BD6A81453D79BC56BD888BE13D488317BA3F
:2075400038656F3EA98287BCDBD45A3D8C7C2FBE778110BDE9A106BE948F70BD42849DBDB5
:20756000748D1A3DB42681BDEA84633D96DC193D733F353CCD0444BE18C5983DAA6964BEE8
:20758000B030D33D4002F2BD2BE4323E006BC2BD4EDA253D58E12CBEB21F1DBD7E3A32BEA1
:2075A000753F2D3EE043F5BD2E21673E8FAC84BCE7269F3D2F1D05BDD2DD3B3C398F06BEBF
:2075C0003156283E759CB7BD3B3F993E255BCCBC816C813DBE63483D85E9F93CD6188ABCB8
:2075E000A78D263E5F5E813D5CB8813E02ECD83DD4FACA3D9AF68D3DC47685BD3024A03DC6
:2076000005C0DDBD9F0DC93D3A3DC1BDC595443D4C3124BA4CC3F33BCEFA3DBE337457BD73
:207620006673A6BD76080DBEBBB1B33B649505BEC2759B3D19C9B9BD647434BE005F233DBF
:20764000E7D89BBD4B4EF7BDD85BD4BDCD27C8BCD52C15BD430C763D659F4E3CE88D673C0F
:2076600010B9BEBC61AB9EBD08160EBDFE32183DD6E2C4BC5A42C73DFCDCCC3D1BFB1B3DCB
:2076800079BB8F3C867381BD6B79943D9E22733D8234DB3D5E977E3DEFB838BC69432CBDE1
:2076A000867587BD49309A3DC87609BDF7AB2A3EFDF724BDB00E0A3E960D47BBED9FF73DED
:2076C000B01195BD52F4A03D6A8A533D732352BDF673B63D3F9225BD3E9F9B3DBB03433D49
:2076E0005535EABDD7FEE93D33EC95BD75E02FBDC306F83CADCE5CBCB31562BD7385443DBC
:20770000AED0403CD886253D56B90BBEE3E275BD40EFCDBDF7FD3B3DA808C8BD38AAF33D74
:207720003A21F33DC736BFBC7575AEBD80D60EBE6EB42BBDDDC91ABDCD6F4F3CD58E813D60
:20774000C62623BD8CBA2EBDC59E06BE325F16BE31C207BE66EC6D3D224535BE310D013E15
:20776000D2F909BE19B63E3E837131BDCA909B3D6E62C23B8DF217BD76A25B3D5DCB97BCCD
:207780007419803D62C5433D2ADC1C3D4278DB3DDF22D03CB2DDA0BD2ED5853D96FBF0BDCB
:2077A000761F7C3D3D11DB3CDD94A63D4536353EB117D63D3AB02CBD3983BC3D75D8A5BDC2
:2077C00056239C3D6E4DD3BC7552833EA3553D3EC5EF4B3EC6647B3DB905883DAA982ABC48
:2077E000A0F9FB3C7AE7383DB9D2A8BB3CF1CCBD73F5653C287EEABDADEF403C5929FF3D13
:20780000D0B47CBDC93A213E80FD003CF844183EE26F263D98CF6ABDEABF813D0109FCBB94
:20782000E8A6CC3DEFCC56BDA553B63DCBFFD23DFC89143D6C61813D2CD2FE3DF0445BBD39
:20784000A9312A3D87BA83BDB3FAE3BB889ABF3D9B41DF3DB5040D3E8EFEC93DDC3A06BE95
:207860000C90FE3CACEFE5BD1C27E23AD9641C3D530A2D3EBCF5A93D0CA4423E76706DBD61
:20788000C050023D0B97ACBD98F775BD9B32E8BC95BE2B3E08CD113D54C3C93D767310392E
:2078A000EDDF1FBDD3E5BC3C55984CBBE6D4C43D58AAA7BD6A10C13D304A5DBD4DB4723CA0
:2078C000AE9FD7BDBF60D4BD65B9CCBD40A9F4BCA7C778BD9DFFE43C3C2334BEF839973C23
:2078E000192601BE470AB5BD33654DBE55B1553C04C885BEF46F063D1F0B15BE220DA73DC8
:2079000010B381BECD1A95BD7B01AABE1C5191BD3CC8ADBE487E0A3D1618E1BDB1DB9C3DE0
:20792000EF898ABE07C00C3C9449ADBE0B59423D6D00EEBE597AE23C8672DD3D41A5E73D27
:207940005B218C3D499C283A6A12FFBC24080BBDEB8284BD6B44D3BB5E3E10BD47FAEB3DB3
:2079600043CD07BE463BDABDFBC6E8BCE73108BDCD355C3C8F5E993CA37E6D3CDEAB9B3D51
:20798000CC738DBD836DE93C86EDA9BC11F801BEBB990DBE3D7AECBC5333D9BDB0A5563C28
:2079A000CB12D9BDE49BCE3DB2D202BE825506BE51098CBE0ECBCCBDA5FA97BE149949BD3E
:2079C00022DCE4BD7948A33D08B709BE5A6E75BD3D2BB1BE6D1DF0BD3794CABE6EEDADBDC1
:2079E000D8ED153E42C7933DF32876BCD7123A3E46A8BCBC095C303EE76D603CC29F793DA8
:207A00001B5ED13CF419393E9F743ABB38C00CBDA75FFB3D6A0C8EBD18AC423EA10FA83DBB
:207A2000F35D823E6132673E8D2E383DAC3C59BCDD9F323ECD3518BD5F03523EFFFB6CBDF9
:207A40000A138E3E4599ED3DF4E1E73DDA05943DAAD6323EB24EFABDD43FAF3D194A1FBDA7
:207A600071D83F3EAA85523C56E8023E4C32D33CCEAEF03D2BB974BD53EB4A3DFEA27EBD1A
:207A800062D7D53C2A87E4BA9C2366BD325FCA3D35B983BDB88B2B3E476C05BE9237C83DB5
:207AA000D18693BD35AB6A3D330E45BD9A8D323E006AA4BC3688F2BDB5CF983D7C7E0DBD6A
:207AC000003F273E67197F3D4285013E1356FF3DB8BC6B3CDD8032BD9F85873DAC12E4BD6D
:207AE0005B6B483E37FBF93C93DE8A3E6D3BA93D9776DB3DA674B63C8B0B423E93262EBE20
:207B0000A4BC6C3E50DFCDBD472B6B3EF66C1F3B2A74E93D97B29B3D84176E3D15DEC4BC2D
:207B2000BF1FC43D589218BE16CE353E022E11BC328D68BD4C53E43D75C2CF3C8D353EBDAF
:207B400060555EBB30BD96BDE369833CB2DEC9BD242F16BDEE1E65BD6CE09FBD821405BEA1
:207B6000A45DCE3C363103BD4E41DD3C166458BD7FC72B3DB162D93D86CA09BEF012DC3C94
:207B800028A50ABD2E2E2FBD09116FBDAE3FE5BC41671C3CEAE41B3D5403B1BD8BDE1A3D8A
:207BA000883D94BB3166FFBD3A2AF9BDFF3F863CCB1AACBDC1B5B23D151F0ABE8B4A383E4A
:207BC000A05612BEA7A172BD7B57D7BDE25B52BDDE162CBE783C183D8178F1BC328CA43C8B
:207BE000B7A8F8BC942974BDCBCDB9BD769FCDBDD85968BC9BDF0BBD30207CBDD243FFBCE7
:207C00000052BDBDBA5532BE091B3C3DD191D8BD77EB873D88CA03BE8DB45E3D1ABE003CDC
:207C20002360DABDBCE6C0BD09679CBD09E51FBE3E38263CF9AA76BDCCB5F5BD89110D3EB1
:207C40006657663AA62241BD5A8F66BDBBBC77BDCD8999BDAFCC453DD9146DBE997C343E02
:207C6000C35E223DA939383D315620BDF9C698BD3BCAC6BD88200FBD1A3D40BE0FCBC73D86
:207C80009845E6BC7EED8EBD2E6F31BB8564183F49F2123D3733F53EF04BF73D9940993EA0
:207CA0007FAC7D3E93C3953ECFC71EBD9547843E9EADBDBDAC58EC3DFEC58C3B0DE6E63B16
:207CC000344A223D023B31BD5F748D3DC535F33CD46E5FBD1A3B33BC05D9DB3C7AE250BCD7
:207CE000214A6B3D5A2576BDF96B083E781502BE7C04943D0628DCBD5F60C4BC250CD2BDB1
:207D00000053D23CF0DC1ABE2349673EDE2694BEEDB9B83D182752BEE7ECC53D12FD7DBEEE
:207D2000A787383DE1428EBE0C67EE3D7B61A13DD613A0BC95649A3E6D2B243CF3C27F3E59
:207D40007CB61D3DDD90C63DAD7BAF3D19CAD43DF59A1DBEBF76643EFD0FEBBD25230F3E95
:207D600067280E3DFA020A3DBE4F7C3D0695B03D74B1B0BDCE9FEF3D78D041BD9D3A823D91
:207D8000DC14463D1E17873D388BC83D3BB2733DE029E43D1759C2BD78A2B23B9B8588BC8E
:207DA000D4FC053D931F3ABC7E5BB03DF013813D9E46503E784D2CBEBB9D9D3D221951BEE5
:207DC000C759073E6EBF2DBE117B903D8E140EBE74C2B13C8E16023E3014DF3D4157843E9E
:207DE0009F97443C2841423E0433253DBF02803D259EEA3DE69407BDB166F2BC4E0CBB3E8D
:207E0000505380BCC680A43DAA3117BD8C8CB83D92A09E3DD14954BC4CCED4BC05E3333E66
:207E20001306AB3C6BBD6E3D3AEC993DD4E307BDA54CAA3C5558A7BB192F243D307A823D00
:207E400022D5D439FAC3663B6817A8BCFEE41ABD6CBC433CA488ABBD79B17B3DFF96D4BDE1
:207E60006E697A3DEA5464BE23F6BF3D803017BE524BA23D716F05BE68E3503D6468D1BD29
:207E8000B1F1E03DAC20AD3E46AC183DBD635E3E4A35F03CBD65803DFABA033E2250B53C87
:207EA0006EAEE0BD20BAC93E6EDE4BBDF3A74F3E3FF3003C223E123E946A363BDEF8E43B2B
:207EC0004F8D53BD110CAD3ED4502EBD96C5693DA44A773DD949383DDC33273C76730CBD41
:207EE0002E741F3DB3013A3E09BCD9BCB6258B3D9E72C5BC750713BDC1E8EEBCBA0AF0BDBA
:207F00002517D43DDD69513CA1F5863D0488EEBDB41791BC35B281BE899255BD332B6CBEBE
:207F200063C52BBDCD3FB8BDFA96093E4AE5A63ED01FBA3D9B9E893E9C5F9C3D7550573EB2
:207F40002ACCEF3D0958EC3D21DD92BCD5B3B63E9AE8DABD8DFA573E781F27BDF7801F3E29
:207F60005E2C313D52309C3D3AAA05BDE2B9423E2A39CBBD6D94EB3DCE3777BD351BA43D6F
:207F8000452DC2BD461057BC52DEDDBD6C4B153EEC9632BD65F8A73C1D9F6ABD450374BCA7
:207FA000B4F2CBBD773820BDA9C5163DB67AB6BD4CAB8BBC446504BED593BCBDC0F526BE80
:207FC000D6ED95BD25F030BEB36B7CBD63DDCB3DA0260F3EE97EBB3E4F3082BC43016F3EC9
:207FE0009E96FF3D896A763D6187ED3D83251E3D1E27D0BD156CE93D1DC4CDBDAC5516BC9F
:20800000ECA2CDBD16CA9EBC47B9E3BCBA73E7BDB58710BEF407E63CF1A8ECBD2A0EB6BC8B
:20802000B4C524BDDA9763BD3D34E9BD88CCA5BD0853C6BD25FBA3BD3F09B6BD5F4DB6BD50
:20804000EA510ABEB02E1DBEB1F248BE395251BE23A21B3C6F116BBE6F3261BD851A5ABEE6
:208060008ADB34BCE6C237BE72C88CBD9CAF86BEE19890BDB6EA1A3DE54FA9BDDC50083F32
:2080800029B828BD70BF683E0A01A4BCCD88823DD698E43D93AFF43C125B2ABE78082D3E85
:2080A00022E521BE8671853D315F3BBC78AAC53CE769C6BD728F0EBDE04C3DBE338E443D6F
:2080C000C971CFBDFF13F93CD95AE0BD499664BBA7F81DBEBA1CC9BDFC6F0EBE163220BD93
:2080E000CBA4CCBDF264ACBD2B55D9BD5A01B5BD20D055BEBE4A02BE51294A3D48645CBE54
:208100004A93BABCEA2634BE752A72BDBCC730BEEEC3EABD88A32EBE79A9303DF08BA23D73
:2081200088E04DBD254CCB3E3F9DD6BC6613103EC06A073D20AE6A3C46ADEE3C599BC8BCA7
:20814000CB6AB2BD89AF543E70F274BDD225863DF3F992BB5C99A13D92F0053C83361ABC06
:208160004F7EBEBDC85C093E10C373BD7CCAB83CF4BB47BC6BA4DBBC6984A8BD49C6E43C36
:2081800019B0C23BBC8ADDBB1B63D1BCCF7DCBBDDB681CBE83427FBDC02914BE4E3785BDBC
:2081A000535C0A3D3A5B34BE724190BC4A5E88BEB1E8D9BDD60D62BEAA4809BDA4983DBE34
:2081C0002C7C943DB110AB3C186FC6BDB60E99BEF670C4BDAC9FF1BD0E7E17BE12F2C1391A
:2081E000976613BEDC81DE3DFDBFEBBD8DC1943DA1F2F4BCA5ABA1BDDEF4CABD2BDB13BE95
:20820000787420BE2D2361BD93445EBC4830283EED79B23D788FFEBD63CBBB3CD3FA4ABE46
:20822000A41ACC3C1F3117BE9DA0DD3CE91B6B3ED6AA373ECED688BDF5F35C3DA346C8BD83
:20824000C301503D968381BDEA5EB43DE99ABB3EF62A643D8EE2EF3DD7976F3D606E8A3DB5
:20826000207291BD9577983D52DB0CBD027129BEB9C753BC3BA6ABBEDFE2C2BC98B529BDA2
:20828000AE6DA4BD2494203E3F1C37BE35F9663E2041883D22EE5CBC2228BC3DC9E140BDF2
:2082A0001A5F70BC49EF17BD4FA877BC5F42363DDDD4BB3BC1CA073E2E68E23D0BAF80BDAC
:2082C0008EA9A23D7EF5FDBCB526543D80B63CBC1240F53D6CDD903EF8433A3EA66A573DD0
:2082E000E7038A3DE97C07BC9852413DC582DCBB2AA2E53AF3E7B13E1686AB3DE1F1DE3D3A
:208300007E7086BD4F738D3DF15493BDD86BD43DC8C2DFBD6BEA8FBC4B67BF3DE2D54DBE81
:2083200027FFFABC0101A63DD8ACD2BD4EA92D3E7280ABBD75516C3E2DC3433CDCF80FBD2E
:20834000BE0C3DBDF5241FBDF88CF6BC5F784D3C198786BD4D589DBA84DF893DAFCF933D78
:20836000506A9F3D348CA6BD8CB9893BB29409BE10EA483C99B9993C4A4C8F3D24AFA13D76
:208380005A6A2A3E50A7E4BDCD7C1C3E2AB3B2BD403BB83D8755BFBB8DEDB93D2A1B2A3E47
:2083A0009888DA3D5573BCBC2AE0EC3D7B2036BDD8BD9D3D274981BD1D0AE8BDFB69293DD2
:2083C0006DBE553DF4435ABEC1BD243DF008D6BCF32F76BC66C0133E07291DBE6D72303E05
:2083E000735889BD1FC499BD8F65A6BD48AEF8BC88D10CBEDBC545BC2E30A8BD11BD823C1F
:20840000732FF6BC43F6F5BDD36D233D2BF7AFBD03D86CBDE146E1BD9B39DFBD3E211ABD80
:2084200068A793BDF7401E3D06EE8C3DCA08D0BDE62EE2BC8805D9BD4A53E0BD0C850BBDC7
:208440008587D1BD25170C3EB07602BD06B192B8584493BD717F96BC413FD0BC258ECA3C23
:2084600055B2283DE0F6D73D8ECC223DE9E033BE3C54E0BCDC9D95B9332D92BD15A1D83CC7
:20848000DBEB09BEEF0B973D91BA0EBCF7B00ABE3EEEF8BC21C45CBD14CAEABCB36AD2BDEF
:2084A000BF5A00BEC623883CA3225E3D6B58623BC14EB13C5D71F4BD24E261BCF10C00BE1F
:2084C00098794CBDC537E7BC7F50B83C5708A83D0560063E0816D1BD7AECA13D2F03BCBD98
:2084E000480B2C3B7FC3343C9E08093CEC3C673E5F7AE93B1F7A893D0403383C77D64C3DAB
:20850000670D173DC1B3CCBB51E6013D3E1068BB3106023D92C13DBE0A53D13C2DFEA03B7E
:20852000BAA17BBAEAD9B43DB7F8B1BD3BB6643E39426BBD2B66A0BCFF545A3D46D3BE3BBB
:208540000202A03CE4B74B3D682667BCF8B7A03CDC3B31BD696B9C3C4825F13DFD354D3CD5
:20856000514A023E13663A3C9126913D2D2A983DF24E2A3D2CCDF03D34AB463ECD02943DB0
:20858000337CC93DBB62563B8CB6973DC34AE33DDF36CF3CC412803EDB1FD13DFA31B63D5B
:2085A0009CDA963DA2AEDA3D6683AB3C673BC33D6865C33D4A69D1BD8141B93DD2D0BCBDB8
:2085C0000806023EC286EB3D7FC61E3D08073D3EB7C694BDF4C6253E5C95CA3D53009EB926
:2085E000D617223E2BC46C3D41F8B13D7F1D5A3D9927863D7408DA3DC0896EBBEA0FC73DB7
:208600000DE51B3E47A52C3D0FE60F3EB25E1E3DFE8B1C3D89258A3D342C60BDAD7E0E3EC2
:20862000E1B1393E9A1CE43B249B203EF0D316BD442F093ACEA2833CBBB5D2BC86D3693EC6
:208640008E325E3DF620903D8459473D945A74BD347986BD7D18883CC8FE90BDD73992BDA1
:20866000DAB2CD3C3CBF413DAB514F3DC6BF2D3EF49D28BD8AE06F3E65D6FDBDBFE9823E8A
:20868000AA080BBD040061BDF88973BDBF347EBD7EF790BDE25C93BD5D055CBE1419EEBDBB
:2086A0007F7A16BD92D72BBE1F92A13CD49F2FBED377CBBDC7A8C3BD104D2EBED1A5BDBCB5
:2086C000F89895BD0BD535BEE9C04F3DBAFCE7BD443942BD18C29ABD93AF4EBEE3CCE63A8C
:2086E0002CF808BD43FE3FBD32CF9D3CF2D40ABE6346DEBD6D7400BEEF9D28BE917E96BD35
:20870000941BC9BC091E033E1CF7FE3DD33B13BD987ED5BBCC0E8F3D5BA65A3D90F6BD3D2D
:2087200077410B3ED2C3123BA135A4BD294D013E33C98B3B85326CBDF315CC3CFB90EFBD81
:2087400098907BBCB3CCCFBD32CB97BC3E3A123E306CE4BDB7AA0BBDC9E4B9BD50E425BDF8
:208760007C39DBBDAA506DBDD37D023E0539033EFBC7A33B9E0DAD3C8E8828BEDF2C14BD6D
:20878000483530BEBCE1243A853B463E37A3FB3D02E2943D0333FF3B033084BD089E6D3938
:2087A000F2D010BE32243BBDB9E07DBC1A3518BEF15A243D31CC6F3E6995633DD5F57F3E69
:2087C000ABC2153D561D683EDBA3F83D9E6D263E6E7D05BE1DC0CD3CF2B74CBD180BB6BDC3
:2087E0003DDAAFBC2FA5A43B4438123DEA3D57BC4ACE89BD8B5F613C9EEDB7BCD69D8A3D22
:20880000A78015BD5B59F83DB330A9BD890ACA3D6DF3D63CADD6A23D2A58D83C8C66913D69
:2088200019264ABDA1B0F83D0A1D2FBE92DDF43D3C714B3E2C8C8C3D2905CD3D4E3C363DCC
:20884000592F863DA0748C3D1135CABD385D9D3DFF60C3BC77074BBD434E343E603A9E3CD9
:208860005DE1933D1C61E43D1F407B3C55C7073E95D7FB3C5D450F3E9FAAE6BD4957D3BD27
:20888000D39686BD9762A9BD459950BD618BFDBD6C86473D397A0CBD57E302BE8A1EE8BC04
:2088A000F0E083BDF9009B3C4C9ECEBD44ECE63DD76DABBD68CC923D39620ABDFC39D93DB4
:2088C0000C0E7ABD525A973DF34704BE32DA2A3E185C62BEF669063E419FBE3DA4A65E3D60
:2088E000DBB49B3D5AA7FD3D349E75BDED1B043E8794ECBD261E4E3E03D7CFBD6BFFF6BD71
:208900004646B43D055911BEEC8CC33CBAA99ABC468F2C3CB213CC3D5321AD3C5AA4C43D16
:208920003E909B3C286977BDCDD2C93D0EAB33BEAB4CF53D6044B0BD1D30FF3D6B5FECBD48
:2089400001F6423DC25B98BC1A4E433CE4B0CBBC6074313DD98EA5BC211048BBCEFE6D3D7A
:20896000F672503D678D903DD31A8A3DEBCB8B3D09A6893C4648453DC1F71C3CBD28503D09
:20898000604C913EB6B28A3D337E423EE0FC4D3CD45D113E6966F93BA775393DCB53B03D77
:2089A00076B8E539B4907EBD4B6EFB3DFF665ABE5AE3DEBAA743D5BC1667EDBB4F07363E3F
:2089C000A3EC493D2E92C23D30700F3C238E04BE5FB0A93DA2662FBE8BBDED3DB92CD4BD93
:2089E000E58B113EE6543CBEA984913D95794ABDE541843D12F876BDD74796BC5C499EBCE1
:208A00003D289DBC5686AD3B0F97003ED2427CBD0B04863D1485B6BC5688A33B9517A6BAFE
:208A200094F79DBDD7A5013DB8C1773E87B137BD5488393E48F0AABD63A5AB3D211368BD02
:208A4000BB507E3B6A971C3D917E2CBEDCD193BB41F6C33D0EB64DBEE697553DEF172BBC02
:208A6000FD9EB43D21B2A73DCC24CA3D78011C3EECFD303DDA9084BDC05A253DAC800BBE77
:208A80001848053E1226F0BD1051853D5B21F7BDEE5C46BB1F639BBD2A672E3D824346BD12
:208AA00058A9363C02B6853DA58C2FBD0283963DDE9B2B3DA5EE51BD9E3CB0BCB0C9103DC6
:208AC0000E35D8BD780C563D907D40BE182AA63DF9AB303ED74CAEBDAD99063E9BB0443C82
:208AE00098AE51BDEE03F5BB8AABFFBDEED96FBC184A113EA8F3A23D8863BB3D98A596BEFF
:208B0000DE56073DE9D46EBD052F0F3D60E88B3DE8DC5C3DD1FCB5BB25322DBD87C3C9BDBA
:208B200053B6EFBB5C3811BE91BFE73B7B48A0BD6B953D3D688DEABDF6F50BBD521A9FBCFD
:208B400040D5C0BC9A76F43C9C80ABBCF1A9F63C106FBEBD1E1CC4BC879BAE3CE85617BD23
:208B6000A25F4F3D224ED6BC945A97BD842C643DE4702BBEBA3528BB42C7673E5477BBBDD3
:208B8000CB0BE03D61AE0BBE16D6533D99580DBD7C8B32BDE6593A3C7B6E22BEB8A6573B6F
:208BA00022F5043E1013A7BE1DA1C5BBC07D7CBD81DE25BDB3B7033EE46876BCC9AE0B3EF6
:208BC000738957BD5210DDBCE491B8BCF2249DBD3B5FA73C76C07ABD925713BD13551CBE4C
:208BE000D35A383C100D2C3CB41FBB3C6DFA5CBD306FA2BD51F68D3CCE0D09BE2EE4C6BDC0
:208C000067E9843DCCCDDDBD7CC64F3D90F6F3BDC4B26DBD3FD7E6BD21C440BE83DEA5BD0D
:208C200015057F3E1A3E62BE20C71A3EF9F622BEAC58B73DFE194CBE7B9CC3BCE9FCCABDBC
:208C40005129EABDBFA2043DE8AF62BEB82F57BDCCB751BEEAE8133ECBB768BE71291B3E4F
:208C60006539C8BE231EE83DB55AA3BC020EA53D68071A389BF0F23C187FA3BD189E18BD0E
:208C8000D5F8CBBD6147723DC49BDE3D8158413E7DF8173ED1E21E3DF591453DA935623CFA
:208CA000298B6F3DF728BA3DB06B083E9CC3453E096E393E2EC8B33D29B7503E9EF9213DC4
:208CC000D7EA643E9F504B3D4D09623D2EB04A3E7AD11F3EBFC204BC1CA65A3E542360BD88
:208CE0000D1A8E3EDB40843D5323CBBD4DB453BD175D28BEFF7A84BBA46CD8BD691B513DCD
:208D00007784D6BDA750A23D58858EBE5764083C2C7F003EF2E083BD733F98BC6B63AFBD8C
:208D2000D865A9BD7B38C0BD1E15B8BDC884D2BD062A113EFBA511BDE03DBF3D0DE8BCBD69
:208D40006BEADB3D8C2934BD915EF13D1B57793B9E6EAC3D9A01FEBB0022FF3DEFF572BC04
:208D60007732E43D2D38243D964B593E683EAD3D1FAB853D972C29BCC3A9463D6E9CA6BDCB
:208D800079EE313EA49EAEBDFB985A3E64F898BD0E9F03BED9AB683D7FA884BD8DCDF5BD69
:208DA0001617A13D550441BB80DDAC3D32B5AC3D46801EBDF0BC083D033ECC3C2C120CBE5A
:208DC0008AC8183D1410E9BDCDC62A3D72D7D1BDBA54263DC7DDA1BD50B7B03C89B6BDBD32
:208DE000A2C1843DBDF788BD04358A3C6E894A3D761A693C69F9143E7B7698BDB754BBBD27
:208E000091C4C8BCD94E6B3DECA05B3D62CEAE3DB0E4543DFF3D1F3E04DE07BE9BD7ECBDEB
:208E2000CD2943BE856C13BCBAB10CBEB38AD9BCA7C5BD3CEA56C13DF129033DB08714BD6F
:208E40008E9AA0BC1FD436BEE467763B7653573B9FD16A3D98378A3C84E416BD814B8B3DD5
:208E60007B299F3DFC512BBEC3415D3DAA83CDBD1D633FBDABD620BD1D7DA2BDCD4CE2BC5D
:208E8000C5922A3C55742ABD77B1293DC16EDB3CCEC1A93D3819C83D406D923C0E22F33DEB
:208EA000463EE8BD502CA1BCC2D5BD3C3D2F7C3DD70D943D5C04063E4C37393D117F693E72
:208EC000EC6838BE4333D23C711225BE44B93D3C999A08BE18D526BD9FAE0ABD326BEC3D45
:208EE0007CD897BDFB7904BEB0DB9FBD450A32BE0FBE8D3D0AC43CBD1A4716BD1369643DBF
:208F00000EB9E9BDA5F6553D31128ABC25A500BE736048BCC4B10BBDD0D67EBD07AA1FBD24
:208F20005D2503BED211F73A57376ABD0950BABDD7662A3D4E2867BB5CD6663DC070583D7F
:208F40001FDB263DB263193E73777BBD2076B9BC7A4E06BDF714A43D7FD5B43DA060863D9C
:208F60007C12DE3D167A2A3EB7102EBED35896BD77FE23BD505BBDBBFF074A3D0C0D7BBDC9
:208F800013A9DA3CC2CC48BA07A89FBD4B7588BEBC8D75BDA19F77BEB160F0BC1946B4BDE1
:208FA000A142CB3CE7BA1EBD689C5ABD519C0CBD2D2219BDECD918BE1AA727BDD32277BDEC
:208FC000F38DBEBDE5D9AB3C827983BD881B403DF93D8BBD06B308BE022C583DE6EC43BC05
:208FE0000B17A03D4295AB3D1A41FA3D52EE193E94A8A3BD1BA25BBDAB3172BDA41BBA3B5A
:209000000DD5B13DF2069D3DBAAEDB3D1F2E233E591186BE93C4A2BD2770F4BDEA3CA0BD51
:20902000C94E93BDA806C1BD191CCC3DF605C93C9D29E2BD85D50BBEB7B40A3D300EF9BE30
:20904000BD1ED83D12246BBE55CB013D55EC1BBEBC602ABD4CB006BECC7F8E3D2BFCDBBDB1
:20906000373C89BDEB1636BD6B9FB7BD0C10173D938AC1BDA74E673CB8FFD2BCA8F58ABDF9
:20908000A1EE53BC8ED351BC34A817BDFB68333DB842353DB53AA73DC5ED23BE216D6B3D39
:2090A000672591BD1C5DA93DCB17613DCE93453D7587563DDC02C63D098099BE063688BD43
:2090C000C50B63BE8DA1D7BD6BA9FCBDF315ADBD53BB80BDB53E52BDE382CDBB74D6DDBB82
:2090E000A44FF73C26E203BFEB0AE23CF24584BEBC21C5BB1A5600BE87A5613DED69D0BDBC
:2091000098505D3D2DF7C2BBA29B7BBDF00B833BAF9358BDBEEC5FBDB51358BDDC0CF1BC6F
:2091200043810BBDC8D00B3D4114D0BC44B852BB0E1C313D92F4CC3C49D2B73DE9B5EE39DF
:20914000EBD2FABD9B72D73DF3EB23BD6522653D4E73843C59A2F43B5613AB3D24ACAEBC5D
:20916000BD4442BE7049243DE98859BE3F9863BD322D31BE827CFEBD95F6A3BDF75301BE5A
:20918000054D603CE6CE183D511F45BE0AF5163E607E46BDCFB2703D42D2C1BDC81561BC77
:2091A000B7BA68BEF38D1FBE729C3D3D2F0ADA3EFFF5F63D49FF723EEC4D853D9804AE3C42
:2091C000BDDE463D750256BC136CDE3D4E54B53E5894823D123D473EE52E873AC31D8E3DBB
:2091E000F87BD63C01656C3D8065083E2C0A5A3E8FD86E3DB9AEE03D1A9B803D55BA26BDE8
:2092000063EB623C343D4F3DCBDA153D20E6CDBC270C253C96FD07BE5646E7BD584615BE42
:20922000964971BE302345BEFB4B9E3DF9BF263EFD90A2BE3A04693DD29A94BE4404C23ABA
:20924000745066BE3FB021BEA3A17CBEEEE984BE62A3DDBD60A1C03E26D395BC9DD0293E05
:2092600023BCA1BDAA7EEC3BD19B613C5D5406BE646A57BD3393933E3FD31ABDC534F03D5C
:20928000956A2EBC80F931BC3F47243CD942633D7C9DDE3D37C62C3EA352AD3D2D079ABBDB
:2092A0004A756BBDDF05833B6911A4BD2F9691BD314ABB3D530B0BBEE244843DE1DC26BE15
:2092C0002E5D11BDDC484CBED94176BE998C3CBE84F6BBBC4742923DD42BCBBD719D5D3E21
:2092E000E5EBEDBD35848D3DC4CBF6BDB2713DBE0F649DBD5AE741BE6A52813D0B16C73E64
:209300004422AC3D61A9E13DBEE0AE3D5361FD3A1B4A783D63BBDFBD651D133EF4CB803E3E
:2093200054C2093EFAFF323E06B0293DE7A63A3DA2812D3D86C4CE3880D1FE3D9055D73DE5
:20934000A4F1303E1EC4CFBCA9348B3D811E38BDE8C4B63D0FA3A2BCB6CB3F3EA98C31BE93
:20936000B0CFB53C0D7121BE0CC71FBDF79828BE4A8FCEBD92AA03BE5943E8BDB8B5213D8F
:20938000D18EB0BC73174F3E3DF0CBBC8076B33D56E64CBC1A0010BDC13FEABDB2B213BE4A
:2093A0001DEA3C3E7573A33E6E00FF3DC39E133E908D713CB7D8B2BC9662C13D8CB63ABD11
:2093C0000110693E1EA45A3E0F96233EDA46143EFAE9543D37AA283D957AE93DE43B08BD30
:2093E0001AB4803E1A92383D7021383E5E2E99BC2B01DE3D4E968BBD5ED0DE3DEB25A3BDAC
:209400004353273E167A93BE2966863D7D6A75BE026694BD83B55CBEFFC56CBDB2E981BE32
:20942000DDA8BDBD84B5FCBCA1C791BDCF0AA63E468112BE76BF963DF13117BEDC6A1DBE12
:20944000BE793EBEF99060BE24E11A3DD7F4833EBAEE8A3D47D8F23CED9C743D39E28ABDF2
:2094600029179D3CE082E2BDA82FB43D2272353EF1DEB13D6444F43CD006913D2F4B1A3CFA
:20948000C42D493DFBDE153CC22E6B3E25A957BBBABF1D3E9474D2BDAA30DB3DBDB782BDA2
:2094A00093171E3E55F7C9BCCCB3703E2E6548BED511B83D047177BE8D980A3D5B0834BEC9
:2094C00049A92A3C0DF935BEE915E63D497B07BDE685523DD09EA13E76567D3B17C0123EA0
:2094E0009D2719BCF0A84BBD6ECA05BD287EE7BDC3A02A3EE2C05D3E0DD7673E73DAC23D12
:2095000098AD2F3E4E9DEC3B36BC713EC62A983CF6A2603E7A47753EB965533E8858963D16
:2095200036C0F63D90EECE3D9BBB083E7906533D23803B3ECB807A3AED5A1C3EC5CEBCBB08
:209540007E7DC13D9459EE39AC9F1E3EB595D3BA63580A3E0C2478BEF15FC33C349405BE3D
:209560006EB5C3BD79760FBE6C7D07BE24D4BEBD7603D93D35E6443D09D18BBD945BAD3E44
:20958000FD1A84BDAA8B863E4E13D7BD8A13F0BCD3D016BDC5F1DEBD5A2FD83CA52E873E40
:2095A0000C5CE33D38DF533CB6A70F3EDD5434BC4E192E3EC850D73CCC37433DBEFB6B3ECF
:2095C00022B1273EFFE6CD3DE05DCA3DA1834A3C4D3D7A3DE42A053CAC12D53DB6D452BD7D
:2095E000B626063E166DDCBDAA36AA3DDF8014BE80B5533DAD3084BD44CE853D31A272BE7D
:209600004066E93C2E01A0BED54A0EBD46DE86BEDA6008BEAB845CBE8251C83C5CEAF83C06
:2096200010EB03BE0940ED3EDEFD17BE9685603E6D4DF0BD7F8AA23CB28F4BBE9DB4C9BD22
:209640002698B1BD2611E13EF592E0BC20F0113E40E4C8BBAD2B093EBB36FB3D04CC153EF4
:20966000E1BAD0BDCFAC853E48120ABDBA45EA3DC5353FBDDA72363D07CC1E3D464D073E82
:20968000641F093D485A9E3DBDED933D860513BDD556D1BCBD02693DB29B973D5E9D853DB4
:2096A000175CFD3CC9FE20BE78985CBD7B6B0FBEB28502BECB2C82BDCB3C2DBE62B37FBC0E
:2096C0005636793D92E9A1BDF2DE66394A6044BE46A5FF3CF5A257BE6057F8BD9C7292BEB8
:2096E000FAFBFEBDDC808EBE9E64BDBCEF1C53BD5B4CF6BDF533DABDADBDE5BD9BD33BBEF0
:20970000D48832BEAD9F5BBE991E2FBECCA3C5BD0C2231BE9203FCBD1C876ABE05C91CBE25
:20972000FB0DA2BE63A33CBEE28A7CBE86FAC3BD4A4D74BE1B1F6CBEFA7CACBE40875EBE2B
:209740000E8FC0BEC50426BEF8E48ABE0F1F5FBEDE2FAEBE44131CBEF3AC9ABEE35AF7BD40
:209760001E9AFFBE3BC9B9BD1A9F25BE4F1B993D4982A43D87CBBCBE57FC35BC582485BEA3
:209780009B8BADBDA46464BE0663A5BD9481DABD035819BDB6A95C3E733323BCF0CC223DCE
:2097A0008C21E1BDCF06C83C98084BBDD8A198BB9FBCFB398726453E169FE1BD9D99B03DDC
:2097C0009F7FBEBDDEAAFB3C82C338BEDE55CA3CC1164DBD4EBD443E71BCCABD414043BC1B
:2097E000AA77EBBD15BE083DEDDA34BEAD45633DEC1048BE92631A3E40B6F8BDFB491C3DA6
:2098000069C938BE1FBFAF3D5A6D64BE7746B93DB626A7BCB67E1A3D88C5243D4B62BABD1E
:20982000A146C23DC887E73C71F37D3CE423AC3CAEB156BDFB2E34BD6214473D0ECE103E14
:20984000846B873D89F2943DADF6BA3D4E7A983D5681B03D4474DE3DED0FCDBCFA7E7B3D86
:209860000529A33B2B8D73BDD0F4263D3D13B73CA3D1173E34641C3B45602BBC1AC9B63C71
:2098800097780BBDAB88C3BC8F22CC3CDF0390BDE3E7B73D649A763D3AB4E8BD3D9BDBBCE6
:2098A000052586BD64F2ABBCA2DD963DA2947ABBB16D4F3CA8AABABD7969833DD7200BBEED
:2098C0009E84A43D09D6FDBDC6A1B43DFD1DCFBCE409423D785752BDA2A3B73B35F471BD17
:2098E0001759EE3D5C25373E86CF933DD235EFBC233DE63A5CBFFEBC6553853C5815763D12
:20990000A868EB3D93E8153E0226E13DB6E2CABD7AD82F3EBC05BEBCEAB72D3E0F2805BAE0
:209920008DC04E3DDED86F3DCD46E53D3EFAECBD2C0C503EE8510BBD5EF8643EDA44C13DFC
:209940004D2168BD018DA43D2607AE3D4FD768BDE22F5D3EAABDF2BCAA78783ED131953C36
:20996000AE37833D3464103E2A8DBB3D9DCBFBBCA4AB453C6192B7BD682B073CE60358BD83
:20998000BFD99BBDF8BFE5BD3A08EA3AC456293EDD68D3BA2CCE113D628024BDE2FB51BDCF
:2099A000CFA9D5BC55F6313D49CEB13CF310453E3849643B0F19803CAB57F13C129695BD2E
:2099C00025ADFF3D345036BD1264683D00EB8C3DD81F043DE73A9ABD2C96B03D9913A6BCC6
:2099E000EA6CD63D92253EBBD59235BC13D239BCDAD9843DFB6C6EBBC4EA543E149B88BDE4
:209A000042FA453E0A1F64BD6930BA3D015E2CBE269FD43D4470D9BDC45D353D62B310BDCF
:209A200020BEDABCE5F8A4BD3FC891BDA89797BC3AA20DBCD7AB5B3E517E33BD94B5FB3D8D
:209A4000B4F0EABC00CA693D30B2CABD3128903DAA8731BC74D65C3E648934BC6279E3BC64
:209A6000F6DE083CAE2D063D8F8242BCB4B4A43DABF9473CD264053E982609BDC075043DBE
:209A8000FB5A043CB43700BDEB00663D9BD9023E2FB2F03CA4AEED3C0A40333C35A73EBD2F
:209AA0007DC69C3DC98EBFBD8800E33DD5F5813D32088CBDD34B5CBD4E2D123DD2C6533DDB
:209AC000340E1C3C8F159C3DDFB79FBDB1D59D3DA99FCCBD2E7AA43D4928463D40878D3E3D
:209AE00028A51B3D6975003EF2B9BABC8FA20C3EBC316F3BAAB4FB3D922F893D3F8B723E5B
:209B00006A236D3D41FB0ABBB284413DC6E0A13C6947793D9B888D3CDC4B053E6917533D0A
:209B200031C6663D02E6E4BD06B0943DBD80B2BD8FC6163DEA9AFBBBC7E9BB3D23A501BDBF
:209B400070B78CBB115AD9BD67DDF63C686FB4BD1BE6CA3D158373BD79457EBD49F0F93BA2
:209B6000131501BDFC81223E099F7C3D1515EF3DA7327E3DC9FDB73D5D35623DE1B2913D8B
:209B8000A5B2B43D7C039B3EE60D963D0006A63DDE6CE63D3AD82F3D0587753D33DC6C3D95
:209BA000FCDAF53D351F3C3EF8CD283ED4AFA43BD54DEA3D2D70833C7254293EEC1C393DF2
:209BC00081231E3DE4AD623D14BC283E1D8662BDB1BC3A3E76C62D3CAE40883E445AE73C5F
:209BE0008E54C5BCF48561BDFA17053D59ABBABD2D63453D7782EBBD1A89EB3DB6D045BD97
:209C0000FB48F1BC7BF0A2BDEB4E4F3D9D9790BD3C79353C299B90BDEBD34ABDB04BAEBDE2
:209C2000FD983F3B3246CA3D63E6AF3C2AFE1FBEA1BE673CF5D4FDBC4B89B23DC4E8683DC5
:209C40001F56E43C1E70243E6E63193DD0324EBDECDB223D196D2D3C3A82873D184D90BD04
:209C6000B861A93D7D7DAF3D23F79B3DF9F86D3CA8008A3D7C32123D46205C3DA6119FBBF7
:209C800059BBD2BB22D7A83CBB1EAF3D6DC7BD3D61B69F3D92A0D23D946E383CDC8F703D91
:209CA0001672053D1517B63C2B31A3BD055CECBC45D2E7BDB795163E03C7F0BCC75ACA3DFE
:209CC000DEC454BD22E0E73D04CBB4BD72DD1F3EC774C3BDDBE9CCBCB4585CBD9378D43C78
:209CE000D2A038BDE8AF40BD273C9CBD8C5C773DE2123EBD99FE323DAA10AABD14199CBD75
:209D0000CFEB65BD334EADBDE7A3DCBD52AD95BC2CE3233B31BD0A3ED70FB6BD5B3622BD9D
:209D20001402E9BD9DE495BD34004ABEA6C9CBBDDF1B523D1E7DDD3D82F274BCB8D0AD3B0F
:209D400051240FBE734D37BDF5920FBE3006B6BDF226A33D5C36163DB590A63C2D571C3E2E
:209D60003CD88DBCB89E393D7E88C6BC9ADD3F3DF57783BD43BD353EBC83ED3C85F7ACBCD4
:209D80002B17B9BC025C873C856D32BD426CA3BD76E4ABBDA551FEBC694E68BDA684623CE6
:209DA0005FE8A2BDFAF754BDE71FB9BDB6D437BE0F5811BE36F07BBD3E669ABD7E3FB13CC7
:209DC0002F7B47BD94BFB8BD1B8A1FBEEEAFE1BD440970BEA2560ABE368892BDBDC4E93D61
:209DE00049D4F6BD3678C4BD5C7328BE54B3EFBD520E92BE91621FBE000FBFBD15C14C3D92
:209E00001F10053EE5771A3D830D98BCFB06AABD9D76DEBCFCEE79BDCCAD2EBDE10059BCAA
:209E20008BCB6D3CD39F5DBD0E1B803D5F699A3D9CAEB4BC2090063E25D1C43B099F273E62
:209E40007E8D79BDC0E9FF3CA6319D3CF65D9EBC93BA39BB4CD4FBBC4A2DF5BC6F3B973DC2
:209E60009D6BCBBC58D5E23C125A3FBD8E8D53BD077FCFBC27902CBD5FA376BD5DF9383AC7
:209E80000F97D03A71CA4B3DBE6BDFBD6D289B3C165F03BE0829643DEEC7A9BD928E863D18
:209EA00048BF72BD538B8C3D6205FB3DD8D2BBBD67A8CC3C38C8F5BD27AD4B3DF9E528BE1B
:209EC000D14110BD3DC395BDE01EA63CF46F22BD1BA9A83DF891A33D1674CF3B3DC9763ECF
:209EE0002CD6BB3D49F9A53E061E04BDB8962C3DD50C8D3DB88B0D3E952E4F3D001F6A3E58
:209F00005F78C13D744D933E9F366E3DEC66E63D5DDCF23C52B75B3E9CC1973DF0129C3ECF
:209F2000B515903D2D78AF3E837215BD145E023EE82F5A3D87D7FB3D79CDBE3DF7E89E3E3F
:209F4000E54FDD3D3EC5AC3EB43289BCC6E8F8BCDD9A8B3DB1822C3E3A2A093DF04E42BA79
:209F600074C637BD224B99BDA65A243D0F6119BD33C1343C951F9BBDD3D4B4BC0DDB013E9B
:209F8000C683063D4008223E44832DBC0B38953E95ED3FBC7A7FF13BAAD1DD3C2495F93DA2
:209FA00020735D3D0578283E0408A63D6D69A13ED1B4583C2847AE3C4347E53BF913113D77
:209FC000D8031D3DBF96DB3D11B1FF3D2C9D8E3EF1AFCF3C0248F1BB09286A3AA7E4A6BCE9
:209FE00057D49F3D3A9B7D3D3E8A2F3E6311523EE41C3EBCB961853D34992B3D91E8AF3E21
:20A0000025114C3DD8E4CD3D456C893C90244D3DBD03213C184EE63C066C4C3DC07585BDF0
:20A02000CED78C3C404FC2BDF43D66BC4432ABBDCC46EEBCEB5BC73B0435523D7CF0B6BDC9
:20A040001CEBE0BC546518BE93D867BC04C638BE5CCC333CD53804BE2E06073DA308BDBD7D
:20A060009119093D2D133DBE38EEBC3DDD1449BE9BD0933D7ADDECBD238D603DBAC152BD8C
:20A08000D33BE13D3F1825BE4B47E93DFA5829BE569EE33D190B43BE37C0C13D359D45BE66
:20A0A0007763BABC9D49F83D499D0B3D3754C53DAB1497BC73E1A63C12B26C3CBC96163C22
:20A0C0007CBBF53BA60C06BEE89B23BD694CF8BD6A5F63BB0FE84FBE21B1F63A364539BE77
:20A0E000B37B943C55C256BDB7523A3938F726BE4AE07D3D538C79BE3C44C13B300675BECA
:20A10000A89296BDE8FEEA3C6383513C1FEA14BE26EB6D3DCB5B99BE3AF4E93CE7828FBE17
:20A12000D7D95BBD2C5E133EA5103ABCB5BC14BD62F6213D447514BEF7422D3DF472E9BD9F
:20A1400047DB1BBE945647BE6536B7BE741D89BE021E1DBE5991BEBE159E9BBE164705BF9F
:20A160000B1287BE822397BEFFA1C6BEAD5E85BE879A16BE2EAECFBEB74385BEA98D47BE3B
:20A18000BE3DAF3D9A001FBE15A549BE1D34B9BE69B860BE2267B8BDE585E2BE3A2A1BBE54
:20A1A0009FB800BFEF88B53C3AAB62BE2CE3EDBB3F13C5BD351B85BD298CA83DDA5884BEF1
:20A1C000DA6859BE85BC0ABF7F3022BE18ECB93E72B1DCBE5BEB94BE5CCCB6BE60EBB9BEDF
:20A1E000AC26A2BE9363C4BEFC6191BE3DFF70BE97D3BABEA94388BEDA19FEBD5594C6BE70
:20A200005265F5BE9D0C9DBCD8BA2FBE445A91BED2B78ABE7F55CEBEB659AABCCB6C6EBE5D
:20A22000167946BEDDC197BD595D6ABC706682BEAB919CBE7758DDBE027646BE0348CCBE56
:20A2400007FBD2BE2BBC81BEBDAC2CBD960EC0BEA5D9B1BE972E0EBEAAC167BE78E740BE67
:20A260001B3B313DFE6183BED24211BF8500A8BDB04C22BE6DEF36BCEC25C2BE357CC4BEBE
:20A280008DF955BEFA6BB4BED76A09BE335387BEF131BDBD2F45CABE04BB3DBECE02C6BED5
:20A2A000DB3FDEBD40B48FBE94F57CBEF12F2CBE376399BE5F7697BEC12645BEDF8503BEB1
:20A2C000B08ED7BDC9E651BECC4795BD3A2B0EBE1957D2BEACC1DEBDB5A6883D2C5064BE92
:20A2E000322C13BE905FFEBD982423BDE719A1BE11A490BE54AA29BE681054BEA73BFE3DFB
:20A30000912683BD3E0CC43B81FE24BE777406BE7B6352BE5B9DF9BE3C71133D1C9755BE8D
:20A320003A9AF0BE31B331BED48BA6BE7A010FBE0A146ABE6EADA73BFDCC9DBE9570C3BED0
:20A340007E533EBCF4E8C6BBDC11583C8E5BAC3B5ED502BC4C10923C3725B73C4B70673DBB
:20A36000B3C6BC3DE37E83BEC6B2263E1F8818BDC709A03D15CF3CBD4C640F3E15317C3DEB
:20A380003E1E373D1B6570BD2940CABD35BAFDBC724C53BEE13420BE3E2B833E21D178BE94
:20A3A0003AA227BD3405943C6F5568BEE2CCE53D78A3D3BD00675EBE435A74BE4C115B3E27
:20A3C00037F044BCB16E153EFDA5EDBD710DD03DB4B13A3D726407BD7F6051BDCA85713DAD
:20A3E000B775113D873E3F3E7F85423EA01BE8BCBE5027BE480CADBDBD5D9EBBAE22A93CE5
:20A40000F9B7AE3E496B8ABD4F0494BC2990CE3D0709D43DFABC2E3D268DA5BD82DB20BDAD
:20A42000FC7F9E3C33E44FBEB113BDBE2AC99C3C5F77023E41FD3D3E3D8FC43D801E3E3DE4
:20A44000D95A813E7FE0BEBD5EED453DD357403E3673683A676CB93D4F6322BDAC1D36BD5A
:20A4600052CBA13DC4AF963D0F9490BC58CF9E3B045E993D9C36453D46C520BD443FCF3DA9
:20A480007A2E8CBDA87266BDE6BC963D3D9CC5BDDA27B03D9B16D8BD6854803DCCE2A3BD03
:20A4A000A45C0F3EA6F9293D347381BDB84CBCBD48B0BEBD09FA5ABE4EA1903CC387E7BCB2
:20A4C000D67B993D72B1BF3C21C5913D34EFFEBBA7C5AA3DE9CBBA3D206357BE7CFF50BD89
:20A4E00034057E3E0B2D04BE8BC506BF98BA743D825482BE681C8C3CCF99C5BEDA6ECABD39
:20A50000593D61BD96FF563D024908BE51E47FBD3112D4BDE13BD83CC04038BE1CAC2E3EAF
:20A52000D39B703EEA66B13DE12E993C84B0A43CDAD9A4BC316CE7BEF34A0F3D8ADE843EC1
:20A54000A772673DE453153E8ED9A13EE1DF2B3E9FDDAB3D73F3E33D57A0D2BD74EF843EB0
:20A560003DE33CBCDF8C1DBEA762FC3D795768BD1F00C03D21E660BE2EED2C3ED48DC53E1C
:20A58000BEFA6EBD3DA30ABE1FA5953C2851E6BD48759D3D88D20FBEB4015D3D5638193C8F
:20A5A000785EAEBD4D67F4BC7D73943D09B594BD67BABDBC5BFE1F3D3725AEBE9E54533D8D
:20A5C00079BFBA3D7B00973ED13FD4BDD504BCBEC6CC843B7973B13D34AC093C21F55B3C0B
:20A5E0008AEBB2BCD576213C9D745E3D7B38B1BC29D473BE877FAABC0BD81C3DEB557A3E36
:20A60000822AA43DDC546EBDFEE40E3DEA828C3D5C26D83C3FC7283E381F92BDA190BD3D1D
:20A62000A24982BD224C53BE552C31BE7D10703D35A1BCBDDFB38A3E017C8E3D6055883D5C
:20A64000782229BE6F42DABDB60533BE2625693E6A67133D4E470EBED72EC9BD9A504BBD94
:20A66000AE44213DF12C4EBD240C3ABE9BFA9ABD5F81B43D45B6F13BA0435EBC771D813D07
:20A68000D75E8EBE330FB9BCDB899EBD8A3DF3BCF8D584BD9332793C3D8FFC3C05BEBA3C08
:20A6A0005458F33DADF6DF3B8DAFEABC7CF224BD2610853D938BA7BDCFE428BE6D32183DC9
:20A6C000D50ABA3CB7FE703BC1014E3D289283BC2A30A23C9043F03DC490B7BCAA2397BDDF
:20A6E000461D663CE42822BE7B2B3F3D18CD5DBED50C473D372A443DDBCF7CBE048B09BDC7
:20A7000006389D3D5331C5BC153A3FBE5A6D913D1FB641BE53DCC23A3EC021BE0AD1683DDF
:20A720008F28C93EAAC8113D85A02D3EA35E8CBDBC149FBD899D05BC957BFBBD13C4AA3E27
:20A74000766F48BD2C64C3BEA800B1BED80A103D98990E3E86F299BEA58C0D3DD6A407BFB1
:20A760008DA6363E5D0422BE481063BF043F5B3D70BEADBDC5BB4D3E242B4ABFEC0D10BFD9
:20A780003E90F0BD4E0F5C3D60FF983D5652E43CB8A5D83DD7CD343C669078BE8097A03EA5
:20A7A0004A1BDF3CB669843DBC88D9BDFC95CC3DE99FBC3D760D683E9FEC023EFF06B6BDD8
:20A7C000B35A3E3EF53DF4BE002763BD9E65453E8DA7B5BEF8CCE33CD968643CE721F5BD1A
:20A7E000E1A185BDFA455CBEC17D293CB701AD3D92ADBCBDF87A013DBCAE6C3C0B9FE8BC2F
:20A80000C0600EBF3625433D8F23AEBD7FB68C3B3BC61E3CA238A4BDBBCF303C24CD45BED7
:20A82000F7AE5A3DC9A86BBB02451FBC9C9F31BA486187BCD5073CBF8A01D63BD7C3D0BE76
:20A84000C4A8953B976A78BDE18008BE0022D4BE74D39F3CD76ECDBB21A7B8BD30D997BD22
:20A86000517323BE269CB03DE09409BEE73BD43BB94823BDDCEF88BE2A71E23C3CD0CA3C5B
:20A88000D88540BE2591C43C9DF4623BD6D073BDD337AF3DEF44D03D476C0F3EC33E00BEAE
:20A8A000D724BFBEF799D9BD48BF863DA3258D3D3DBBDBBA91637C3CE5D9E5BD4B4976BD3E
:20A8C0007F4DF43DA429AF3DCEDB953E314F0C3E46E7E2BD4742FF3CA0EA333E3A001ABEDF
:20A8E0005BDD89BE9CCBB8BE7975063E71E441BE2E79813D6EE5AB3D4BA15A3E17D3323EF8
:20A9000059191FBD3CDC4A3E7074F83C19DAFF3D7A5B83BE266C8CBDCCB6293E277C1ABEAD
:20A920009DAA16BE00531C3E4AA938BED29D53BDEEA643BD69D3BE3DCBFDA2BE5C79D1BE90
:20A940009517923EDEC1973CBB71F1BCC7C7A9BE0F79853EFB8A95BD47D5CD3D56C63ABDE0
:20A96000816C7CBE79F59ABD44403DBD1905FD3DEB44143D4E0B4DBEF4EB21BD113D18BE50
:20A98000F04817BEF58DEB3CF59ACD3D78A601BED7DEC33EBA204EBD62578C3D1D1A643E95
:20A9A000355532BE8EA5A3BDF10F2D3E347C60BE87277739E992ECBD354DA53D45E167BE20
:20A9C000FB340FBEE16537BEA2030F3E041B92BD1CFA6DBC10283A3EC692223E162E83BDB5
:20A9E000811919BD5C169F3AEE8781BE391DDABC7B50FEBDE4AEB53CDAFA883C4B6CDEBE08
:20AA0000EA7719BD81458D3EED14813D2DD7223DFC0E1D3E1FB65ABD13018E3D8B1AB13D89
:20AA20006342F6BDC526B5BE5B3E743C9285B43D27AA16BDD7889EBE44CE09BFD0A236BD71
:20AA40008030F43C42DD06BEFFA254BE0FC379BDE681E4BD7EC0933D809CE9BBFAB31A3E9D
:20AA60003887A1BEFBD001BD4AB71EBE88B921BD2A350B3D9F13C7BE2D64233D97781B3CFE
:20AA8000CC1320BDA4A2C93D52ECBCBDC3AF383EDA16B5BE20AF143E5E61F73CA1359CBC6B
:20AAA000B2972ABD24160CBE711CAC3D13C6133E882C163D1196E63EB9F1713D04BD333E66
:20AAC0007E6CDE3CCD3F073E8853073E53C4A83CCE00B8BD01A5C23DF9AAE1BD9EF62F3DDD
:20AAE000F8680BBE20CDD6BDAF5882BEC256B23C3F56D9BD4DB3003ED4B7AA3E9E45C1BD23
:20AB0000071C263E5309923B2596953C1E5DBD3E0E47DE3D5B5268BE7D9813BDBB1420BDAF
:20AB200091D39BBDC658D6BC695B68BE530A463C9BBFD2BB0C1F3E3ED42689BCDFA91ABEB3
:20AB400041F3FC3D3C27BFBDA875AE3DDB38BD3C4773F03C581B6EBD25ADA4BDAAC7003E2F
:20AB6000CE6C59BCE0469DBDEE92683E2EDFD6BC8F498DBD0B9106BD5351E23DBE61E93CB9
:20AB800086BC273E8A8090BC42DD683E711E653E5EAF203D37AD2FBE5E10633E446B3D3D4E
:20ABA0005B11B63D1881B9BDB1AA9CBD1BF9FCBDDDAB373D00B2C13D57511FBC124F923B49
:20ABC000648E103E661C32BD79296CBC82FE00BE079BF03D3E88613D3D563C3D268550BDC5
:20ABE000B2B740BD8DFEBFBD213D6E3EC1E78BBB1732623BD667E4BDD0D7983D5161253D9C
:20AC00005B07D7BD678B04BE361304BD0403963D5459CABD94ED3B3D08727C3C39B0E7BDBA
:20AC20007346A03C075F58BE4795F13B8117CEBCFD0461BE90718DBC5B75793CA696913DE0
:20AC4000209AC93EBA78D4BDAC2363BD9B29C3BD738BB53D9814D0BC5F024B3E5D2EE7BCFD
:20AC6000F85ACC3DF2EABDBDE631673D9F877A3D4149E2BD924ABC3C0376EFBBF87F73BAC7
:20AC80005171623CC8266ABE1ECECC3DEF7C9CBD5BC1FEBDF21234BEE6DD5B3CA1D34E3C60
:20ACA0009329CF3AE17246BE8B9A7B3DE1C085BE482C173EB369A0BEC815253E51C29DBDC7
:20ACC000B9D3D43DAE78E03DCF1A903CD3176D3DD6B97D3E11FBA2BBCD50203DB7F404BEB1
:20ACE000A34CBE3C357D403DF757D0BE70CECEBCD22715BE8908ADBCCCA173BEDFF3B3BDF2
:20AD0000FB1B10BE884C08BD1B1128BB1AC9D5BD4999DCBC4C0C01BA058A893D000369BE26
:20AD2000EF22D9BCA16F603DC8DBBB3D845B483D56DBB33D82BFA4BED8C1353CE5B4F9BDA4
:20AD400040B54D3E6E2AAA3C1649E03C608901BE2835AE3D6A57B93D9183C5BCA9D55ABDA9
:20AD600062C3B1BDB6EEE4BD3D044FBDCAC9DCBC73D70EBEFA5FF3BD0A9D95BEBAB3C73CFA
:20AD800088DBEDBD1F1BF93DA784083CAC11A43D72C7BF3D54784EBEB01C87BDF5E8843E6D
:20ADA000840F22BEDF90003E50984D3E79D42FBB8053843AE576A8BEFB70ACBCA91C5FBDC3
:20ADC000185F89BED16517BE4C42F2BD45EE913EC28F0B3E77A31C3E41A0C9BC7CB51A3D6F
:20ADE00030DB0EBD0F75C2BD0047153D3CF1ACB9F22312BEEE753B3EE0A2943D43705BBE6F
:20AE00009C20863D2CCA963E971F613D4D0C983B7ACA063E9D411A3EC54A2CBD23D94C3E2D
:20AE200037DA843C58CB113E9A1E15BE0F93E23C1AED08BED80C01BDAF4EEDBD645D11BEDE
:20AE4000D5B5813DD869A0BD29422CBE07E4F0BC76E4D138E1CC0BBE95DA0BBE5E09443D27
:20AE6000C31A51BEE98FB5BC871BC73D017809BE43DBD5BCD87432BE7734883D9791A2BD35
:20AE80002EBF103D23A3913D0250A73D1EC247BDD686213D87CEC93BF5BD553D5923533C68
:20AEA000EA1E6FBE3C178EBD2BBD583D3698DA3E109F673DBF79A13EAC4AEA3DA703853E68
:20AEC00062E9063DB332A53E77A90C3ECD4E3D3C3BC137BE21069B3DF42A32BE66995DBD07
:20AEE000589AF1BDDFCDDEBDBA5DCBBDC9874A3EDCB9403E8248C3BC3396EF3ED3FFD2BE40
:20AF00009C042B3E4EF691BD979C053B62B1883E4E9F143C4BC4813C365BB23E8ABF0E3C2D
:20AF20000CBB2BBD2DE0E4BCE8A702BE6914153D532F463DD3FBA33DE35B173D5B95A5BD00
:20AF400095F039BE065F933E644DF13D1C16CF3D23B2B53C92FC403E9FE703BD8247F13C14
:20AF60006E89D53BF473863D16C45B3E0B179CBDEB37083D627DF33C885F033EEE0197BDD2
:20AF8000E9B2A0BDADCCD83E8747513E88C829BE07B70DBEE62DC63D3F57B13C543E283E7C
:20AFA000963E35BECC543C3EE961A2BE2A977E3E7A9457BD92E43D3D20CC0C3D732459BE14
:20AFC000F96E9D3EE039FB3C1E02323E879F243ED82930BBC781FEBDD4E334BD35AE4DBD43
:20AFE00039F2073C299D843E010D9FBDFA76743D9651223EFD9231BE85E1E2BD9BFFF3BCBD
:20B000003CA9223DB244BCBDC472C23ED9938CBDFA0C0B3EF230FE3C1100F0BD69B606BE46
:20B02000AFBE323DC51808BE1F375FBE1CA73E3C5DF88F3EC5E7A8BC75253CBD6FE2DB3EB2
:20B04000E548293E3F906B3EED0D223E91053E3E49DA95BD007DD23E614B6C3D9526D5BCD5
:20B06000A451C7BD62EB41BE7351F83B1F320BBE3B8E663E6E4115BE1938D53D2FDC563E09
:20B080001D6AA1BD151F7D3DDB655BBE43F42A3E7FA7BC3DE943D03DAD2D85BB24F36ABE34
:20B0A000B83B213D910CE5BC1DF605BD938EF83C5716C9BDCA43E43D4E4FB03DF819E3BB7D
:20B0C0006617303BC47446BE300232BC258108BED0F79E3B8AC3A23D7FA158BDEB9448BC3C
:20B0E000192790BDAB598E3E111EA93D4EFF3C3D6B5850BD888A5FBDA6F5D4BD7B2555BD3C
:20B100002CEEF4BDF9AE28BE20ED1A3EEFFF2D3E34935A3D64AB08BEB508ABBCBDBD033D08
:20B1200098A29DBC0B2DBE3E12940BBE223E32BD084FA33C6D87FA3E1489943ECBD3A53D39
:20B14000AAFF4DBEC5FCDC3C687A10BF052F923CD4E499BDB20544BD1EF1373D1A6F80BE9F
:20B160007F41A23D60FF293E9F4455BE31EB993D334CD4BD8D9BE13D7C7C11BDCC1F6CBD52
:20B180002C6CE5BB4234283EF1ECD53B3FF0063D2D460E3EB9EAB23D1F02ECBD2863C8BC12
:20B1A000FF9AACBD2E001B3ECED9E53DF9611B3E7BA3013D6606D53D4C0D353DFA08E03DC6
:20B1C000AD25433C7AAC8BBD91FFD03DB5E6A43E2B5B7CBE56771ABE8DC0883CBB00563DD2
:20B1E00098838C3D3FDC47BD33794CBE83ACF0BC64A743BC770E723D78270B3D3362B33D11
:20B20000DD3599BE9939A7BD7067103E40D647BD7387A93D0215303D65A46B3D1023073EC3
:20B2200088CFFCBCDFA3C63D7633B6BD2191A13DEC1736BCD71112BF750B8D3D6A610ABD44
:20B240000FFBD5BED9F35F3C98BB84BD2883CABEC7970FBE31B755BDCDBB113E0504CDBD94
:20B260009AA3DD3DE49D30BEFF08A5BD24A9EF3D870AE93DB408853C5CF5FEBB2F825FBD9B
:20B28000EF760A3E307D123E4678D43C6F2E3C3C0259053EFF36883DED66F1BCDCA7253EA3
:20B2A000C2AE043E14C23B3EC93CD0BD9EBFCA3D4F3030BE3303583E1ECAEDBD5E868E3D1D
:20B2C0007B7380BDFD59AABDD120C7BDB58FE13D7CFD8F3B6D7B443DC4F1A8BDE7F9C63D06
:20B2E000F6CC95BE09329BBD98ACB23C49EFC13D320B463ED004993D39DEE23C4AEAF4BDB9
:20B3000075DF9D3D489AECBD69986ABB7956B1BCF0CEF63C575F133E625E9CBD1658C5BD12
:20B320003702EFBECC6D913D5B97BDBA8091343D953468BDF0D5463D44422B3E7F9006BE3D
:20B340002994EE3C72D84B3C7C34A0BE7B9837BEBACC8D3DDE0CF93C2C28D1BCF5A21BBE5F
:20B360006EA132BE3BD8583DA69619BDC75EA6BD23FF55BDED19C23C26E345BDCC2ABEBED7
:20B380000527223E43E37BBEB68413BED6D50E3D77B9AF3D5BE92BBD375D5A3D4C3688BD87
:20B3A0009359213E26FCAEBE6924E63D3EB230BDD34C283ECB3B8C3E1FA89E3D81181B3D3F
:20B3C0000CD0EDBDEB3F76BE1569CBBA034E3ABEE162023EEF24933DDEE4F6BD1A1A03BE6D
:20B3E000C14F00BE078C73BC8208253ED1DDAE3ABD3F1F3DEBE4273DFDF83D3D3130B8BD6A
:20B40000250E2EBEF820C1BBA2551D3DF30A5FBD6626F8BC660DB43DFCDDB23D22FBC63C84
:20B4200044CBA9BDCA2274BE1390453E241F7FBDF33CB9BD42AE083DEDBECBBD0F2AF23D5F
:20B440003F2E5B3DC4B4ECBC56650EBDA685B4BD06EDC8BCBB210FBD5A768D3B603DA2BDF2
:20B4600049A53B3E9CFF243E9979CCBE18EEC63D4A839FBD53A22D3EB81651BCAD140A3E56
:20B480003A12673DD9B4C83C3E2FBD3E57ABB0BD35C3FBBD7F5003BEB98027BE9CA541BDB7
:20B4A0002728DB3DEC1F083D71373D3CB9D599BD8B23153E8EA18DBC3FEA4EBD4371C03C73
:20B4C000558B6DBD63A0CCBD2520383DD0FBB63D959513BE33919DBCBF14EDBBD616A83DFA
:20B4E000976FBF3EB39D04BCBD1D46BDC75E993DDCDC00BEE2F63BBD195D36BC2786CE3EFA
:20B5000068128C3D5C1AA63E5F92CDBD0C338B3CF00FA03EBF1713BED9DC69BE1DE7AE3DBE
:20B520007B5F5EBD40AB003E62B0F03CCB91973BEC651F3ED018B0BDD8840EBE8440C43C92
:20B54000F0B5683C20B62CBEAF706CBF79A90EBEE2AAB63BFC9014BFFA44813D2ABFEFBE3C
:20B560002462E0BDA12B8EBD97841BBFA52D44BC4BA5B9BC54EC253CA277F7BEECAB5BBF45
:20B58000FD4E093D4D1028BEB111DF3D92F765BCF808383EDEFA233D83C518BF0FD3073E5B
:20B5A000146D9ABD40C0F93DDE743C3DAEB6E13CACF1F83D41F64FBDFEDF593E02F62B3D48
:20B5C000FB43CF3DDBC1A1BE28062D3D03E737BDD50B0CBF2975BE3ACCDE12BC9F80F83BA5
:20B5E00075927C3B6CB5D3BD5C66BC3DD05ECD3CC5CC04BEA73C193D38F4433D1689A63C31
:20B60000AFA456BE064CEE3C48E012BEB8BE4C3BB93B95BC1D49DE3D22F986BD2548953CF0
:20B62000D65A983D24A568BDA12F68BE61D593BD6D40323DD68B19BFC7EEF9BDD27532BDA5
:20B640008D84F53BFCF73E3DB4B7503D848430BF02346A3D8058AFBCAD69DE3C7B81F53DCE
:20B660004016263D67D049BDF321D4BE110BBD3CAB62AC3C70FEB23BA2DDB63C6263C23C95
:20B6800072E58B3D1F438E3CABEDB03D67DC85BD7E3AD9BCDD85EFBC70C6C23C0E4271BD49
:20B6A00069FA95BED00701BD5BF052BCF29CD73D7F41393D2BA9AE3C23B44F3D4381B63A39
:20B6C0002CA5953DA3A584BCE0D2DE3D6C5428BD824691BCE4668BBB2E19CF3D8A6643BDE5
:20B6E000505A0EBEEB0C183D31425A3EE14566BD9F8DC8BE2BBE06BDBBF407BDA83C433EFE
:20B70000934790BCBD4AA33D03F72C3E2A62283CF67E07BE1FB1AC3D7C1B183C2C2002BCE1
:20B7200079918BBEC2FD893D7FB6C73D7F65FD3C37B7CCBBCFA7C43D717907BFE2C73ABF9D
:20B7400037081EBC467EC13E042E3E3E9FF220BE32B8ECBD5D1EC93D214D93BCC989E2BD2E
:20B76000586236BE656C9B3EE273AABDC3B8EEBDCD8453BEC978BA3EC746493E05D33D3E0D
:20B780004A855C3DCFA2083E61B283BEA696D2BD314BD0BC8945153EBBC8E2BC56D5F3BD46
:20B7A00006BE823D049A26BEC8C2F8BC508772BE6E42853EB95709BE0AE73EBE0221F43DB4
:20B7C000B1D00E3E0304193E786C00BE47F2B2BB9FA7DD3BAF0609BE7F3BA5BDEEE8DD3A13
:20B7E0005026F63D326E0F3EB39240BE2BD4C73D1F1CA03D165CA0BDB2201BBCA9A1A0BC37
:20B80000BB2F793D42E129BEBC3D533E2320303D81DC0C3E7B8808BE1116193D591BF93DAD
:20B8200027A8353D39C2BD3D3573EFBD35628E3CD7B6A2BCBBE3A4BD1A90B7BD06839B3EB3
:20B8400098D48F3D6A58573E9DAEA53D5D70CABD5BAC5EBE143F173E3B0E293ECF194BBD6D
:20B860007CDAAABCEACF3CBE843CF03D60008FBD71294EBD18FAC03DA4BF8C3C960BA9BDDA
:20B8800069BABD3DE9FDA5BD4343DDBC392B0F3EB85680BEA24903BE6AE80ABD81E12A3D99
:20B8A000BCB0203EC353623EAA09D9BDDB591B3D8A1A473C0F9E243C86B160BD2938A1BDEC
:20B8C0009A5191BCF3749EBD2D094BBEC412093E0FF5AD3D20CD9A3D6DBB88BE1CBF853D55
:20B8E0004CD823BE43517A3E466DE1BD4015333C4505D53C90FFA6BDF66CFD3D844A4A3EA3
:20B90000AD969DBC64AB95BE3F438B3DB0D739BD1ED2193E449746BEB08F94BEFB418B3CA8
:20B9200017F919BEE369B1BDD43CF03CA35AA83DD512B83C8A52853EEB98873D534A353D78
:20B94000B72460BDB1E16E3E6B85DB3DFE2909BE54610BBEF1CEF03D99F78E3DDEED853D69
:20B960002ECDF7BCDAF2293E51218A3DBABFE33D481E9BBE2201AF3DE549983EFC56CC3CE8
:20B98000237F97BDA147223E142704BD18C63ABD563ABA3CDAFE083D4E97E8BD4E8F1BBCB7
:20B9A0004193263CCC549EBEE48982BD4347F7BD03DEF03C76D6193E23716A3E696035BE43
:20B9C0008B16A03D62EF503C444A483D08247BBEE312FC3AFC8BCC3C0FABA9BD09A9FFBD4C
:20B9E000CC3142BDC3C740BD8BFB7F3D8CE23D3D2B40C83D948A863D785A7E3D267317BD4F
:20BA000062D68CBD4E2B2BBEE9C60C3EA04366BDDB0487BD2A797F3EB18209BDE962F83D48
:20BA20000289B1BCE1A5C63DE33C3ABCB48534BE8CE865BEDC5079BDD87D523C61917CBC3F
:20BA4000C49A963D578B903D40CDC93C5E24B1BDAC42A03DF1FE343D59C38CBD11116D3DA8
:20BA6000CE55D13C6187533D9BA0143EB35D6CBDFAFD94BD374CE0BD443A093E551D2FBDCD
:20BA8000D6BB103E65A4CCBD097C853CE7F5FBBDCC5EA6BEDA6686BDC91A2FBEBCC5ABBD91
:20BAA000C2A6103B0745793DEACD85BDA4DCBCBD5CA780BD80C0C4BD4779B9BD792A973D31
:20BAC000490F2EBDE178E1BC2059CA3CF379743D1F3DD63D6B86113EC207683E7E015B3C5D
:20BAE000D9E5EABD4E70563D530852BEAE179CBBFEEC7DBD6215F1BD9214D2BDA3E920BD22
:20BB0000E71407BEEF9C5EBCD3320C3E1F8EC6BDBB764A3E93CE28BE942C683D000FC53DCB
:20BB20001C4D8B3E6AE75E3DA8BD9E3D1964B4BCDA15473C39BF813D14B8BB3DED53963CBC
:20BB40004327B3BD9972ED3D4BD8E63D4FAF153DC1DAD73D0858933DE2B27E3D91DB733DF6
:20BB600080DD323D3DA2083E30749B3D3C964FBD5E3261BDA670133C814D653E93A5D33CAF
:20BB800082F634BCBB547D3BB3600D3EBDC6EBBB82AB93BE02B90F3ED9BDE13C6725EBBC83
:20BBA000335C2FBDAE66863C048C953D48C95E3CE52EEE3C3C4A56BD8B7F833E434B8A3E30
:20BBC0002F1777BE78184FBDC85C933EAECF673E37083CBEBE3D943DF10A1EBEECB270BD90
:20BBE0007F9E04BE00E83C3E13548B3D035B263D4976BE3D49EEA5BD38A0A73C8003113D35
:20BC0000E57548BDBDF7CDBEF1DAD33D6AFD9BBDE20152BEE2474D3DEB8CA7BD1A76C73DD7
:20BC20002A74DD3DF61593BDD5467EBE169423BE078AE63CECEFA8BC874E933CA9DA2D3E8B
:20BC40009C3387BCA8995B3ED31B903D8D9E22BDB4C284BCF270AA3E120FD33D9ADC483D07
:20BC60005B38A2BD2F951F3D2315303D4143433CED0298BCBB2E0DBD8B2AA13CF1C0003E93
:20BC800072F8D73D860597BE46BF8ABD815C303C4B371CBE46324DBEC93B8ABE970EBCBC69
:20BCA000D4521CBDEE2C53BE07D370B91D66253E5F22293E92E055BEB6D8213EDA735EBEAE
:20BCC0004722A1BCA41D553D78D481BC6C942CBD1DF387BC59DA283D01B061BD2E9CC1BCD8
:20BCE000E73FA2BE8DE6A53ED1BE60BE290A57BE52A830BE4EE77FBE61A71ABE2B1FDBBE56
:20BD0000C99E173E76FFAE3DDA112E3E4A0799BD23A44DBD1EFC1C3DA56F8DBD0066173EAC
:20BD2000A4FBC53DB4DB31BD9068E33C0F336FBD365EED3DB43BCA3EB383833D4DB877BC7D
:20BD40006D8630BD272B50BE2C880D3D91CE513D2FBC30BC9E3938BD82923BBEFAF022BF3D
:20BD60006330AB3D45CDC83D54CCD2BEA9D65B3D9D3CC2BC80605FBDC34FA5BDF33D13BFA1
:20BD80000C05A6BDF3B692BC64A42A3E58A9523D4889E23D6FB14EBDC2530EBF3FAEB53B5E
:20BDA00026B231BA3F4E72BBCC8E823C4BD3473E0AFD8C3D313D84BE52C9063E43B91E3D15
:20BDC000823FA8BD664CE7BDF653B53D8B540D3E593607BF8EF8E73BCC3AFB3DC080C63C05
:20BDE000A0CEB6BDE4A4803D3B3A7C3DFC74913D63816FBC3615613D51D5C53D41E9C4BCE7
:20BE0000B66864BD8E9AC73C458458BE3BE1763D628B9CBDCDD9863BF81FACBD2546043E30
:20BE20009D8B133E7C0CECBDEAA33ABE9BEC463D2994323D61B96EBEB63D07BF7A0ADABD83
:20BE4000DC30D53CBC96EEBBEB477CBD4D4297BEE86FC73CCDEA053DF7ED0ABD6913913D33
:20BE6000FC5D8E3B66AC9C3D852792BE25BEDCBD46C2343A7A458BBD1C26F13C995DB33D6B
:20BE800011563DBDA0BAFE3D8C3107BDC8C695BB20B73C3E17BBD4BC41C4B8BA6B4336BE81
:20BEA00058E5FDBE71FA32BD3F84CCBC6DE1843D54C9D53DB69D333EF1696C3DB0EFFC3C09
:20BEC00065784EBD9934ED3C5C726A3E8F1C1ABD8C8D3BBE6ABD83BDAE113F3DA894BE3DA1
:20BEE000F0FE58BD87CC603D8F661C3EEA4B2CBD17E52ABE586CA43D86766C3CA84A883CFF
:20BF00008C9C773C213A113EAB62E33CA934073E041DFCBD22A2F93D216A253CFB30BE3D68
:20BF2000535C96BEE308D5BD413B96BD63438ABDE72182BD0B8C223D9960D6BE06EBBFBE8D
:20BF400046496A3EA30CAABD60A2CCBDC1C256BE362203BD564F2DBDCEC726BCB35C003E07
:20BF6000F306493D725F843E62BA0E3EC7A20FBEA1B90CBE9844273DEA890A3EE271C33D9F
:20BF8000659D9B3D1519623D1FF3B2BCFD3E2EBD345920BDC99C9FBDE59F663DE064893DF8
:20BFA000FDD0543D0913AC3BF682143DB2A6543D71E49C3D0F7081BD1017223E59DFF0BC18
:20BFC0001B77EEBD7F831DBD26070B3E285A07BD791BC83D94F8843D507987BE75A6B9BE06
:20BFE0001584D8BEADCDB3BDF4F6483DE3A4293ED66FAA3DC574503E9F7278BC23308ABCFA
:20C000001360123D7207E6BD3D86CA3D763DA5BEB57F6FBE5A05233EF2A22ABD50172A3EF7
:20C02000AF6DF03C346061BDF3B2E7BACF9AA0BE7A29003DBF3D093C8230C23CD7392B3DB0
:20C04000D151F8BBD450E5BBDA5C373D5483F43CF797A13D10CF433EDDD6B2BDECC46A3D51
:20C06000FE5C9B3D1F2D0D3DB09E6BBD48704BBDEB68B5BDD76789BDECC8CF3DEB2B963DD0
:20C0800094A513BC74804ABE382D9C3DFDFF51BDC44852B9B2EDB1BE0A5CE6BE22365EBDB2
:20C0A000638E223EA37C27BE37AC0FBED05D273CBB31CE3D715C76BE7DBAACBCDE57C63D1C
:20C0C000E317893CEC6E3C3EBCC3583EE53A82BD463788BBFD0EC9BDED8636BD86DDDE3C26
:20C0E0007A9F95BBAC70973CF38BFBBE0E688EBD60E58CBED274D4BE7B7610BEF5537BBC4B
:20C1000018BA85BE2CE1F43D2EC1D83D83F2183CB797B23E346DCDBD6BBB073EBE6ADCBC6B
:20C12000E225C53D4FB58A3ED11D5E3DCE0B9F3BE5764DBC74FCFF3DB632B93CE9A3013E36
:20C14000C8C19C3B7A9294BE17ECA73DAD100F3E1D14AB3D80E7003EAA0406BE43CFF4BE3C
:20C160009ABBB43B6381193C3F1D27BE1CB2B0BDCA8A46BD6ED691BDC3A663BD6BE009BE42
:20C180009D5C88BE58FEF43D5F0107BD1AD60CBEFA8DB9BDE13A32BD225F49BEB1E466BEB3
:20C1A000D3AC863E6D9A0F3D81A225BDA4CC933CA4C188BD300363BE969D6ABE40EB24BF3E
:20C1C0007103C63CB4C50A3B69E895BC1C3C3A3E3F625DBEE83D003C91B17A3D01B57BBDB5
:20C1E0007AA81EBEB7B00A3EFD61DC3D402E003D6867CD3D1FE7433D90F526BEB884B23D7D
:20C20000717B47BE6C9F89BC1F95C8BEA3C7F33CAE3375BEC1E3EFBD185CDCBD74F38EBEE6
:20C220006AD7CF3CB4E7C8BE4F6F77BE8672FABB9BD4613D38F88F3DD27234BE00940BBD56
:20C240001967C6BEB1280FBE5DF787BD991F34BFADEF25BEC2010BBC8919063CC14DB1BD88
:20C260006524CEBD0B117A3DCAC007BEB173A9BEEDB44C3D31C4E4BDD8E1EE3D19D7FC3D30
:20C28000EE8C8DBE4112A7BD8A1BF8BD58F009BEF38D6A3D82DA62BE1710053D6E7A98BD70
:20C2A000C07298BE9BED57BED305913D2B1251BDD0394FBD156F3EBEB501CCBD9145D83BAB
:20C2C0005C49C93C704C34BC1110E93D9A85DEBE36F287BE83815ABE615454BE1863A23D5C
:20C2E0008DD08B3D053D05BFBC7CF33D5E2C58BDF359A8BCBC6249BD28DEC13DE13BE33DF8
:20C30000344761BDE09AF13C0C7909BE0A42B43D75BF5DBEBB4B183ED3EFCD3D233054BE78
:20C320009DEFF33D6B91223EC8A8483D8DBA87BE92F9C7BED5E95F3D7AE7293E76451CBE9D
:20C34000B05E50BEA64E013ED8BC093EF1B4D93B24FD533CD4EDC33D575C013D693B7B3D3C
:20C36000D659403D00BD1ABEAC8A1C3EF102EE3C0C050C3E7DCB19BE4D9A283E37971F3DDE
:20C38000C745E8BB94F5D23D912235BEA0450F3D38E888BE78151F3E097E4B3A116DFBBCEE
:20C3A000D13C153DF832733B3E0A053EEC8CE43DA8DE633EC7F929BEAF009D3E8E062EBD4B
:20C3C000B5E584BE977F06BECD20CF3D80DA623E31787ABC48F1FF3C358297BEB52EACBE08
:20C3E00032562FBE0140B33D13CFCABC790C0CBD2791D8BDDC3B08BEC420183D7E1E533D52
:20C40000E6632E3C849B613C47D8CFBB60F8CDBE9A2AB2BD750E223C5815ECBAD50368BDFD
:20C42000B253C43D5FCA81BE9E4700BE158895BE481C003E0649893C2680B4BD6E7ACC3D3D
:20C44000580FE13DED10103EBB31C53C86C362BDC66E8B3DAB86F63C50E2083E77DBB43D9D
:20C46000D3704ABCE0F7483D11BA5F3DE126B73D094DC93DEC2081BD22D438BDE994643D06
:20C48000F595D7BD77E439BE5FA3DD3D367B9C3BEE6F98BC85A699BEF936F9BE44BE083D28
:20C4A000B877843E87AE82BE55247E3C68FDBC3A406A9A3DBF7E9CBEA9CFCB3CCB1444BE10
:20C4C000D5C9973CB322A3BCE1A80B3D76A0AD3D6A6E19BD44F08DBC82A9C0BB2C2324BDE5
:20C4E00022A3A8BC97D7303C619D1BBF6A4B0C3C120DBDBE4FC9A2BE3011283CB24898BE5D
:20C50000520B34BE05E9A63DCB21A63AE6FE0DBE82560A3EBA32123E2C1E453EF306FD3D24
:20C520004FDEE93D7F7EDD3DC3C0913D10625F3CDC6C71BA42812D3E2373973DCB701A3D96
:20C54000E6194F3E55555EBE9CF43CBE18A4BA3D1D65493E0596CABD7943023D5ECEBEBC80
:20C56000AFF6E73B6882BF3B4D31B2BD0235D03C504AEE3C42B6E7BD94D832BEAE86CF3DE4
:20C580009606B43C82F4B93DFE4E5C3DEEDAFBBCDF8E9D3E801A0FBED26B143E15E1D53DF9
:20C5A000AE38393E8B38CE3CAE88B73C68B08ABD02D82BBE8EDE6F3E649CA2BDB5F194BE96
:20C5C00073A70D3D614FCCBDE899B2BC6B2012BE1B42563DB4C50C3EC206DCBC909F07BE6D
:20C5E0003956EA3DC34C9BBD09B48CBCBA9CE6BD11F8B1BDA26EABBD6F375E3D26F76A3D2C
:20C60000EF1E063EFB0AC1BC0151A9BDBFDA7D3D9D00283D904693BEFF8F283C6968F9BD9A
:20C620005B654ABEEFB58E3D65E5F03EBABBB0BDBEC950BE3AF6A3BE5FD3C33CC0F549BE56
:20C64000B9CB8E3D8ADB88BEB7F772BE27FF9CBD40F27DBD7D7A8B3D0E11483D763D39BE0A
:20C660009290ACBB8FB0663D9AC234BD0D0CF53D5457D1BD40F2BBBB34A328BEB12FE93D13
:20C680004C777EBE2B1D00BE38C999BD7F9BABBD17CD90BC66A346BDFBE3143E799AB3BCCE
:20C6A0008487683D818B9FBD0CA643BE1DC3A9BE6E3B09BDF3F2783B829DF9BDE1AC73BDCF
:20C6C000FD7DD53D8FEFAE3DD058DA3D2107483DC7FDE2BA2979593D93AFEC3D088BD4BD52
:20C6E000C63A6EBC95F078BE42BC0A3F1CCC88BC5603BA3ED0ADD73C9C63F0BB8A4EE23E5F
:20C700006C03FABB8FB58C3D8C8965BED118C63D16AE12BE2C4697BD217CFCBBAAD062BE7C
:20C720009C5AA2BD0E3243BC76663DBC7A85B1BDE3D937BC58B39DBE142DFBBDF5B2CEBDE3
:20C74000DD0F513B663423BCD6B06F3D344D33BC803744BEAA64923D6DA29C3D0119EB3D86
:20C76000BBFD043DD863E6BEDD81B53D98E7973DFF25D23DCC5F99BD20B6063E9ED8773E45
:20C78000A561363B545398BE9643B5BE7E09E639375A2BBD059CA63CCBE2773EA2F151BE33
:20C7A000B76DAB3C83C97EBE84D091BD41FB84BE6E8AA7BD3E9CE53DC6796CBE854F7D3D77
:20C7C000C073DDBE2EF00E3EB1DA81BEC638D5BE71BE023E6F27A13C7C0BA73DA53937BBA9
:20C7E0008054703DFF73363CBEF1D2BD411805BED4381EBEB0E731BEC94A1B3D5949B43D0E
:20C8000031F7933D851F45BEEFA4A93CB5BA0E3EBD27B7BD2A6D533D9B8FDB3DDC3F25BE87
:20C820005757DC3D32B1ADBDB53EE4BD4741AC3DA2726DBDCC5BA53E8BFF1A3D1B4A0DBD87
:20C840004ABE2F3EAC55763DD7CF11BE17B4383CF5451BBDFE817EBED82269BD8954E6BB90
:20C8600030D47B3CBD9594BC0DFAF43D1B65163DF9893DBCBCE3CABCE959D6BCCC8E983DAD
:20C8800061D4E63DBC74E1BDA08A2C3EC8DC54BEF6386DBE70B841BECC38C93DB6DA95BCBD
:20C8A0000740D8BCD4C502BC2A66723C3199C0BE8D22E13B8A3076BD8181EB3D0B95C5BDBC
:20C8C000CB6A72BE03E95ABD139626BD3F9F0E3D4C4AFB3DE0B1083E0771AA3DD16B5ABDE4
:20C8E00005F1AE3EAC0EA13DAB12863DA604F0BC49BEAABD3237E83D453404BF0FE8E83D94
:20C90000AACF393DB97A0E3E257349BD873CA6BE793E633DE2994B3D38D0AEBE6B16AB3DAD
:20C920005AB3DA3C21BE0ABD83E52EBDC2DE243E72C3F33D559105BFE322743D21CE903D58
:20C940009D18BFBC50F254BEA6C114BF61DA88BD5C8C73BCC6CAFDBEB17093BD5BC69BBE4C
:20C96000E33D6EBCCD8DACBDFAB94ABF27CF94BC146EA73D880182BCDAAC1ABFF7E91CBF61
:20C980008D0FF03DB77B863DF55695BD09881BBB05675F3EE7C6463EFE371FBF515FB3BD68
:20C9A000411BDEBD6139643E5E1D963CE772F83D41CAC5BBBC861D3E3F845C3EBC9A963BBD
:20C9C0009FA8703D97F694BE5E1F663DE652433E5AF495BE3A133BBC07851E3D727193BCAD
:20C9E000EB9AA6BDF81556BE87388B3DF27D1ABD820B023D8DE86BBDC343B03CBC33F4BD66
:20CA00009F4B05BFFF76E33D82D48B3BE1CB583D7F39DC3C97412C3E9606033DD487833D6D
:20CA2000788042BDDA45813E3C7A22BEEDFF103DACB9F73B96B636BFFC6E6EBCC2C7E5BBBD
:20CA40002E0918BD012C093E33FF4A3E1DE6FFBE6BA1143D656D3D3D4F3991BD2727FC3DD6
:20CA60007905523DD0539CBEC15048BC1B66FF3BE5AF09BD5A63973DFF321D3D1EAEB8BDA5
:20CA8000240B4B3E6B7AFCBCBCAFF3BD16E09DBE54F1E83D62A921BDBAA6133DD8E9C2BD92
:20CAA000EF5DC6BE3770BC3D6A9F903BF02A5D3E3051DB3C161EA0BDD14AE3BCB386953D8F
:20CAC000D18D83BD89C4A13DFAF0C1BDEAA56B3D67D4C3BD4E196D3D3F645EBE132E07BE5D
:20CAE000D258B4BEBC99143B9E13B43E4A0A903D2CA9E13DAA26833DC834243C46F007BE58
:20CB00006529BA3C3ED3AABEEBA7DEBC6177D33DB7C088BD4B8DEA3AA70B1D3C1E1BFABD51
:20CB2000D5FC20BF5F30CCBCD34E5A3D22B28CBD0EBE303C88B3D13D2541F83D22F0E4BE89
:20CB40004F67A33EE6F2C9BBB4058D3CF6AE85BDBD5C2C3E24EF683D01C2033D806C48BD4B
:20CB60004B1421BD91153BBD1DF05CBDBBC353BD59F7EC3DD9462ABE4C4206BE5E09843D2C
:20CB8000E03EF8BB3BC433BDFC283DBD85DF32BE94BB98BD12DD62BD2C9387BC6869843E1C
:20CBA0007C9241BE9BE8B3BE4B1DD6BEFCD8683B5A43F9BC3FC9993E2A2D1B3D857EC7BE99
:20CBC000946C083E139F9CBDAFDB17BED0C32EBE7EB98F3D0468303E7EFF0B3DF449FC3B10
:20CBE000269A0D3E3841EBBD795C043D52A314BE9285B0BD8970B83D0B0DCCBC61118ABD61
:20CC000094968EBCDED72D3E551CB53D8716103D3802F83D819669BEC6F8633D9D82CCBE7F
:20CC200092B360BEFEE9373E1107FD3E9A986DBC3E55B0BD66F588BC3BEFD2BCB4462ABE4E
:20CC400077B536BE477F89BEC92441BDF26AB23C324368BDEDF566BE5F20F03C9B8D413D81
:20CC600034B30FBDEC3E57BDEBA036BE7EEB773D9A27063DF604DFBC160A5CBE7B1604BE01
:20CC80002F2E9CBE109F02BE815A09BE7C3602BEC000A6BD5ADA4E3999A7133ECA95C73C89
:20CCA000D81B05BE9235563D28EF9E3DA26851BEE9B8C13C2D112DBEA72FE4BD938F923D2A
:20CCC00056B503BCE004313EF326F53D8FE98C3D169193BE73DD703DEB12023E65F922BE3B
:20CCE0003587943E5447BDBD8097B33ED584623DDFDE853EFD24E43B9DD602BEF8E3F73E8E
:20CD0000C9A91C3C55E3B73D9879ABBCAE81143E3F068CBD38F7A7BC74FA2DBD66D918BE97
:20CD20007B444BBC006234BEBCDBC83C80125FBDE330FDBB43A942BDFF998EBDEEBCF33D1D
:20CD40006CC2953D7103C7BDA62A183D0E9975BD2EF68F3DAC99D1BBCCBBBABEDC1983BEE7
:20CD6000889675BD482F6E3DA6F17ABEF0F79ABE91B902BE4F28913D151E18BE25F2F03D97
:20CD8000017D23BE11083D3D9B00533C0FB8D6BD24A3F7BD4B4B2FBBA4BD1DBEF979CABDED
:20CDA000B430003EC50E7B3D52F80ABEB355263E0E4F38BEE6C2B6BE64077FBE5DCC523E78
:20CDC00045779A3DC78AF13D8E261ABEB6A1203E12E0AA3DA0A7CE3D7AD1553CE509073EC6
:20CDE000C5402E3CBEC5C8BD1A349B3D0D1827BDA26817BD910603BD15D2F7BD4B7685BEB9
:20CE00006B6EE53D00F0AD3D95F09A3C0B3AF63D152034BE21E313BEBAFE9FBEF3FE2BBE7F
:20CE2000AB03903C5D32033D2ED742BE81B5BE3DCBD135BE3C3BBC3D68939CBED8FC803D8E
:20CE4000F8E543BE4505513E796B80BC4ABE133EEAECBEBEC78B193C6D6B8EBD03DC0FBDDB
:20CE6000DBEC46BE7E616EBEF908AD3D967485BEBF28D03C4A8756BE15E685BDD910083E60
:20CE80000BBD363DCB06C5BD47A266BE4129CF3CDC8F403EBA0939BDCF57C8BC99393DBC6B
:20CEA000EE958DBE16ED983D2B50593DB9E7BD3E2ADA2F3EF205823EF8CDB63DB604B5BC15
:20CEC000076B13BDD6EF8C3E150C063E1EB6B9BDC38734BE86DE95BE6BE592BE0788203C54
:20CEE0000663DF3DAEC78D3DD543DB3D97E0FC3D8F056F3E7732B13D431C9D3EF83181BE14
:20CF0000886ABF3EC6769ABEEE79CB3D8BCBD23ECAAD1B3EC1713A3D3954D83E6F28A63D23
:20CF200074635BBED532573E0ABD20BEECB789BD6C28F7BC77DF4EBE4FC7B43D161521BD1E
:20CF4000BE9E0A3E329F52BEFFFBAF3B30F4C4BE9BD7F4BB0EC6DABE9CF859BDDFE395BD77
:20CF6000CF73093EF7CB44BDB8637CBE65B9203EFE570DBE1FE792BDC0590DBF94EA77BE87
:20CF8000DCF634BD9E719DBD9781DD3D1BE7FC3D2B73AD3D1FDECD3DCA0F09BF7B27A13C49
:20CFA000C727AFBD0FA875BDA1B66C3D0DCBDABC4CDFB4BEDC78D63D7BDB163BBA8BD93DBA
:20CFC000C5BA193EB1097DBE8857B1BEA58BC7BE1EF8B7BD09F6063EA8E2003D427C423DB2
:20CFE000D7FEC93D1CF707BF6A5B41BE19AE9CBCE3D403BE8C548FBE8401CE3D910732BEDD
:20D00000375EB3BE82C3553D11832FBCEB65223D88B286BD48FF333D4BD0B2BD428B123D2B
:20D02000629899BED1A0813EB4D5D7BEBB685E3D94F0053DCE03D0BEF8CEB23D79DFFFBDA5
:20D040006D20833BFABA063D68593D3DDC52CABE23B4FC3D2500153DAA4B443DE3EDBDBD56
:20D060004A3444BE80880ABED041CF3DDF0F26BE10A75D39E3BF7EBE1600063E5E389DBEFB
:20D08000D30F753E88D2A73C89D982BE2A3C0BBFA24E09BF51CA32BD80C3973D06C5113DFA
:20D0A0002DCC72BD5030AC3D9B8016BE53E7D53D5FE5AD3C4C6E343E0E2AC7BD16C13CBCC0
:20D0C0000E5C93BE46C7EC3D9AF70E3E54BCCF3D0D40393D810BAA3D4FBBED3D89D0C2BE23
:20D0E00025A367BEC6CA433DBC92043D5B4E033E369A66BD7589E43CB767BE3DAA7E92BE18
:20D100004641603CA34D61BD78F2EABD5E8DB53D73DA113D9F2199BE7B2AD6BBA4F08DBE29
:20D12000044514BEFDD3263D92D2B9BE94A089BE5561863E14D103BDDEA79A3D8F4C98BE9F
:20D14000B7D8AEBD713666BED76E413D71ADAB3D87F116BE48B3AABE00B0ADBEB28C813D7B
:20D1600063CCF7BC9B0F11BED331C1BD2A07A4BD5C7124BD4121F1B89ADE89BD39A6CEBE5E
:20D18000EB88983DDA0B803C5AED5CBDC586E93D6A46433EBE0B523D62DEFEBD0EA056BD90
:20D1A0006CF7B93DBAC7643D647B163B9DC93A3EDA11EABD7D567EBE92F075BE0E2C183E00
:20D1C00004721B3DA2CA4DBE402EF8BE7432D93D5ED1203D5D04A5BDC2AEBABEF86A38BE9B
:20D1E000BECCA2BE7FA3F5BBC078613C2071F7BC452B89BD50DE06BE7DFF36BEE19B89BD80
:20D20000465FF9BDD89224BE922275BE4C8F7FBEBF095EBE35932A3CEE12CABCE5ACB43D4E
:20D2200034CC493CA040B03D61B7B5BE6DE0F3BD85ED82BC894D96BDB04A27BD9ECAC4BC75
:20D24000F9F8B3BC40AA01BDE90A983DEE28B9BEFEE80F3E4A39E63DCA9929BE0213873D75
:20D2600094AEA43C73C5AEBC2BD7553E9232A5BC77C7293DDBB5743D79844FBDA2ACB6BD81
:20D28000208E29BC2CA14CBE1E999BBD037395BD41FC333E2E6955BE97CDC6BED96EC63DC3
:20D2A000D4929F3CAEDAFDBD466DA1BEE4EEB23D8B3A1ABDD55E1B3D3371393E212628BEA9
:20D2C00096173EBE150AE83CF0BD853E611A0DBD42EB3C3CB38F73BC34D2623DA53D373D9C
:20D2E00097A70BBDD367663C8A9BACBC1FC421BEED89CBBD43F741BE6BFE64BDA001B03DAE
:20D30000181884BD600C9F3E788C80BC15BBBEBCD98F5EBE3AA9053E3568E43D4EC817BE76
:20D32000816C5EBD14AC463ED0F5D9BDF1DC89BE5C3B04BED936E2BD580B82BC2AFDD5BED0
:20D34000C6895A3C4C90E13D2654013E0DFE82BC69D11CBE6849AD3DBB0FE93CD212D83D55
:20D360007C39BF3D246ABBBD16A1D73E5F61BCBC7283733D0CD303BEC486323EAFC0583DEF
:20D38000AC8E10BDD72372BD1E20C2BDA178FB3CDDFC2B3E100AD53CC2B9DA3D95BD10BE31
:20D3A0007D69BBBD31D79D3D86F6163DF94B57BCC2FE743D7EF57E3B9E69E5BC851E243DBE
:20D3C000A50610BED0EA7D3E6C9730BEA03284BEA6B7773E5458843D962B963CF7CD253A25
:20D3E000BAFF73BDC27818BD56C97DBD5E36DEBDB42D47BD7CB448BE2E16D5BA30B27A3C27
:20D40000DE064B3EA3D26ABE06080A3D5BCA9D3DD9F4213CC8D64A3E6B440F3B544BEE3D9B
:20D420000F27543DED3C66BD370507BDAA7D2ABCC07184BCAC11583ED09C8F3B1F8EE4BB86
:20D44000B3781E3E310CD03D498FEDBC83D5023EDBD8403DA8A4D73D3A18D8BD1DE7A2BB0A
:20D4600029EBAD3C01E37D3D452C8C3DF7DB80BD6C12333DFFF54F3DDD866F3D3E34493E52
:20D48000923F21BE7A5979BEF9C137BDD822D43D681D393DAF59DFBDA3A50E3D9A8A833D03
:20D4A0005FD52B3E288C90BE2D1AB43ACE80F7BDC3C6A03DB20C8EBDDE77FEBD9A6CB13D23
:20D4C0008A91F6BD11B2AB3D8AE5873DBAEBAA3C2A48413EB374983D91832C3EC098A5BEEF
:20D4E0004F844F3E3EA279BCE8CE8CBE259A2FBEC34741BE01C8233D00529EBEBAE70B3E41
:20D50000B0DEE9BD7CBC083E1602FF3C02C573BEBFBF8ABBB3054B3EEB5994BE2A9BC33DAF
:20D520009DAA863E0E664CBE8EB2E53D353225BCCE411D3CEAE48E3CE843E23D3CC46A3DC7
:20D54000AD43ACBCDF4AC4BD9B11E7BD71BEAC3D74F5003D8F1610BE9C4A11BDE03CD0BEEA
:20D56000D0B0D7BCF03181BDF4390DBF858BED3CAC84623DA5F099BB2F9847BE488BDFBE13
:20D58000348DCCBD783FB3BCB139C43DCB69BCBC6F0A7F3D724FAD3DAF1BE6BED2C2C83D9D
:20D5A000F02B003D739998BC87D3E03C029B153E53D5843DA95918BE4F44713D94BB8B3C35
:20D5C0006065803EBABF87BEA20A97BD47C17B3D5F0028BF73B2AABD6CB3F6BC219B80BBB0
:20D5E00099EA023D41389BBD532B26BCF510FD3C0A99343DF3BE25BC28619CBCF921B93C64
:20D60000D5D233BE9A0FE1BDD51580BD973C7F3D81CB0DBE46E41A3D5F7E223CC51AB23CD5
:20D62000CBAA113DCE4ECFBD3E5D2BBE64971E3DFCCE293E20C918BF861E84BDE9CCBC3B23
:20D64000CE43B3BD707D333DCBD5253C54058CBEA4FF10BE6F73C13CD43F8ABD5D1AC33D27
:20D6600007DDE73DE5B79FBD43583DBE1DA460BD447DFA3D46F0043D81C539BDF36FE43D08
:20D680004C76CD3C9FC2433DB2CD1B3CAB12223E99E13EBCFEC5653D6CB8CC3DF86834BE93
:20D6A000844C8BBE70B9173E4E2FAF3DAD79B63DA6382E3D3AFC2A3EB872233CA37C1A3D6B
:20D6C0008247E53DAFDF14BE8199853D701184BD29EC1CBE0F8602BDBF4C7D3DEC13BE3C60
:20D6E0008E574BBD615DA73D8551593E821A1EBEB9A53ABE4D86D2BB11DEF6BC35FC3E3DB3
:20D700002210123A1140713D937B8A3D0F76073E3C000CBEA87583BBFCD402BE7E60A43D3D
:20D720009DC17CBE9595C23D514093BDC67D863D48C33FBB9FBE593DC98B7EBEDD23B5BE46
:20D74000F9D627BD828F66BEE43A5E3ED8FDF5BD7E14703DFEB6FFBDA53810BEE411BDBCD8
:20D7600078AF77BE9C6205BD771A563E7197BEBE2064453CA4A0C9BDF4EA36BE28E2C13E3A
:20D780000E08A03D1C9F053E10EB37BD4E119CBDF6C070BB6FC0883E1BABCD3C037DC13DCE
:20D7A0006B5B5FBE9565853DD24C553D70E2EB3D8FC459BEF8C16ABEF20EABBDB5E1903D8A
:20D7C000BFA004BC1E1FA03EAE7210BD6944DB3D0DA8193E75B9AEBD6089C53DEB7F373DEF
:20D7E000A1F037BDCA63213E83B6C03A69D32BBEC91EB33D1B3032BDA320A5BEA5C7413D9F
:20D80000C30F8CBDC952993D92FCC7BE2597803CE7B6F1BDFDDC8B3D2678B2BDA2EC8FBBA0
:20D8200084B10C3C0BD375BE758C66BCFA2ECCBDC1BD97BC53B2C03CBA9D7FBEC1B41CBDD2
:20D84000117FC4BB3A7AEB3D72FC903D86F082BDA638F5BB4BCFCA3C2EDB68BC499DA33B4E
:20D86000BCD497BD47914DBE28E9CBBD5E72ACBE0A52C93D6CB0C5BE34A15E3D07C1033E94
:20D880008D65AFBEA9DBD8BDB0D48BBE95D8263E4ADF423E7892EEBDBF1A373D1C4C99BE08
:20D8A0007EB5193EF018BABEC359363E3E69D03A19095EBEE3ADD3BDF124EEBD5CDD523C38
:20D8C0006154FD3DF4841A3BB75E403E95D8BCBEB952BF3DD44AD0BED1AE3BBE49967E3D4D
:20D8E00044F0F0BE85D184BC4E4618BF489FB6BE76BC403B278C8FBD7D8C9A3D41F537BE33
:20D90000D3759DBD80E577B9BFBBDEBD041CDD3CFC6B16BFEB8C173C6A023F3EABA3E43D24
:20D9200058F6663EEFC6EF3DC69D743D316989BD8F0292BE5868833DA60F45BE1252813DE5
:20D940003A659DBDAE8E843EDAE7753D40911C3ECA77713DCDD2E03D9775A5BDB52DD63D24
:20D9600027F8153D6D1B05BE87A6893EC7449A3DBFD32BBEBB4B22BE9846CFBBA10A393E2A
:20D980005C671ABDD157273CB02451BE760EA0BD2FC0613E11CDE83D82EEC23DE6B60B3DBA
:20D9A0008D8508BD9C3DA5BEB6F0693DB1EB9EBE498A23BE406653BC4A0D59BEA124A83D8F
:20D9C0003DD01EBE24EC2F3EA19781BDFC3FEFBE948A7C3E6CBE82BDF822173E82522B3D97
:20D9E000F6BA053EBBC5893D8B601B3CA5AE0FBED1DB3ABC9BD7A03C18CF273DF37CB63DEF
:20DA0000D48E7D3C025704BE83153B3E16DE303BF4DA05BD10D45D3E5DD79DBD294E1C3EF2
:20DA2000637F33BB2BF0F9BD180F0DBD48F5083D9A80F7BDE76F883ED9DA863DA1D136BE0C
:20DA40009C2E303E0227223D1221E83C32CE383E64DD223DFF70BEBD999E193D9798113DA5
:20DA600005E7C83CF479033DDB5D6C3DD5343EBC550F8FBDA9C5BC3DA3CD0DBDF6C71C3EBD
:20DA80009FD6A93C5D05C6BD142D42BC8B3602BC1F8865BE768019BE304DEA3B6A1041BCD9
:20DAA00028E6E03D9E98D8BD10BB033EB2F317BE6AEE183DCC355DBEB249ABBD50AB7F3D07
:20DAC0005686BD3CAB3AEEBDDD7D8B3D8C73943DEDC0573E0891C33DD3B3583EDF11F3BD58
:20DAE00087A7373E5CB272BC325757BD9DD61DBEAE568DBDD341723DD8AB69BE964C2A3E57
:20DB000052DDC0BC2B39123ED535EBBDEFB443BE149C4DBC1060BA3D43C57DBE4998033ECB
:20DB2000D9A4AB3EB02A97BC00767C3DF365E33C9B12BF3BD626D1BC6F5B393D57AB253ED7
:20DB40002CC9F3BD76A50D3BE88AFD3DF859F4BD7AA9B3BD5E868BBC007F7E3DD229C63D19
:20DB60008CA0FABEDCC9893E2A452B3E4E553BBE7800153ED33409BE060C123E3A82433EA9
:20DB800030D3583D924BE6BD412DD8BDDD63E6BED1483CBDBD86193E2D49353E6DA7DA3DC6
:20DBA0006C0633BD72E686BEB80E33BD7AB6D4BED3A831BC41410CBEED8AD53D0DB594BE9E
:20DBC0009EFBA3BE1CA4E2BDACFACFBD3B492DBD5B1613BBF321FCBB454EAEBD7261863DAE
:20DBE0008240BC3D099DE1BDACBAA1BE6B8874BD6924073E406781BD518B78BCE1092BBEA3
:20DC0000908CBDBD97838BBDB6DC48BD05F31F3D6B9C2D3EB57D33BE60900D3E708C993C80
:20DC200033919F3D6319A3BE1921773E2EC86F3D58F19ABDA04C453D811B09BEEB2FE7BDA7
:20DC40003ADB2CBEE668C73D813F94BD8A675F3D05015FBE1EEBB3BCE59D81BDC99A10BF48
:20DC6000199CDABD70A37C3D10249FBE51E77C3D510B273DED9A25BD98742B3E2F6B13BE01
:20DC80007DD13BBC63050F3E29F2C23D8C41843EC71B09BF3BB60E3E6D4D6EBC556F0C3E08
:20DCA000B4D1B03D5CDD3C3D013D8EBE2E7ADEBD071D29BDE117263EF7F0BEBE350BB33D7A
:20DCC000588FD53CA7890FBC0FC7D1BEB415B73CD1153DBEB95630BC313A403DE2500C3DF1
:20DCE000CB1E753D198099BE01A31CBD3AB0C33DD8406EBD7B80E3BC1DEEF4BDC01C8F3EF0
:20DD00008B53C73D351FEDBDF84E93BD23FB823DC65BEBBD17F1A43D38DFAFBEEFA61DBC0C
:20DD200068B869BDEEFC0BBEB5823BBE4D59A6BD810B37BC1F6D893D5D4FC3BDD6972A3EDF
:20DD4000BE0ED1BDCCE8F1BDED0F20BFC17C46BEC9531BBDB6C1B2BEB667053DA2C185BE0B
:20DD6000673DE8BD2AD9613D8DBCBEBE0AEE503DEF453CBC6B99C53D7D96D4BE990221BE1E
:20DD80003F1DCCBB36C176BDB7398D3DAF835D3E8556243EA68ED73DC3AF62BED15B0C3E62
:20DDA00063268EBD41C447BD253839BDDA98C9BD80BF9E3D5FC622BE51EDF4BB282BED3DB2
:20DDC0002E268D3EF1045CBE4F1144BDCA7A30BEA6F56EBE865DE2BCDE530ABC266015BDEB
:20DDE0003BF3333DB0EE07BECCF596BC921BDA3CCD5626BD4B44C63CED6943BED5234EBD5B
:20DE0000CC5F3FBE27C4A03D3F0603BD64104BBD6169BEBDF9A0DABC450CB03BED3FBBBD3D
:20DE2000BC22663D1CA9B8BD19C39BBEC27B7C3DA61E583D9B86E7BE3B019EBE18B9103D27
:20DE4000599F9B3C35E0D83CFF71A53D814BEBBE8370223C10AF463C24FD6DBD0D50D43DB8
:20DE60003846173E40A176BDEE4E44BEC796F03DD26EA73D3397CD3CC1057EBDA6BF9A3DBF
:20DE8000788798BD74BC8D3D7876D13C980ED13D3FC5B9BD0C062A3E694CC1BBD2BD783E1B
:20DEA0007E1EEDBA058A293E5CCF173D2DD2643D8339D6BD5A2EE23D7C319E3D302737BC42
:20DEC000AF17AF3DF0AF0CBCE71F483D0CFE1B3E79DF85BD94AA7ABD9F16613EB2E61CBD67
:20DEE000C70BCBBCAFD3903D3338003D30D504BE2259003ECEF0EABB52440A3EED02073FDC
:20DF0000F619D23CF1124B3D0C421E3E3CB2913D7DC219BE8C8A9FBC9A4CF6BD384A3EBD56
:20DF2000691AB8BE7D5D5B3D497D283D9C2E3A3D6F0A323DC8B88D3D8C0C93BEA5C6A6BE20
:20DF4000D59CA6BB72C5A83D85FB093DF1443FBDE8C3E5BD77F3093ED44E77BDAF5A853DBD
:20DF6000DA3CB3BD3626ED3C821C37BE22F1B1BDCDB152BEF32E243DADEE6EBE0A99263DA5
:20DF8000C202A43DCCFA4D3DA6AF3BBDA39CC53D6801803CB4C4B73A1B82E1BD9EAB9BBE93
:20DFA000C4E8083DA8D72E3EF5F6D2BBDAEBA93DEA60D5BB85694E3E49D1A1BEA00B383B77
:20DFC000E97EDB3C50E935BEDEFF263D8AFC1A3E0807E03D82BAC43C2ED43CBDAC2EFDBB84
:20DFE00000AFCB3D6CB72D3EDA6E46BECA1700BB7D566FBD312127BEAD3D8ABD953016BEF4
:20E00000E2D73C3B6CBBDC3DB4EB54BD35CD0A3DAB8E3D3DB3FBFEBEC755CBBE763483BEEA
:20E02000814A3ABEF13A923E9BA42A3E7866B73A0FBB8EBDAE8F473E83841CBE29DAF43DC0
:20E04000EB6916BF93D56B3BA5D94ABDAC3E84383A9741BE36459ABE8821D93B3CB598BDB8
:20E0600016D04FB97A2C5FBEB812503D96E428BD12EA5BBD2ADC8CBC95FD49BD43B611BC79
:20E08000F9BB693D943051BDC3257CBD9CF274BDBBFB473D3AF61C3CC0FEB13D3EE8013DA2
:20E0A0007FB3893D0B7489BD918F9D3C3DDDE6BDF1B107BD5A3E653C3EE6B33DBC5591BCDC
:20E0C000B1624CBE38DEB43D9AD703BE2682613D2B04B9BE69823B3D361C86BE9EF92FBE81
:20E0E000EDC1BF3D8957843D7798AA3EC7DD383EBB92B83E65C8BA3CCD4BC23EFCF02BBE71
:20E10000C4EA95BDBCEBCEBE129C4EBEE37992BD62815C3DCFF068BE15C1813E68F284BED5
:20E12000548623BE36BD16BFD377B9BD870D663DC5B2233DBA95EABD713A063EB5129C3D09
:20E140003F777CBED4D765BADEBEA9BDB4F4BBBD67E792BE64292FBE85A81D3E69840BBC8F
:20E16000FC75ADBC647671BEEF9D0CBE2E97CC3DC60921BFC4815B3AC84146BE48F4A73DE2
:20E18000B62206BE73FFFFBD232D323E8790243D25366F3D4479333DD136403E21675ABE24
:20E1A000E686363E1A1DF93EEFC78E3D749BC1BEBF60A33EB03CBABDDB355D3D6420743DC0
:20E1C0003EFB823D44E0333CAC8F8BBE5D3DD6BC6DDE283E3203C0BD65DD863CE40671BC86
:20E1E000E0855FBD8122D73DDB7FB0BDFF461A3E6E6436BE667BA2BDD29C14BEDDA69F3DDE
:20E20000F1F0483EE34A173D065E5B3D2D3323BD1D592A3E8E415FBD9FE3AABE7193923D54
:20E220005DA13BBE47C85BBE21E4633C7D7EAD3ACF8AACBEB64DBB3DF8EBEBBDA1DEA93D8B
:20E2400076D52FBCC97CA33D879F8ABD073BE83DB054E33CB079B4BEEDEE89BE7529013ED2
:20E260006E5B0C3ED93113BA354E123DE20515BFAF7005BFE248823EE8EF83BE5961B03B9D
:20E280002BB895BCF65C0B3EBCBFC13DC8C4803D8E08793E1B74B7BDFF90CF3C0DC144BE33
:20E2A0002CB5443D7516AEBD131B863C1F04BC3C9DCBCFBEE575C2BC9F0D303EC429D4BC97
:20E2C0006C2478BD7DB491BE4523C4BEC0879DBC1921BA3D7F7594BEE208ACBD467BF33DB4
:20E2E000643679BE74970F3D8997EA3E26DB2F3E81D0BE3D39ED823D904E6E3DB3A68E3C63
:20E300008BBA04BE273597BDFB8DE63DCA7885BEB7C5A5BCC4D3043DA8E12CBE02A8EE3D19
:20E320005EBB89BCAC5675BE485149BE75F5DB3DC62A5DBE898CA7BD9741A93C1C50973DA7
:20E340002A81D93DD26183BED268B9BC741DA5BEF329BDBD45060EBEF2F802BD53BC043D3F
:20E36000C63AB9BCDFCEC5BDD7A2C23D2DF8513B15C8F2BE002425BDDCD1D9BE1F7101BCAC
:20E380009E9CED3B9FA448BE4E4A1CBFB86C093DDF84FCBD2C452DBE93CC5B3D1AA4173D74
:20E3A000E9E0A2BD2C23A63CAE701DBCC918B2BECCEB35BEB55C9BBE8D9783BD595BB83D9B
:20E3C0005F39BDBE10DF4BBE1D5214BE81C1CABEFC9543BDA24BA5BD1E08BD3BE4CE06BCB5
:20E3E0004402063DFE25233DDCD83A3E6B375D3CC0981EBEF0F01E3E70F6E9BDA13C72BD22
:20E4000028E5B7BD7B4D083E3B47093E91D042BDC37A1D3EA43E523E86622C3D0637993DD6
:20E42000B3AA34BEA6815EBE6A25C4BDD80DEBBC684EC5BD694406BE2B5FDA3B6B0BE9BD4A
:20E44000E7C3973C16E8EF3DADEB32BD4EFFA63C4865443D507314BE3010A1BD825BB2BDB2
:20E46000F70F023C23D83E3C1B65B53D7B0FA3BE31B167BEB1ECD1BDFF9D0A3EC1948E3D50
:20E48000E9DA803C2695843DFE4C953DC6034FBCD321C9BD707FD93D920C4A3D699F123B98
:20E4A000B0AC9C3DB66DD7BD661DA53CB17411BE5577663EDC2576BD9427323CDA123C3EE5
:20E4C000913F213E0DA6083E464DB7BE044650BEEEBCC2BD7FDD6ABEEA86EBBD0F9D4A3EBB
:20E4E0007FB5E4BDD52BADBED6FF09BF7BE3ED3D61B9E9BEC1DC7A3D7931A4BD22693BBE13
:20E5000062E92D3E6FC0613DD31CB9BD6C7541BEEDAE69BD27B6E63D815278BDF2BF8C3DF0
:20E52000944B943D76D2B63DE16AD83DAC4CA33D09F253BECF8B15BFD60E61BD74C4273DE0
:20E54000E20213BC3274553E2C5D26BEA62D98BDF54654BE8C2995BD8FB4073D396443BDC2
:20E560009FD4F0BCB7AB1D3EA99C823E7F66113DF67DC0BD006F7F3D4312493EA16293BD3D
:20E58000073BAA3C03DA4DBEB505933D872FA63DA1C462BED4F884BC417C5FBDC18D0ABEC8
:20E5A00028F469BC6A6A783CBCF7CEBBBE194D3D779AF13D9EDF253DD723D93D11FBA33DDB
:20E5C00098E210BEA8EDCD3DA9C0603E6556713D1B20ACBDB13F5C3DE848EBBE57562FBE44
:20E5E000191AFBBD814709BEAAF80F3D89F1673DB301D73C23AA063D355C0A3E0FDCD6BC68
:20E60000BD1574BD311826BE248A163ED6D78BBEC55982BE7EB1D23D74F63DBD3634263E04
:20E6200071FE7D3D805797BD3761993D95F069BE95CF443DAB0ABEBD73AC493C248F1D3EA5
:20E640003C5F76BC97072B3DA2BE9F3D6F672C3D1726A63D387E913E7B1F403EDA805F3DB9
:20E66000BFF6A93BC82B8A3C0B4A11BEC3E5423C20B917BDA03A0337FD22053EE4E0AEBDAC
:20E680006BA51F3EFA5E79BE703D823B473433BE152D073DD5105EBEFF51F8BEABEF13BDB1
:20E6A0005D1D89BB87C124BD1DE260BE7D51193EAE49113E03EDAFBEEC67E2BB57CF9EBC1E
:20E6C00033E6ED3CD095213E79E214BE903B5F3D857B12BD6722A83CDF6187BC29153DBEA8
:20E6E000A1763DBEB448B03CC332E8BE350E9A3C2D4A28BEB90A05BF59EC02BD696B55BE9D
:20E7000012AD82BEB5C1083D3F830F3E204055BD5E0E043E203BCBBCF6EF9BBDDA2E3C3E6F
:20E7200045E9243E26C199BD38C4A7BC1E54753C48C2733D294FED3D414E0CBE82D90C3D31
:20E74000D5E1A73CF04E30BE1C1142BF0DB9863C59DC9A3C29EFE0BE8259B93C1D04ADBE21
:20E76000D659F8BC6714FEBB0DBDFABEA21433BEB05070BD6D2B12BD2D52E7BEBBEA81BFBC
:20E7800071FEA03921B408BEE750FD3CA0C6D6BD9C7FBBBC9BD2403D81D511BFFFB9043E91
:20E7A000D9C4693D749AE43D062DCBBC0987203EA14F463D47780C3E8983393ED291E5BC3C
:20E7C000230FA43D01EBC5BEECD28CBCF20AC23EF920FABEF09B7EBC54F1B2BB66B7323DE1
:20E7E000D64187BB5FC3BCBDE53A123E52C1EABD40EEBD3C4405B1BDABD654BDFDB8F13DA9
:20E80000C249DDBEFB84F73DFCA80DBE48515E3D61DAE0BBF7321F3E5DF117BE5027CC3DFD
:20E82000745940BEE692593D574D443ED986143D590A78BD37383CBFB123E53D1F18A23D1B
:20E840005A2C3CBE4F33DF3B6CD8D53DDE2B3DBFCCE4553D41D9743CF97E773BA0DA82BD53
:20E86000D73F35BC2365083C4A71D0BEAD6674BC4ACB8DBE580D49BDE3D7B9BE494810BEDE
:20E880000488283E4A30A03BE2B6103DCA4C17BE27B8373E73D1173D8A06243C78B869BC30
:20E8A000FFD76EBEFDF1233E484E92BCA1CCB83DE1699CBC2FFAE5BC8F463C3DB1D41FBDA6
:20E8C000BC0F26BD3B89B4BAC345EC3DC24F3FBDC36026BED1EB9FBDE9FD2CBD6AAF7DBCDA
:20E8E0004200003DE41A973DA975163E5039A0BD7768A43DEE88B93D580A95BD68A4C93A80
:20E900008F74C03D24B743BDCAD1A13DE5F2D33DB5280FBDCD77BCBD845725BC451836BC4B
:20E92000A0DD83BE49879D3EC5D3E43D058BE4BD9740EE3C0B7C933D190250BE19E51BBF2B
:20E94000FD582F3D8157BDBEEE3D113E9F895C3E91F6BF3D50ED483C415E22BEC12205BFFD
:20E96000E83F023ED21E303D03810EBF69E805BE701C4CBDD904EEBC9D0B72BCE0373FBF67
:20E980007EFF8DBE91D8B1BC34758D3D58A56BBE3E3C04BE87ADC3BA183D12BF0E634CBDB3
:20E9A00006EE823E53A2973D9986D53DA66FB63D24128DBD6D30F0BDFAA09FBE3F5CB3BED4
:20E9C0006CCEF6BC5A78FFBDBFBB57BC811C7A3E503104BF9B96903D4DFB383D227B67BC1C
:20E9E00026763C3D13365A3D9DC8693C0F5A003DDC3E2F3DED428A3B780BBBBD0E5496BC49
:20EA00009FA085BE62E706BD4DAA96BEF02E1E3D563EBCBDF5C3823D26D2ABBE9DCDCA3D4E
:20EA200084424FBDB04AFCBE6A3BB5BEB898CB3BDCC2523C3CE68BBDD6216FBEE8A018BECA
:20EA4000C09F08BFF1BB19BE07011E3D3C1820BED51011BEFC7B4F3C7E0FACBE32F54BBE9B
:20EA600080F363BEA93A31BD68CB05BEEB4167BE5A95E9BD2ACA31BEC091373C9E20943D1F
:20EA80002E2B0A3DCB6A34BD9E0D88B93AAE38BC6D182A3E984DB1BBB94D0E3D213116BD34
:20EAA000E88524BF866B2ABE0BD4CD3DDF39EDBCFEB3873C27E30CBD304EC9BD77F7533D3A
:20EAC000743860BD10CE463D10AB983C835559BEF27F703D690CAFBEC6CA29BED24573BCD1
:20EAE0007967D03D8E4218BEDE84D0BC8815D13DBEBD743E8598A73C8BB9203E50A79DBDCA
:20EB00008A6F5C3D05E023BD49AAD2BC284E873DD8F6AFBDFB8C57BDA7FCBF3DC72438BD8F
:20EB200096B8A0BD9690DDBB1414ECBC897712BDFB1DB1BE9D38863E48AA91BC6B98F5BEB8
:20EB40004C428A3B6C91A23DA0E2013D4E23063DBB821ABE9829393EBC7002BD492CDEBDCA
:20EB6000FB3277BD837001BD1261263E75224A3C8660873E851DBE3D1FE1953E027ECD3DEA
:20EB8000EC9EE2BED3981B3EDFFE783C458BFABD2A5BA5BED807943D8690F53DFA9E2F3D8B
:20EBA00016A6FABCCC0DD9BD6EC8C0BE39974C3EA1D522BD4502653D77413A3C33BC94BEB9
:20EBC0006063BD3D7878813E372F4CBDE31E8F3E7D331A3E4248AEBD2D288ABD3F8DF2BD78
:20EBE000F29217BE88EBB13E2DD4393CC464BABDEF4355BDDC3E9ABD059FF0BD65061CBEFA
:20EC00004F003F3EA449153EF7C3DEBC17722FBE3CF8283DC675F83B0DEE453EAD3B9EBE55
:20EC20009E5DD53D08B534BE43A212BD17CB02BD9BB6AA3D1678603E4AD513BE800F1A3E88
:20EC40006ABF81BEA5A0963C0E0BBA3DB9BE5D3D8438EF3CD7D01F3E108FC03D63D4BBBDDE
:20EC6000EB789BBE065244BCC17070BD9471B43D86B8FA3D4E0B36BE63D2AC3D8197E9BD8E
:20EC8000ECD78E3D1FBD723D2BE51F3D0AD52DBEBB4D273E50558CBDB87C89BD0506C2BEC5
:20ECA000B17810BB3C7B8A3D5CBEA9BDD80E66BEF03319BEEE2C263C2E6F57BEB1E5623CFC
:20ECC00028211A3DF25860BD912F4FBCAD194EBE177790BEBBA090BD7C709B3D0B6F683C2A
:20ECE0001F18983E38D7C5BD50EE2A3E0845363E68C4923CDB0A9DBD7581EBBCE273E53DC2
:20ED00004086B3BDD697963DB148B6BDAA9F3C3C4AC2283D1D275BBD1457F53D41405DBD4B
:20ED20007355D63D13EF3D3EAB148FBE97CC693DAF67C1BED36266BE8EC2843EABB3F63DD5
:20ED4000D08D29BECD613D3EF6032F3DFEBE5BBDF3E12B3DA3694A3E8291CA3CB4E852BDF9
:20ED6000CC8482BDC05CA83E328F5D3D6FEEE5BC73F98EBEFB2C923E8159763D6421AB3A03
:20ED8000278034BDCAFB023E7B754EBDACBD3CBEE8621CBE2B80B23D309523BD9D2ED1BDBC
:20EDA0001A0E56BD2773A83DE0562C3D58C928BC403B6C3E45CD633B8EBC013E83DD623E97
:20EDC00075B4B6BDF8D8CAB9E1DF6F3E2513473E681C8BBD619A49BEB95C76BDA7460FBD4B
:20EDE0000022B23CA9D6913E9EC31ABC9560733E727CF23D8D80CFBDF876E13D89A7163C14
:20EE0000CD1036BD060F2EBE510C673E4A8501BE6835BB3DC28DB1BC609980BDD38FD33D98
:20EE2000EB6BCF3CD5479ABDB022F9BDB4E137BD2183203D187FF03D2CDEC2BBD745453E02
:20EE40005B26493D6A24663EE94A183E3BCA053DDBF40EBEBECA9C3E5FC4C53D2427C5BDBA
:20EE6000373B8C3D116DB9BDB42E8FBC3D50F13CE1A5023E7AF5BC3DD6BD1F3EF22DAD3D55
:20EE80001A8B173E7CAC7CBEB660AE3CDB30493D96D879BD19EF78BDE9657EBE6E55B4BBE8
:20EEA0006C7D3E3D3EBEB03DEDF407BEB818D63DC815AF3D75D6EFBDB48044BC5FDB8DBD04
:20EEC0001152CABC79D52FBED26451BE9E3024BD96623FBDA2251F3D4C83D2BEDF9CFFBB6F
:20EEE000CB7F9EBEB35C233ECF1EE0BD781FE93DB3C509BE58BB1EBEB1B1E53D5D4589BE1A
:20EF00006CB9BDBDA04967BE7ACDA0BC46AEB7BC65572D3E7DBDB9BDC2E9243DFF8E533C3B
:20EF2000B7722A3E6D5948BC046F7C3D55F85EBDEF3A3FBD87D8AF3E1E1F183E429A0B3DBA
:20EF40003005543E34E9C33D2515BF3C915A843DAF39DD3BCA42DBBCC64A65BE0BB2C4BDD8
:20EF60005B6E8E3D5847AEBEADD7E73D011BBBBB3075BF3D01C040BE6223613D6167213E0E
:20EF80001010E4BD69E488BE3608973D24A184BD1B567E3E8F7541BEA622543D55CD713DAC
:20EFA0004CF3A1BD5C76A1BE0559EABD8563E0BD9EBAFDBD9F50493E388A2DBEC641F3BD0D
:20EFC000B165D6BDCF73283B333D8DBDDEFDB8BEC6C4903DEF6E263EF333823C3D18E5BAE8
:20EFE000E81DE03B6A37B0BE83FFFBBCCB23263ED79797BCE302673DF7FD40BD164932BDCE
:20F0000081773A3D169891BD311C883C2A9FA23D33353F3D79823A3D00E0B33DEF81FE3DFB
:20F020004C5A8BBDCD90123D5A55B63D6A165DBDBE134CBEB787663E28C7CDBC705A8BBEB2
:20F04000177C2EBEF2F01BBEC45720BE5807F33D80A73E3D3F82B4BECB49CA3D19ABD63D27
:20F06000E4A15C3DC91CDF3DB3F2E0BC7EA0FB3C1754123DA3BD7EBB8FC142BDA269BB3C37
:20F08000F8CCD3BDE58F333D9F842FBD2E6EA7BE6E7E3EBEDCE797BE9C3992BC70C0A0BD78
:20F0A000AF855FBC00BF43BDBD1C1A3E420063BD70DAA53D3BEC7DBE7C4DDFBD9A758B3EE4
:20F0C000CC6A36BC21CD613DA4C8D8BCB1BB103B807A31BE395BE6B89C64D03D761698BEBB
:20F0E000AD862D3EAE0085BD4F8F853E7C290FBD57EAFA3D7066913D2FB9D1BEBBA7EE3D50
:20F10000A8C1EC3CA2DE71BB09A7633D62C943BECE67E6BDA600903C3EFAB9BEC7ED35BD97
:20F1200091BAF03CFCE7ACBEDCAED53CC3EB72BE44AC33BDCDECB1BE05D96ABE5166593E36
:20F140006FDD0C3D024EE43D07D6013D8BCF613DEE4156BD1D964C3E525AA53D8F86F1BCC7
:20F16000FEED45BC5A59303E111AEB3D9DB9DEBCED37893E2CA80F3E6B289B3D0A5E54BB51
:20F18000F139C2BEB697883EC11F0E3E2B1BAEBCAD774CBEC050953ECCBE42BD22D9233EE0
:20F1A000F6A29B3D4ECD15BED042DABD85E9093E7DBA6D3D588FA53D96DB8B3E0236A3BC18
:20F1C000F7248C3E154863BDE3CB143E4AF9963EDAFE4CBEAD4E6B3E97560ABEBF7677BE11
:20F1E00068AC31BE6296333E3616313D6904A43ED893873E40BA123DCB2CFCBD51197FBCCC
:20F200003936603D9A43C2BDE5EF94BC826F25BE9E5B313D5E63CABC4E94993D87A2E2BB62
:20F22000F435343EB0F725BEA44310BED2335ABEB52B613EA399D63D66251CBDD8AD4D3E95
:20F2400094A74ABE19DB5D3E263703BD3A23263D918492BBACE5D43DF21FAF3DD98B953CC9
:20F260003FE68BBEBAB9023D01F72ABE449F8FBB1118423E39BE3CBE987A963EEDE1E83DEE
:20F28000ECEA173DE06523BDEE6D863C4D8F2CBE16F6F3BB3DCFCF3D7598CBBDCC2E7CBDA2
:20F2A0006FD506BC06891ABA5EE8A3BC8C6481BD8373513D58DDA1BE122D86BD846D313D19
:20F2C0006013F23C0A2CA23D21D113BE0316EABD031108BE28738C3C7227C43C0BB5E53B3F
:20F2E000B3FA383E0335B13C85821BBE2255A2BC06EF0FBE49E6E3BD6502083E0C88FABB8A
:20F30000C4DD0DBE3F1C43BA35E6363D5EF0743BC8EFCB3D0FBAE13DCAD4043E2E03E33DC7
:20F320004504A43DB4F0F73DB2ACBDBD682D2F3DB94AD3BDC6F6FE3D6857DC3C1B260DBD86
:20F34000BF8A14BE59253FBD8D6C2FBEC4EA1A3DF00FF0BD933C67BDF200AD3D9FFFE53CF3
:20F360000CDD3C3C77599CBE40DC60BD8A539C3DA9C5E4BE7D4C70BD9A559DBEDBBF14BE57
:20F380002263C5BD3FBD5ABE10312BBEE5B04A3DB9EC1F3E807352BE9DE4F73DF26A31BE07
:20F3A00096EEDB3C54B3D73E38DF68BCD88012BE4C42843E360AEEBD5615CFBC4A4582BD34
:20F3C000312A4DBEC13ADCBC10F8CFBD01F6CA3D5B995D3D043AFEBDA5EAEC3C3279CD3CB0
:20F3E000DADDCEBD4CF40B3E5086B0BC91D93D3DEC61C7BDC943AABC80DB4BBDFD581FBE44
:20F40000CC52FF3DE7B6E73CFCEE5CBD7639003D07B9DE3D3A128B3D6CB8ACBEA50CFD3C7C
:20F42000423532BE908158BE3E3A55BBA3C8A2BA12D0AEBC3CB1BF3D4ED908BE62B06CBC93
:20F44000BACC17BD57EA62BE245890BD3F46333D5452ACBC339C2ABE6F7472BECC080C3D3E
:20F46000571A043E7019A13DA79788BDB6EC09BF2AD614BEAB6C953E27179BBE2F836F3DD4
:20F480003C298CBDC70AB33D0623893D94643D3D0B7E693EEE7306BD1B349A3D7EC270BEB4
:20F4A00002C1E53C11A6A53DA9B67C3D7458A53DD929293E52061F3ECEDDE23DC5E9C63C71
:20F4C000B321EBBC32CD50BEA0042DBE633614BEC757663D1FD284BD244345BB4178093E50
:20F4E0009D0E8A3DF263E33D92EAF33E84AD033E984FAE3D403A263C6E44C63D33528B3D56
:20F50000DAE0EA3A1802ED3D4398A63DD0E228BE08BBA8BD1E43673D0CBE26BEED4C803BA4
:20F5200001781CBE2B25D5BD25820F3D2B16ED3D308EC4BCD54897BD4E0522BED004883DBD
:20F540006D47443DF10D13BE89A60ABF3D019EBD31C7513D9021B1BE813D313D85D81D3D8D
:20F56000C75AFBBD10A7293D8B2D28BEB6A0A33DBFA9C13C7A8DBD3D782629BE63162CBC75
:20F58000586CCF3D4E8F27BEC576893C4A2C1CBCFED22C3D0F9FC3BAACCD503DC166203E9C
:20F5A0009F6E14BD375446BE16F47CBBF8703ABEF70E333D3936BEBE88994C3D4AD0943D48
:20F5C0000FDE313E8E249CBE0F400FBEF2C2B9BE12229DBEC478DEBD6CA87D3D82994A3DA6
:20F5E0000C2614BDFC6586BD9180173E5F490F3DB2EA1F3CEADDB93DC096143DB40955BCE1
:20F60000F68E38BDBF62133DC81D17BEC861BFBC809C3CBD942DDB3CDA62B1BD46E09C3C0D
:20F620007E4D5BBCF6DF56BE791C92BDBE9E033EFFFF133DBA1C55BE2617B8BD7C446DBDAB
:20F64000AE2B2FBCB754CB3DCB28D93DFEB818BE09B0ABBD98B113BE0EFE893DF827263EAE
:20F66000447B99BBCF76B0BC9DFD2BBED4C3A9BBF5387B3D991DF8BB28D80D3D0008A43CC8
:20F68000D9193D3E1A2886BCB103E83D5A3D733D135A97BE6A3C423EEBAE42BD51895ABDE8
:20F6A000479882BC8D61213DF34DA43D34EEBD3DE66C123EFF44963EB984A73D657192BDA5
:20F6C000C9E5FC3DB67985BD779E073E6053923AE6E204BEE359ACBD127DA23CB198D0BC88
:20F6E000A9937E3CBEDCE7BDD605BA3D5F221FBEC53D4EBEDB1E55BD02530FBEF4288C3D86
:20F700007178BABCF196143E682BE83DD7D5B3BCC850803D1215353E996A9FBEC72B413D9F
:20F720005C22A4BDAC8A2CBCBBDDC13DB2DA143E920171BD36CC93BC1EEE80BE54116CBE6D
:20F74000C9CB4A3D66E8A63B81614D3E2B8FEC3D0D304E3DD14ED8BDA146F2BD72A5B0BD79
:20F760006EB09DBD369706BEB949FABCDC2907BEAF08073D374069BE522B56BD9B69CB3DC9
:20F78000A81C9F3C9CC5A8BE75B28F3D0668E3BB77AFFA3D95B624BEB5AF2F3EFF7BA23D50
:20F7A000B0FFC8BA71A588BE6499D8BDDE94983D911DB3BDA057083CB528A8BD451B05BE25
:20F7C000C4D3CC3D00402CBEE22AA13D40F315BE6DF62B3DC67EF13D603E843D96872D3E4B
:20F7E000FD4FFE3C000215BCF2B12E3E439C9B3C242E41BE188FA43CF8C1A8BD58BAF23DB4
:20F800000FF7AC3DD6B49FBD6F2194BDE86D6A3D1E40213D61319ABEFC54B2BD426AB1BDB7
:20F82000FD22B13DE25F54BD3235773CB4CCAC3C5CD9B83D8C89BE3EF5C6953DC31B60BE23
:20F84000EF89CE3C71DFA5BD36223F3C717FA83E128D3ABEF0860F3D26068DBDB1BEF6BDDA
:20F860001ABB77BCA840D13CC7DB1D3D2F4920BD4CD5A03D8321543C91B867BE7DCA81BD15
:20F88000A35CD3BE03636D3D519EFABD68828DBD91CDBD3CF66866BDB5D8B13DEDEF91BD71
:20F8A000FC9D8BBE1858A3BCB44A0EBE3AF109BEDB025E3D046BEDBC937D1EBED8B1CE3DCB
:20F8C000C0CECA3D87F71B3E6D71B73D0475FCBD232CD7BD962E913D078E40BDF3EDC8BD4C
:20F8E000747D4C3EBEA784BD71DCDF3DEEC0D0BDEF1A9D3DF3F1D53D82A9B3BEB0FD343EAF
:20F900002CC6E63D121ECC3D7691B2BD475E7D3D0E4144BE39D7123D521B97BD1DC53B3DF9
:20F9200074ED083EB2908EBDE707A53CAA58793D5482373D48DA0A3AF7D49EBDC5956D3E31
:20F94000E98F283E5D9497BD34FF3BBE9747C23D0A0237BEC14B10BF7AFA14BEDF0CDC3D55
:20F9600067C94EBD3AA111BCBB149EBD8B16123DA0C4DA3D9157E5BBDB6BD8BEB4978EBD15
:20F98000FB63BB3C9B471EBE26A505BE69B3ECBBB2CAB03EB673823D35F74B3D6DDB91BD67
:20F9A000D1B0943CAE305ABD6BEFD83D6A230CBE92446DBE2665153E86117FBEF88FDDBD67
:20F9C000620E41BE6283943CBB832CBE4B83E1BEF24D063E9B3C293EED6E243D63C0F63C9C
:20F9E000E796BA3D0CB889BE367C2FBD233BC23A28BF49BEF0183C3EF0A7DA3DF3CC7A3DFC
:20FA0000F05A483D2E250EBD89BE1C3DAF741DBBF264103E26130FBEB45D1C3E429B1BBD94
:20FA200053AD81BEEAC2253EA2311B3EA3AD263D23C44CBECD00193EBE38E73DC4B7DFBD53
:20FA400053D3953D6DD930BEE7102ABC7699B23DBCA703BD08BABDBDBAC04FBD1BA2A93D17
:20FA6000032C953D5DA10EBD2209D2BB184F4BBDA8F5F1BD741FE53CB5257BBD4CC9BCBDF6
:20FA80006C14A1BD9D77CB3D31D04FBD6F408ABEDF86473DC1BEECBD3D3139BDBE93B2BD33
:20FAA000D7A6DE3C8CAC56BA5CDF06BE60CD00BB2C2597BDF8CC453E43FAF0BDE6C09E3D29
:20FAC000984A61BE5BC6053E7F27D43DD0738A3D477C1E3D424951BDCE35203D5CE238BEB5
:20FAE000502E003E0B1C543D7A2E033FC5C7B03E651C833E5E410F3EBF122F3E2FD8033E7A
:20FB0000EABAC0BDF76C28BE24E73ABE70D36B3A318D3A3E346A03BE43C8393D1060A5BEA7
:20FB2000BD9C39BEA58999BE5602BF3BD5B302BE9D4CA0BB56CB93BE34D40D3E450B60BDE0
:20FB4000CD3B3D3EC7FE15BEC208B63B53B712BEB91F073E1990E93C83B5B6BD6D50BD3DA8
:20FB6000DB2BCCBC2B70103E44C6F9BDD50E79BE72DE863E3DCDDDBD6A873E3AE2AB02BEC6
:20FB80002972893DAB5EB8BC1810E33C3D2D8EBDFD3C5BBEA375F13C2C1B18BDAD57B53DE2
:20FBA000EAD3ECBEAF5088BEB922C7BD72C938BE252BCCBDF39E3A3E18E70E3EB8E311BE72
:20FBC00079F81ABE05B004BEFD4439BBBE836D3D91EB443DB643403EB2F5213E5B46DE3D0F
:20FBE0003004FE3DB969B4BDA7EBCBBD81800BBE691167BD9BDEFB3DDD4EE83DCF4D373CF1
:20FC00004525BF3CAD602B3D5E9625BEA9F284BC1F80A0BDC1D38FBDD764A63DEA22883C8E
:20FC20005CD503BE0A56133EB131AD3EC1C1E93D8E9195BED8096CBD5F04553DFE9ABBBD2B
:20FC400058AE17BEA21B70BD7FAB883D4B4473BDE6E79DBEE457EA3D5BB172BD0F4AFB3CDC
:20FC600043BE293D94EBB5BDF785FABC27D4AFBB29FDD1BEE867A3BD2B9DDCBD6526AC3C5D
:20FC800010EF53BDDB6C943A842B7DBE38D4CEBD3AC100BE30BF563E2DE8ED3CC8C9F5BB04
:20FCA00058D90EBEF3DF40BD12A4493D8B4F70BD1A669EB98866503B41945FBEB26FB83EDC
:20FCC000406DAA3D91B6D63C3DDDFD3DE82C763D964689BEB000CE3BC1244A3E117FC1BDC5
:20FCE00040F4C73E85E04A3C4D648E3E3AB43A3BD5720A3E0FE49FBC09C19CBDEFD3D73E29
:20FD0000F78BF13DBA18A93C93DDE63DD1A24E3E11E22DBE8D1DCCBC679FE4BD49AC32BE4E
:20FD20004FC0FDBDF221DEBE4F3F623D1F1B31BE11D5233DCE5CDFBDBFB0CEBDD9BE34BB69
:20FD4000E64485BE2C50343ED7EF83BD6480253E2395CBBE7267A73DA3BA3DBDB25F613EF6
:20FD6000DF041ABD7DBAD3BD29C4F43CCA1D71BE595B6E3E251504BF276A493E6D7189BD36
:20FD800070C28ABE527A883EAED6E13C9C7DE53D8CCB9ABEDD8515BEAA19FBBB593BCEBDFF
:20FDA0005653DF3CD6ED32BEF0B3EDBD9E40F43DBF5204BEB32E35BC309C1FBEE323F1BD6E
:20FDC000B788CE3DE00C1B3E023894BE135D4E3D38E38ABD5D7F81BED286283E88CE1D3E21
:20FDE000491D0A3E1B31B53D0058FABD604AE3BD4F6DA73D6D0197BD0AF185BDCB5C273C95
:20FE0000FF1EB13B911852BCBA6EF2BD6F9AD43D9A07C3BD960574BDAD36D13D08B3DDBEFD
:20FE20001813E8BC61B8BFBD6545CCBDDEEBE83D1D9897BDDA6A0BBD45BC7EBD6FE9F33D64
:20FE4000AF86ADBEE3C215BEB0D42ABF62BA91BD2933763D436379BCDAF635BDCDB031BE9B
:20FE6000B97462BED792C1BDDB9B48BE7DDAF73DA4DA21BEDD9E2BBE2F1177BE469C3ABD38
:20FE8000B3F762BE9AF32E3E0D2929BCD23865BD6FB2B6BDEC386F3D66FA403E8DB8EE3CA7
:20FEA0003A54FD3D13EE6E3DC6C9F43DF48550BE6F0EE1BE7018B8BD6ED811BED35BD7BD97
:20FEC000F6258BBD547575BE401D01BED62855BE458DD3BC238F47BD66AE77BDA505083D48
:20FEE0002C8C693EA8DF89BEF2E1443E06A46FBE3C60B13DC73E1E3EC8D98DBE2F2200BAC7
:20FF000092929F3DA4AB2E3CA50EFABEA906A6BEBD31433D09A3803D4E68A73C515F49BE83
:20FF200090087DBED317E33C710297BDCD191E3E8AA47F3CF54E31BE5F946F3D1981413D0A
:20FF40009BB099BE8BBA2DBEFC05DDBD263B95BD0911F5BCF4BFBA3DA5E2373CFD39CEBE50
:20FF6000B02DF9BCD3591E3EDC9D03BDF811223EBDDDDE3DD695933D037219BEEF138CBE3D
:20FF80008A206CBE995CB93C120D993DB50D1C3EA748B13EC797323D13251ABF0508BFBD4D
:20FFA0009F4331BE16269DBD3658753E88C900BD0466A53DFFEAD9BE796B2C3DE7EC0EBED3
:20FFC000C41B14BD3611AEBDDBA3183DE279273E71D52DBFC742C6BD6DEE043E0742C03D8B
:20FFE0009A8626BE3011383D4CF8F1BD32A8AD3D1343573D63E0023E5586AABC7BBE38BDB5
:0200000470A3E7
:20000000198CD7BD0A4308BEF600A2BEEBF3ED3CADFBC93B41FC8CBD834D8A3D9ECB013DC7
:20002000C2D5D23DEC8EF9BD0C38CCBE3878833CF5F9273BA513453DE98C11BFB0DC0EBE86
:20004000AE1FCD3C12EDA8BD39CA06BEE6B7BCBE072FA73D9094C8BCF16A543EDF0F223E8B
:20006000603C9ABD0C4F17BE036967BE5BC175BDDFF88D3DA6F9043D0BE4913DFF16D13B1F
:20008000A9C1033E081B863EA863DE3B59F48C3D9203693CB6C740BEA74182BD49FA5ABD5E
:2000A000AE08BDBE2073323ED23EBB3D8E590D3EB1EAE9BDFA3B883ECC53293D9124ED3C33
:2000C000738AE6BD2C31A3BE80B727BD751085BCA9195BBE8F1989BD0067FCBD5FD73F3D46
:2000E000A6CE2BBD284042BE4AAC2B3E5B220CBEA4BF70BE92468EBCCD05AC3DC0385A3C9A
:2001000099F409BD678D263DB8D5EA3CBF1CBA3DFA1D8CBE19F92F3E192A20BE273669BD2C
:200120000C1E17BE6E10FC3B1316C53BFAFE02BC9DB429BD7C44913D0D3A06BF4539F2BE2D
:20014000A5AE57BE10B1333D78F5953C1D65103E6F214FBEAF280A3E9DDF023DB841DB3D70
:200160003AA4D53A7F3E2ABD012CAB3CA4FAB6BD0C3350BCA96C013EE225D13C3CF1F03BBE
:200180006887BB3B96F6893D75592A3E05D000BC83B1C1BE082F8CBC499D35BA66B8FABD85
:2001A0001863273DFBDF51BDA1FDADBE503A903D5EDFAE3E08D1F8BD350D8E3E2B4CC03BE1
:2001C000852E4C3EFD955F3DBF80F93DCB1CA03E350758BE7C4F4DBD4B3144BE284586BE24
:2001E00032F7CEBD7AC9F83D8C92293DFB5A433EA35F1D3E6A41D63C7EE4473DE6918F3D36
:2002000084FCD6BD608433BDC0120B3EE8940FBEA955FD3DBB4B7BBBD8EAEB3DB900B4BE0A
:2002200004F3063EF9B270BEC7F88FBE295208BE98E9133EC6DBCBBBD5F25E3DAF197D3D80
:20024000F1A762BE9999B2BDE4CE08BE83D55EBDB7A5023D9248EBBCF77906BACA6C0C3C90
:2002600074BA54BD3CE55CBD9BD3E53C805DC23DD665333EC06821BA1B0BE83E4E7A143E85
:20028000BC6E933D6704CC3DAD63C23D0F3EC8BD2A01463D122F08BDA57F08BEB70C07BEE9
:2002A0001AAC863E2B81273D07B9EABB17CFBABD2F8C2FBDE92C9CBE935E423EF355B5BCA2
:2002C000E79B9FBCCE2A3CBDCE4BEBBC5ECB45BDF6ACE9BD3CFE92BDB0B795BD19A183BDE1
:2002E00053CD05BE4DFB3F3D3BF541BED63EB63D1C9B7DBE43A181BD48EE12BE471948BEA1
:20030000A7FF71BE8B07DA3BED48153E163652BEE7D5A33DC9982C3EEB0F0A3EB2299E3D1E
:20032000A354853DAB228D3EDD48F73C5B24173D89481BBD1B54A3BE396C693EF004ADBD1E
:200340005C17CA3CFB7535BC8FCE8EBD63CA3EBE9E4D09BD5264ADBDA0BBEBBDC9B622BEBF
:200360001FAD34BEB3E40FBD77A36CBEC75BD7BC47DBAC3D0A12F23CB5E7293AC8D3D6BEE0
:20038000E67F293ED018D5BD7315313E96AE743DDBC9AA3DE77C1ABE125D293C5334273DA6
:2003A00096FF7D3CB707D83C767C993D61981FBD04AB60BBD733923E196807BD093813BE85
:2003C000B0CA8D3D7068D9BE0BDC473EACB08EBA882A033E0848AA3DB6AE7C3D106D5A3C00
:2003E000680DD3BDDEC4493DA5D5523E621C973D02AE62BC0A9AF13D7293B43DD405943D34
:200400009AFF1D3D92D19DBC4486713C0AE8CF3C28081CBE1FC39DBDB2987A3C015726BB3A
:20042000E18DA33A506BB4BD756C1E3EE785AA3CB68B37BD1DC2BDBD3AD6EF3CB3F18E3D7E
:200440000BC7123E5BEE48BD4D3AFBBBB92FD23DD1C3CDBB3439DC3CAADCDABCFCC682BC3B
:200460006669BD3CC768243EC3756BBD1E28383ED65B11BE8E0E0A3ECD91B3BC6C6F363D08
:20048000294717BDB0CD773D3E656D3EC6C2A33C9164FFBCAF1DEEBD4455FF3CE9BF143E3D
:2004A000047EC8BDAD5B323DB769D33C448D7DBDA93AE23D26F64EBE9AE7403E2789DD3C92
:2004C0001A9A393DEC2657BDB1319E3D3591823D0479EABC4B12D8BD3759833C9F90003EB9
:2004E0001F96673E826A68BC3A25103F05544EBD61FFB23CE413CF3D993295BD0084773ED9
:20050000CE61F33C2411EA3D812DCC3DCB89F0BD1851933D93C9673DF4D8BC3BA5EEBC3DE1
:200520001F5897BEC988C0BC18EBC93D12F9BC3D8863303E8EF69FBC26828BBD45FF1CBECF
:20054000060C78BD4E8E023EC117CB3D1ED439BE1DE0C5BDC0F7A9BD9D9E18BBC7FF24BE1D
:200560005D36C5BDA6DF04BDC8AA04BEF42007BD3C60A03CF37D7FBD01262FBE376A01BE7C
:20058000D40B213E2218A33DF0637D3ECFB5A33EE3D22B3E870E39BED3F6CF3D766CBABDB8
:2005A0006006BB3EC7DEC0BC0A34F5BD4D612ABD2996833EC16C573D76FF1C3ECD1D86BEF8
:2005C0001F77D13B1A649EBE9856013E3B7A323E60BB71BD17BE9F3C1581603DE3CEB23D81
:2005E0006EF3B13DEEB940BD68E60C3EC425B6BDA35A3C3DC164A1BD67853D3E9D52A3BC66
:20060000BA2394BE747E9BBD5329C6BA3DEFA53D6D57B5BC2E4984BEA3A8AC3CAB2BABBEF7
:20062000687B863D90838F3D4CA043BE76136A3DA1D39FBD0F7CF6BDD89072BD573AA8BD7D
:2006400064539B3D3EAA0BBE1C48F0BD766E123D369DFA3D0DB8E6BCB446EB3CA11FD53DB2
:200660008F673F3EC3AF393EC32FA13D7381523EFE40123D0F94E63D904C243D94C5023EA1
:20068000A59CA53D6E129C3CA0B09A3E7E23CDBBD976C93D0591DCBDA19F11BDD872813EF3
:2006A000E1F9033DF7BFE4BC1C50353E3AEC13BEAA7A9F3DF856F9BDCF268C3E2CB2FDBC9A
:2006C0007E37923DBE9960BAB4A8BEBDF137443E3BE1DB3CCF0FE43DE1C40DBC5E8642BD21
:2006E000A1DA58BDC90FCCBD725409BE342D453DD19E433DA53AB83D1F712BBE250CEA3E04
:20070000F3F020BD3962BBBD043CFDBD52572BBE31A2323D7630B33DF457193E1A95DF3D35
:20072000FCBD5ABE14A408BC223AE93D437C913DB889423ECE1153BEAD4AC53DCD6FE7BCD4
:20074000A53303BC990A35BECD0DA5BDC3CD603DEC8AF03DCA6CD1BC04E551BD2A15A3BE06
:20076000B1ACA0BD2ED836BE769502BF4D8342BE6498D0BD6401193D1027A8BE8CA8CE3D09
:2007800002D091BDA013343E6076033E06F96EBE8441F43C7DCA723C82DB96BE30E71CBE46
:2007A000E6FBA33C62C9533D899F603EE7091D3E1A62313DF15304BDE85B35BEABD90EBE38
:2007C00083FE4B3E2E2281BE12E3ACBDD5E25B3E848BADBE0FA818BDD1CF12BDA7C3D8BD5E
:2007E000A30373BE9338DA3C7CD3513E3022D33CA04EF3BD557B72BD2875B6BC767659BE53
:2008000078C060BE957F6E3DA67160BE04943539061483BE7DD561BD3A7397BD9D20AA3C19
:20082000B8F2C53D554EFDBC3CAF38BE52ABC8BCEF9F2ABDED628E3D1EFA1CBFCB0FCFBD66
:20084000EF7F2CBFDC86C3BDD50C6EBE5390FCBEC934DCBD0D1481BE5CE4CF3DB15A103C1A
:20086000D265B5B9BA0015BEAEE4383D0C323EBE9ABEB73D9BAFA23CB8A6833D0A03953C95
:20088000477461BE3D4F0EBB110B95BECE29C8BD1F43A23D81FAC0BE1892333D2B9F37BE2B
:2008A000BE571DBF6E3B2CBE76051D3E7CCAB43DDC1A5E3C879F53BDD9E1EEBAA8062FBEE4
:2008C0000ACC58BD4D922F3D4B103D3EE01FC5BD2CE117BE0F0690BD895586BEFF4F123E87
:2008E000364484BDABE9F2BDB7E66ABEDF3755BDFED1603D69BE863D9325123E6C1963BE09
:20090000A5D18ABC8FD0793CE1DACE3D56AB29BCE91572BE3F12F73D5A44293EDDDA60BECE
:2009200046FC4ABEBEC8E63D9FF17E3DE3A316BE787E8B3C029B1BBDD4548ABB1229063E01
:20094000FB728D3D08B9153DC7C0E8BD96B881BD8C17673C665F8FBD4CD985BD2700A3BE4F
:20096000632289BDA421243EB07E6FBE5A38C5BD9613883D890C9B3DE2C531BE7F8018BFCF
:20098000325E1BBD58B9DC3B86D26E3EB2483D3E7DA3BB3D2F7684BD178696BECD5D9A3D5E
:2009A000565E603EB21892BC619316BBDD752B3D138DB23D3ABB4B3DB63D5A3E007E24BC59
:2009C000AEDC773E15D907BF5510003E70543E3DEE056BBE51E1E83D5D27C23C84EBB33AF1
:2009E0009819303B3FDD883D66F7E13DB0AD533EDF9F483E01E0F63D48CB04BD9900EB3DE4
:200A000067DC19BED810D9BD88ADE33CF820CB3C54BFF5BCEE77F4BD23E41F3C1DD467BC7B
:200A200008162B3E09D248BE698CC33D1395963C4FD1FDBC6E1050BE1FE7EDBCE2BCBF3B33
:200A40004FE184BDF012D7BDFDFF9FBDF95193BEFEF9CA3D95A4FABB951F323D52BB923DB1
:200A600023F900BD523BCD3D0A3A763CB430D53D30163A3D434A113D49CBAABDFAD71C3EDC
:200A8000232F2C3D3909323DA30B343EF31707BD11BEAB3B259982BC0F87CCBCB204243E15
:200AA000A9713EBE104680BC86D5F93DFF6EC83CC506FA3DF578EFBDD0D2E73D8A63013C81
:200AC000A0F1AB3DFBC8873C419022BC2DA6093E68FD00BE0B377DBD670D3ABDD79D383C5C
:200AE000FB8E4FBD9EC04EBD57B37FBE83BC25BDE42693BCE4261CB902A71FBE63D208BDD8
:200B00004BD8883D23A59B3DAC3B6BBC122005BBAF7A8A3DC1EC08BD6DE1813B379ABBBC99
:200B2000B3A78ABE82DE33BD6FDAB8BD3B520C3DC5FC383D529129BD3D49193D2AFE04BE6A
:200B400029A229BEAC0CB53D4E3536BE7E9441BD863C25BE5BAC94BD9DF1603E63EB6ABC15
:200B6000CDC392BCED82C1BD69651D3EEB8DB33DF784943D87C1D3BDD17F603D89C3163C6A
:200B8000EB16FFBD3D1B3FBE26E98EBD204D543E76B0593D30CC7F3DB7FD2CBD42F36FBE77
:200BA000EF29973E44D878BDF1EA3D3D4E7583BDF8CFA13ED2F27D3EC612E43DFD27193D07
:200BC000BF4E18BEBA42933DD982A5BD59834D3C27AA8F3E444167BEF947CFBCE9663FBDE6
:200BE000F4E9D3BD53D2A43D2AB3D33CFC0689BC5079DDBDF1F453BD951D3ABECBA3FD3DA5
:200C000016D2B43DD5735DBD9AB289BD86FD99BD401C713D9233A93D7D7D12BEBF0C573A53
:200C20006396493DF75AADBDC026493E223B1BBD5F38D23DFEEC613D741E293D60CA08BDC3
:200C4000F52942BD1AB63F3D2718D6BDBA163C3E2982423EDBD843BEE71C11BE9AFD9D3CEE
:200C60006ECF0CBE0E0DF03D65BB39BE9E7247BD5BC2D3BC574D9FBB909763BE4527E8BCF8
:200C8000E3A0AE3D3F26013EC0128E3E5F2ECE3DEFC6F33D51BC97BD85579CBA1057B03D40
:200CA00009B6553D66AD29BD99BE25BD2B8D40BD8D5D55BEAA18E9BCD7F05E3E2D800B3E3F
:200CC000FB24C7BD707A46BEBF43F0BD1616213E06ADE23DEF6165BE2DF47C3DB2EBA8BB2A
:200CE000987DA63EFFBC883C3C46FF3E204B633DE2DC4F3D9A72453D0C201E3D5D97493ED8
:200D00001BADFDBD3D36C33E29A3393D2B783EBEDE01D93D386E17BE288223BEAB804A3E4E
:200D2000AEA5D63D85E5D13CB65415BEA4BE0F3EC42E8FBDC315CFBCA49466BDC322FE3D2E
:200D4000EE234E3C1327813E95BD303E07A40BBE0D22143E4A7534B9C3AA133DEF210EBD06
:200D60003FFA1C3D380583BE74E6823EF726DB3D5273A6BE4FA487BE11BD7C3E70D4873D23
:200D80005D85AB3C4892F4BD555C4DBD6E611E3EA8C63F3E5A85EBBB44F38D3D3CF287BE35
:200DA000C682CEBC0960D1BD17A135BD76A5B1BECFA8ADBDC4EAB13D3262A7BBD97DF43C3D
:200DC000453E07BF8B44B13E56C509BDCFB5EABE0C1B7C3E3875BCBD75C01E3E9C69F8BBAF
:200DE000DB43D6BD69D27BBDB248EABD797FF2BE1E723CBC9F5CDEBDF548533C842B133E9C
:200E0000EC820F3E6A3440BEFB0E14BE9FE7DB3CCDF7B6BD7641AEBC4D49A43CDEE622BD92
:200E2000E0871DBE741885BD1147C3BCCB34863CD26A95BECC376D3E8C0116BC658A6D3DD5
:200E4000FB0708BD51CBD8BDCE51FABD0EDB343ED012D53C16AAA6BE7C94C43D614D2D3EA8
:200E6000769130BB346990BC1AAC9A3B670228BDE43414BED38C1DBC2CFCA33C6B2A3F3D74
:200E80004371523D138DE7BDA14E9B3D1227283D1D8F80BCC0964BBE0B8EBD3C26DB0E3D41
:200EA000DE8C833EECF7AEBE4D751EBB2734A8BEBF988ABC7ABA143EAB97F13DBE79993DBC
:200EC00063B389BDFB7B603D86318E3DB0283B3E5A1FD63B2EA654BE6528AE3D7479203D9E
:200EE00073F6593ECA7FD13DD6019CBD719B9DBE807BB43D26C18B3B002C01BF877AD03D71
:200F00007A752CBE95E6833DD4B88FBC5D2E6BBE6BA79FBDDB69BDBC140A70BDA4868B3DCA
:200F20001BA4F03D5CF0C53CB81C2B3B2927E6BC2BBBA03DCD19D0BEFE59E53D752D4E3E6E
:200F4000440E52BE38A4D43DC98E19BE7CF68B3C8DA7B83D06339C3CC5E7D1BC9F32B53DA5
:200F6000323F443C31B21E3D7BB6853C786F38BCCC535D3D0F4F2ABD262C003D69B4A03CEF
:200F8000465A7ABCBA93843D6B2E9D3D61EC2D3DBC3126BE1428773B2F49E33C9C4FC43D01
:200FA0003595CB3C767F42BE33A957BD04B69B3DD275C63D4D5875BEA4D5923DD861003E08
:200FC000BF0FF7BDEFB48ABC124BB53ED6623E3EC6DF9E3C5EBA1FBE17D387BEEDF65FBEFF
:200FE000E5B775BEB9F00F3E5F837E3D04BA193EEBFBC23C1A1394BCC3EBD53DB21E8B3CC2
:20100000282FD6BCC3F512BDE141BA3D8140CFBEE7A58DBE18CF063EA8A7953D9160FD3DAB
:2010200057CC343EA2C4FEBD000082BEC6ADA9BE6607933EB582433D67A3B6BC1CD32F3E13
:201040002ACC8B3D986F4B3E62A1123E12F228BDA9CBA23C8CFF853E784E213EC3CE1B3D58
:2010600017118DBD198FEABC177EF53D4CBB4CBDDE94B03D8D01AFBB3F30833E93C2DCBB66
:20108000C681083EBB8E8DBED32C623DD5D863BD4DAB13BE6A9772BC7CF4C8BE8E6389BD9F
:2010A0005C1FCE3BE87A20BE930D10BE289C06BB728D623DCA9A07BDE4BA223DE18864BE2B
:2010C0000DFB8E3D053025BD85B8113EA3BD0DBBA4B7C03CFD02D03D1A596DBD9AE19BBCA0
:2010E0007DFC35BEA519323E1838E1BECD58BEBD16BC93BE11EAB3BE682E57BE06F06EBE6B
:20110000034796BED6A9773CDB35C03D44F6843D1C6FC13D9C2B053E7926A43D0D52343E13
:2011200055A887BDB6A0B43E4AA2733CD70F8E3DD8EE86BD4497AC3E3F02B03D905D183D9C
:201140003EB5C33D0490F2BDDECE6ABE2A02003E6D1FF13D3CE455BD5621A23C9489093D77
:20116000CBC5FEBDED56ACBD2CDB9CBDC9A23DBE91F3C93D92011FBDA7E646BE96D340BDC2
:20118000117C273E9380643D270E293E932BBB3DBAFCF23D0C046DBDF0E92D3E37BA9D3E28
:2011A0001AF4A6BC9FF3923AD5D562BE39665BBD37021EBE7D73483E4D38733D43245BBEA0
:2011C00016CA24BD836AF7BDF2C0203ED216593D9FC0193EAD6AD13DE7E433BDB4543B3D09
:2011E000E030AC3D5A9953BE8C4B923CD45740BDB0C115BDB63FABBDF5AD4E3E8F8AD8BCAA
:201200001F05B23DDC3252BD2C8A343D3357403D91D3E6BDEC2FF9BB8DC7593E9E158BBEB3
:20122000AE1965BDA9D9FE3DA7224D3E192A29BDFD4B43BE00FCF4BCC95D583B4800E9BDEF
:201240005B91C03E0C24A5BD8B04BDBC112A1ABEEE7111BDE693203EBB55193E24B6A2BD53
:2012600080DDBB3DE612E9BCEB3979BD50DAE93D07FBB4BD27E6573DB9E2A03D4E5B9C3DC4
:20128000F6B6CDBD1D557BBEDEE5863CD8B182BD65C3853C881DB6BB8CC32BBD330FB63DB5
:2012A000E82DC63D594363BEA0487B3D41176ABEA732DA3D7DA8EFBDA900A43D529172BDDC
:2012C00093A9D73D76C8133E36A39E3D06464D3E8516303D82DBB93D93DC703E217A29BEAA
:2012E000CAC9973DBCC1143E5D22E03EB65400BED885BB3E8B18D6BD1E3C92BDFFCA613EB6
:20130000A416823C069209BDC9298B3C017FD13CF398ABBDCB6C313D2A3F013D04F55ABE61
:2013200095E37FBE882403BDE056283D9F837ABEDEA27A3E1B28C6BE27E39BBD05A384BD4D
:20134000728AA6BCA66A403DFC90213E88AB6EBECE8E8F3EA82AC83C7B9E3A3D1CAD83BDC0
:20136000810782BD2FF7DB3D548AB7BDF2E5033C3A48C43D695A593B4305AF3CCB8108BDE2
:20138000E5E264BE83980C3E217C59BC7678033E1808C03D2749DF3D49F018BE44C4993E87
:2013A0009C7345BEF49D983B2427963D9D62EC3C12AF60BC7973F5BD829A7EBCE762F6BCA6
:2013C00001ADF03D8F7802BEF58597BD07DD2FBDFB9AF1BDA67F4B3D99780A3D69036DBCF0
:2013E00068A9853DD10FF33D371E38BE28DD34BCAE0DCB3D280BE3BDA05F163EC39788BD42
:20140000AFE02BBECF89FD3D20FB253E36D2AA3DDF470B3EAEB979BEBC4F9F3CAB912A3DBF
:201420006DFE413D1D87C23DC84658BE4FBA2F3D755B073EFA8415BDEBB13ABDBBC7933D3D
:20144000CB58C83D9ED5BC3D1A1A9A3B2445B1BD1D8C7FBEADED3B3DC98E583DBE19643DBC
:201460002F61EFBE30E493BEBAE1953D1455B13DA799DA3D4569AFBE52620C3E2CB74BBDAB
:20148000BB763DBD76B3C73D46BAF4BDDAEC09BDE9E2FEBC51A0683EBB1F233DB1C902BC29
:2014A000213500BEBBEA783EBFD55E3DF2C9313E296BC2BD6E4B333F618B84BCCE5A9B3BFC
:2014C0004D65BB3DC3DF8B3DC356363EB08A2BBD3F0914BE018B6C3DF9884FBE7BC4A1BCD0
:2014E00090120BBEEC1DBE3CD3CF66BCE9CE9EBD1AD1BFBD9879C23C3AC709BD86C5C3BDA0
:20150000411C9F3DEC96A7BD2708B5BAD421C63E6FF0E03BEE74B9BDAF254B3E970CFC3B8C
:20152000635476BEF070C73EF34510BF38B83BBD12DBC13DFCAA5D3E295F083B6A9964BD51
:201540004E16073EC6D4943D0B3E0A3C3FD5E3BC6DB5E0BD5661DB3D77DE8A3D40135DBE1D
:201560003267DCBD547DA43ABC1B953D0C65E83C141D113EB119753E5EB5513EF4499A3D99
:20158000B178FBBEADAB113E71455B3EC6DE853DF55CA2BE4BFE063E03E497BE5D1D483D94
:2015A0007F739C3D351D62BED3847CBE05E4693EA1415D3EC7301D3EAF9CB23E753A513E85
:2015C000433F3A3EB1EC473DC4ECDB3DFF449F3E12B42DBE90AE2D3EDD28483DA9CC65BD8D
:2015E000EA5D18BDC538A63D43D1883D649035BD9FD2AF3EBF482FBE160347BCBF12B13C04
:20160000AB89063B12A8C43C15A3B83D27641F3B6C9E34BE809377BE3CF02EBEA09D44BE6E
:20162000E143D13D5C5A8B3C708436BE70131DBC293F043E756A1F3E8FA0CEBCAE46D9BC8F
:201640002F6F9EBE85148F3D1796D0BD38A50EBEF11348BD7267C8BD6ECB843E7257763E69
:20166000FC9A62BE5AB3B53C8E2740BE229B74BD18CFC93D7CA69BBE069EBB3EAF458C3D53
:2016800097D281BCCDE759BEF8C40D3D798E12BE51ACCBBC17BFC1BB9A28213C9BEB30BD94
:2016A0005F906A3D551A50BE2639C03DF77E87BE6BDBB2BD2E19B5BEDAADACBA141513BEAB
:2016C000E15C373D0373613D3FC63B3D84D96CBE780095BCC966F0BD6289953DE8E0953D45
:2016E000855C7A3EF37B273DAAD793BD05D2113EBC74AABCF0210CBDF4F50D3E44D0823D11
:20170000535314BE859F72BDB0820B3E4EF1A73D944FC1BC3E3DED3D19651D3E0F4AE13D0B
:20172000B2ABC03D0690AF3C829456BE8847C43D05550EBD6AAE27BE3C4935BE497200BEC1
:20174000D54EF83959F52DBCAEEDAD3D347228BE71AA92BC396840BC591F823C30BD6F3E17
:20176000E1AAD63D12BE4D3C5D22173EFD45973D7B2B07BE7320183E5F71E53EBCC71C3E64
:2017800086FE4DBDE5A3DEBD2EB1A2BD1CB292BDD234CABD1BD72ABD3A90D93D65EF43BEA2
:2017A000CC9E763CF419193EBEB264BED7AB953D4D24873D730D9E3D40231B3E3A8DC2BC32
:2017C000885FD73CB23CA73E7DB98A3CB0919EBEE67E8D3D603C0E3DDEB319BE38C5403BAE
:2017E00047583B3DBA7882BEE4C4113EB2976B3DA6B933BEDC4F0ABEDA702FBE2F7E283DEC
:201800003FE1AB3EA552AD3D466EF83C7A696A3C2DB7853D0CB34A3ED7C9A5BBB114F73C88
:201820004613263D40B8E03C2EA8A13D44343ABDCED5C1BD6F002B3E25052E3E88461B3EFF
:201840001675503DD8D8133A78EA723C0615333E3811123D318ED63D0AA3563D2E18EEBD3C
:20186000792092BD013A343DACC78ABBEE6A38BEE53F0A3DF7DEF8BD4DCEF23CBA5FDEBEDB
:20188000A99D1C3D7CC9CB3CE97562BE4C0F82BE199AC0BDEB0D3DBE5A4E7ABDC84803BE71
:2018A000D1C1CA3D5C5FAEBA289693BE8FA2743DE924C2BD6F602FBC6A7DACBCAE471EBC17
:2018C0002FB0D3BDD2E49D3DAE92B03D90EB77BD83085F3C8D19163D1823BE3D10ECE6BD39
:2018E0009951F7BDF859C63D07DF86BE3631F1BBAFA919BE1A0206BD93F3B2BE394C1BBE57
:20190000826A713C983E46BEE71D143ED7E806BD5E73F2BC1404E4BD528A34BED597FCBD51
:20192000D2BB333EB67A883E4714B23C0D337ABD4B5156BDF06C22BE8C9EBF3C35C13B3E74
:201940002C09BC3E253916BE8D3FC43D6C28833CC9B8A6BDACE01C3E3040B03D09A5C13C34
:20196000D5168B3C385EBABE360300BE083AEC3BE0BEFD3D61F096BE5D0DFF3CDC811C3D6F
:201980008B695D3DE02F493E68B8F8BC2B3DA03D33D7B83EB9A510BEAE5D1B3E10931ABEFF
:2019A00082B22DBC1C05EF3CC0A6DE3D7FA701BED923643DBE0D583DD11829BEAA63B1BE0F
:2019C0001C8235BEBCAF6EBD68BF8BBD610AC0BEEF6A803E85452E3E7761D9BE45411BBE6D
:2019E000E7B990BDCCA8603EFCB4B5BEF2A4B0BE2A354BBEE0CA1FBE80CF71BDE59B833D15
:201A000002538F3D9A707ABEB83AC3BE753593BE8EA8F8BC1DA1D7BE1853DE3CF8D1CF3B60
:201A2000B0463FBE8170AC3D7DF2EB3E9577E5BE5CA1D7BDEB93A93D8F259FBBC08191BEFF
:201A40004BBDA6BDC4C685BE4A8AC03CE0F0AA3C33FD84BCB0EDA0BDCA530FBE92CA35BE25
:201A60007BFC6A3DB22A6EBC6EDB8F3DD25491BC780F163EC8B78C3D8B605CBE0DE4303E33
:201A8000B9063DBE8852A43DBE6C2CBC66915C3E0EBBB53D00B9CBBE5D16F1BD0A5AC73DA8
:201AA0000DC19CBC97510FBEFDFEA8BE665E053D4C2935BE03468A3E4D2147BE31BF56BEF4
:201AC000C91B28BEB6FFD9BD0A8B1C3DE4181C3D8942CD3D93568D3DC1C5F23D919E0B3CFB
:201AE00034331D3E8D7E05BE95F2B33E1A1CF93E8EE1313E8524EFBEB8FBC33EEC7ACE3E17
:201B0000A6D1ADBE00CA78BD09F945BE9E0AA3BE91A942BE4A7125BE105EAE3BD11478BE8C
:201B20000A3602BD2FE728BFFF3D6ABAA502C0BDC5D5F8BC4BB377BE5EA24F3C9C08EB3D4D
:201B4000C8873DBD93C5FF3CE6278E3D2275163E674B33BD83FCE23DFBCE893C224F1F3D4B
:201B6000ACAC943D4A24B8BD7706203C4BE1D5BD1099843D4976B9BDBD455A3E35D3E53B61
:201B80005283013D4A6F43BD122CE2BD7510823E5638E5BD1BA32ABC1D58283EF6CCADBC7D
:201BA000D92BCBBCB53ED0BC6B2B193E4CC9DFBC49CE32BDA237D33D2E16AC3DF233E33D1D
:201BC000E87382BEA1D8B43CD1611EBD85F636BDF6AE9F3EFCB04DBD21977E3AFDB9A83D44
:201BE000D37D6F3D6967B23C690D1C3C8F06A5BDBA77223C7D8393BD8A62983E2E61D6BDA3
:201C0000272781BD32F819BE8F132EBC3FB38C3D2FF371BD534ECB3DD269C03DBFC51F3DDF
:201C20005A2477BCA858B2BC20FACFBC5F83163DC59AAFBD0167053E259BC7BDB82CCFBD81
:201C4000B5F9C43D4E52C53D9DA21CBEFEBF1A3C3A13613E625B8ABEC9B4253E4D15B53DE2
:201C6000D1E0823E2FE81B3E10F1003EB88C9C3EBF9E20BD0C5E6D3EAA369FBDE185903C69
:201C800032E9A63E0F65B5BDE805E03DDA7821BC1E5E503D40521FBE07F495BD9F0EA43ED2
:201CA000BA553C3E9A1B173E3D3A653C35C036BDDBE2153EDC1AFEBDC4DE223EAFB911BE97
:201CC000984DD7BD2DD619BE04EBA1BC0595013F4632CF3D36D9933CEDC8613D9DC3A2BD17
:201CE00044D1073EB62AA23E2A49B6BE5E2AB03CAD01C53D086817BDC3F924BE2483FE3BFD
:201D000087A41E3B11E6E63D818CD13DECA039BE81CCC73A14B84B3DC14BCABD9F94523D90
:201D2000031CC03D054FBFBD3ACD213E98B221BDEC19D43E7A6781BDE772F4BD4856A33D6B
:201D4000DE0CBD3D0BEAC3BCF38EDC3D4A3B68BC8AC821BC6DF621BCC83DA93D3471E53BC9
:201D60002B9B6D3D3B49D0BEBB010CBE3650713DAA5518BEE60E99BE7F65B6BD230B7A3DCB
:201D8000B59CBABB32994BBD86E0203E6D6D1C3E61D3203E77149BBECB251B3EAAB71BBEB9
:201DA000AD7614BCD8BD2D3E4482903D135405BECE05313DF4ECB83C87629F3DF4A929BE15
:201DC0000ECE8BBE3C4A213C43D887BE0D64B3BD2569223E8C8E553E5BF23E3EC2FF603EF7
:201DE000B1667E3DE0A6D7BD9306C5BD979BDDBD1EC0A0BDB6E5BFBCBF5BF33D8AFD2BBD06
:201E0000C32E1F3C103DDE3DE1A805BBE0E9AF3D7C40AD3DE527FDBD78E80BBE2D26BA3C32
:201E20008E917CBD5E605B3E7F86653EB9C55C3D9F305DBEFB753C3E675ECABDF2D980BE0B
:201E4000B53ED33CD079E6BDBA5016BEAE7F383E541054BC4D9D94BED484D4BD3297213E52
:201E60004B4EFE3C38A9143E8538F43DF4078DBD1215D5BDF696BABD3DF0CDBD49AC42BEC1
:201E800031E6F73D21E1983D90F5393D4BF04BBEE2F8C53DC5AF4BBEBADD903DB113DB3D48
:201EA000ED715ABEF1708BBE585B373ED1D1603D0BF37E3C6668EABB2BCC0D3E032D2ABD17
:201EC000754C0CBEEEAFF63C8BBA573DAB015E3CF98396BD0796B1BD843F9BBD1D14DBBDCB
:201EE00057077DBD768D073D88C5503E0DC7383EC76B9D3E8D43433D88D042BD2A4F0F3D65
:201F0000360AFEBDFF8B14BE5FB42A3E365972BE94082FBE103385BC4C1DD33C41769ABD9D
:201F20008E7B2BBE95C2A0BEE3F6A3BDE531823DA31A81BDD459F2BDD9D7713D34D3D63D9D
:201F4000CF41823D1D7D703CB3345ABE27CFC8BDFD9993BD4D10A43C3932A53D629A853DC4
:201F6000AE00003EEC8179BD35F5D9BDBFCEEC3B2DA798BC0E02A5BC002B8D3C77E48DBC2D
:201F80003BEFD93DD64CB2BD31F31EBDEC456B3E66CE123E447493BC6406BD3D3F0B7E3DA3
:201FA00081998E3DE0692CBEBE60AF3D0800CEBDB205AC3D4083703E148C24BD20E5563E41
:201FC0001FB12CBEECD623BE578C743C4E666DBCC1A5403EA961AF3DDF3FC13CA1DBAB3DDB
:201FE000A8715EBD00F5833D0E96303E3250D63C7AD63CBDECA2223C7BAB953DCC5C233D9D
:202000000E9BE2BD2F49EBBD232C02BDA261B03DCC2B2E3C5FFED63D8ABF363D768D203E6C
:20202000852B31BD35EB97BECF540D3EA35810BADA4E8ABDE684C43DAE419F3C15A9B53B08
:20204000C4DA17BDECE3B9BD86CB07BEC4C74BBE7424023E84DE25BEA82B5D3CB5F3303A84
:202060008114763E0238733D4CF37CBE4AF4853E702ECFBD895D6E3ECA16F2BBD979853C57
:202080000516653E97A39BBD3C4C613EBEC83EBD949138BD6E359FBDA6931BBDB8A5633E20
:2020A0004345F43D57AD363EBB4DEBBCC5B6A5BD303B053E315906BD40065E3E0062823D65
:2020C00001584C3DF1191EBD4ABE02BD3778BA3EDE30B6BD3F28CBBDADDB8E3DA68B5DBCBE
:2020E00073332E3E3167F83DE92C80BD0AFE22BCED6CC2BAC772823CE6F07DBD9025583EA2
:2021000095EF71BD3F787D3E3DADDEBC74391EBE7734CA3D5C45F1BC553756BE8BFDD03A5C
:20212000E026EA3B88E8BCBC35B1F83D5E762FBDCAD79A3E65E81EBE3007D7BDF611D73C2A
:20214000302C8D3D2E16F63C3FCECDBD7992F0BE14C59ABD98BED5BE34B19F3DA75E0ABDED
:20216000675A15BF74CF1D3D4F3DB9BE08BCDEBD3C52F73D08FF83BC91D8D2BEE08039BE73
:202180000864FE3D0F91113DBAF4E13DCB987B3CB7C42A3E6DCFEC3DFF30A8BEAE29ED3DE6
:2021A0008C7A00BE9808613D06FD203DFF7557BEC05813BDC9B22ABD4312413B0A2E353C70
:2021C000B30B8D3D13B25EBEF3F9CBBE698C79BEC2C9EB3C3673A23D94AEA6BC897260BB01
:2021E00095FDE43B4D35CEBE9563D73DF0B7273A9CBC1A3DCB0895BB1BBD5EBDDB6315BE36
:20220000AAF6B5BEDF54883D5312923DD5B83E3C3600953CA26D293EE93C86BD6B42663B45
:202220006EF51A3D7FC6A13E843CC2BE7C0FAD3DF57AAF3C29EEA5BE7CBB86BC5CF2C0BBF5
:202240002B80063D1EF2E63D5849ED3D0014E5BDCB0A963B5A402EBD221EADBD1A3C533E20
:202260002AD8AE3C369E68BE9067313DBF8F913B464B793D3F76C6BDAC01B33DCF101CBE24
:2022800082CB6E3E68761CBD9F6973BDC24559BEC21274BEFCAF03BC3CB52BBD1705CA3DCC
:2022A00094E6F6BD7438B1BD0373D4BBEDDD023E4D68A23C60E8FEBDFA6B063ECB559E3D8E
:2022C000140819BEA9782E3EF29D713CB1BFFF3D33EF6ABE3590A83DBF72D8BDE33119BEF1
:2022E000A81B4CBEA882823D34F9253D91F3AB3D2C35AD3C9536EE3D237B92BDBEA8C23C9C
:20230000E89D9EBCB6542BBD110EE23DDD30603DB8831B3E5343923D75F7403D83ACE4BD52
:202320009C7E90BD9A50D9BDF1A40D3D8337873D2362D43CA6A0163D18AE333E0DB3B3BDC4
:20234000898402BC36D41CBECE988B3EA194B33DCE7688BD6D94F73D4176753C576BD03D85
:2023600063655F3AEA09EA3D642FCABD18140C3C47843EBD9FC3F13D98C4093DBADE143D73
:20238000D4AC07BEBDA9E0BC6051CEBCE35C983EA703333D1D26BC3D8EA1003E00F3553D5E
:2023A00081CB0EBEF7903B3DE6A7EEBD4C9A12BE69DE42BEEB328C3DAA2A093DC1D8AE3C4E
:2023C000BA45203BC023643D2C35733EEF65853D517FF4BDE7A2193D814EE73CB82A83BA86
:2023E000F079C63D3CEEA43D2110B8BC920AAFBC8AB5FF3D0D735EBDC90E1B3E6D20E83DC2
:20240000F0C5E4BB80E6EE3DA8B4213E0B69483DCE7604BE1AF305BE54AF37BD68B423BD5A
:20242000263D023E29DC383EA5C2F03CE25C59BD8E25563B77A8313D600D473D1436B03D9E
:202440002201043EE38BB93D54C9F0BE8E7AE4BC5783CA3D9E8BF43D4A3E1DBF684907BF2A
:20246000F440FF3DB3E4D5BE767A08BF8678BB3B0B7182BED5D280BEB62E54BCA3336FBE7F
:202480002DF1CEBCBD1F513B999EC43DBD06DEBEB97E0C3ECB3798BD757124BF141426BDE9
:2024A000F8E7153E4081F7BE56251DBEFCFB1D3EC70ECDBE6B7DB8BE4464ABBDD6E0183EF2
:2024C0006542B63EFB6B43BED74C28BF00CB9CBEFFBEEFBE1C98B1BE80ED913EBAE4F8BEAE
:2024E0006F07183E2F62563ED306B53D269FBF3D387E173EC4DC16BD2D1017BFB8D641BE41
:202500000773DC3D9181E63DDA12203E3C5ED4BD15AF0B3EC033163E3BD4D5BEFB9EBD3DF5
:20252000603F10BFAB3B1BBF0814A03D896B4F3EE492A73D442F053D1471E73DD3381FBE53
:20254000301BFE3DCAC05D3D0D2AF3BEF8F40DBF0A64F83D11850BBF95A4983D4BBD863D55
:20256000BE1CF23D63F5BABEF522D13DAD2AA13DBD84143EAA2492BE10A0833E619361BD74
:2025800044278F3EB1DB85BE93DFAB3DC7D2DDBEB56604BFC46A32BF268384BEA116743E55
:2025A000B614063E6124A1BE232E09BCFF1A0D3E20A70EBED9A5D2BDDD28D4BEA8C3AEBDA2
:2025C0008E115DBE890D443E109D57BE574F87BE60A9303E632C0B3EB273C9BCBE67FD3D24
:2025E000C37649BEBD6C42BE2323043D4038A4BEA2B9E5BE9583DC3EAFEEF1BD24B1FF3D85
:20260000E0CBC43D7F15F33D7210EABE77689D3DD68AC53D98518F3DBC41283DF664B73DA0
:2026200033FC80BE780DD53D67C3713DB4CA0FBFBB69B13D85D47BBDB301D73D35E2A2BE90
:20264000792690BE0DEA293E2E57123DA6F6493EBB3E72BE0049203EA19ECE3DF10AE93DFD
:202660003DDA24BE5353F43DFA7EF33D88FF413E93A6363EB9660FBE93A2A8BD6F6736BEDF
:20268000C47B1FBFBEA5CBBD093823BFC647433EFB2AEABDE0E0033C260ADC3EFFF9C83E6E
:2026A000014CB03CCD8BB5BB6AD4F83EA39E823D63F7813C4DDFF13D28FDB43B556A39BF69
:2026C0008CDA50BDE4BF243EBCC6EABD2C0363BEAB8E06BF2A240D3E065283BE8EB4683BF4
:2026E000B12C7DBEF460CA3D2D2BDBBE50BA4F3E6EBC41BC83CFD0BEBAC2D8BC2CD7F6BE11
:20270000A69D65BE5B3224BFEBB343BFA50F6FBE4BB9E9BECC0B383E025A2D3D0C2185BE34
:20272000C718FB3D57815DBE2089BD3D100114BF000CE63C1AFC20BFF43EF1BDAA78583E4D
:20274000832E0D3E90BBF03D762EDA3DFEC4263E4E15E5BE98B2E53D9120A83D3CFE71BDB4
:20276000F29758BE2EFE19BD75DAF5BD82B30ABF601CCDBE42C16A3ED6DEEC391C5CD23EA6
:202780008701DCBEC5A3ADBE20BA85BEE86417BE8033213E67F5513DBACF84BE25D6463EC0
:2027A00082702ABE402B073E1B41803E684ECEBE06CD173D69399ABDBA8129BD45C203BF29
:2027C000DAE8ADBEF08598BE2A5CA63CA916073FA485373E6AB0FB3DB2DD90BE7D7DBD3DD3
:2027E000592042BEE19B59BD488A453D925C22BE72D6233EC4491EBE358F883E5F11D23D11
:202800005C923ABDD6B0803AB192A53ED952E53B2BFB14BE6C8F123ECFFB913D2B4D13BFFD
:2028200069F7D43DE189D53D097F943E032114BF753A28BF06E53BBF6C80EDBE16223EBE14
:20284000D8C78EBE636EACBECD3A6D3E50C8413E9490CABCD8CFF63DCB99DA3D30A8F23D03
:2028600023768A3D7CF2D33E7694FB3DF20AD1BD3B01F53D7915EB3DFDEEA2BEF8B8A8BE28
:20288000E96E7EBCA4C9B13D16EEADBEFC461F3E8D83B83D5B47043D6E0405BE183107BF12
:2028A000FAD36BBEFEC1363E950936BE84495FBE21DFC63EBB64803E0DD0B23E40D29B3DDB
:2028C00041AB21BEC4369DBD3999293F36CCB3BE68CBC43D7608023EFA254EBEC80FD23D29
:2028E000AC5C113EDD25323E684C26BEF948F6BC5C7D193EAEFF0ABF92AF613EC514FA3DEE
:20290000617C823DC459CE3DD9D48ABC91F5923D587FC63D3F661FBF3BA645BD8914AA3DE7
:2029200087F0CF3D53B1FA3DCD0BB6BEF23F813DFA2D913D2947323D9376903D8A63AD3D1D
:14294000BF64063E4003913CA19C5E3DFFB5FCBC9FF7713D84
:00000001FF
